2026-02-01 22:47:21,857 - INFO: Updated file: /Users/zachgonser/clawd/COMPLETE-PHASE-REVIEW.md
2026-02-01 22:47:21,857 - INFO: Changes: {
  "Clawdbot": "Echo"
}
2026-02-01 22:47:21,857 - INFO: Updated file: /Users/zachgonser/clawd/START-HERE.md
2026-02-01 22:47:21,857 - INFO: Changes: {
  "Clawdbot": "Echo"
}
2026-02-01 22:47:21,859 - INFO: Updated file: /Users/zachgonser/clawd/ECHO-GRAND-VISION.md
2026-02-01 22:47:21,859 - INFO: Changes: {
  "Clawdbot": "Echo"
}
2026-02-01 22:47:21,859 - INFO: Updated file: /Users/zachgonser/clawd/SKILLS-AUDIT-INDEX.md
2026-02-01 22:47:21,859 - INFO: Changes: {
  "Clawdbot": "Echo"
}
2026-02-01 22:47:21,861 - INFO: Updated file: /Users/zachgonser/clawd/plane_post_deployment_report_20260201_223309.json
2026-02-01 22:47:21,861 - INFO: Changes: {
  "Clawdbot": "Echo"
}
2026-02-01 22:47:21,863 - INFO: Updated file: /Users/zachgonser/clawd/QUALITY-REVIEW-REPORT.md
2026-02-01 22:47:21,863 - INFO: Changes: {
  "Clawdbot": "Echo"
}
2026-02-01 22:47:21,864 - INFO: Updated file: /Users/zachgonser/clawd/migration_log.txt
2026-02-01 22:47:21,864 - INFO: Changes: {
  "clawdbot": "echo"
}
2026-02-01 22:47:21,865 - INFO: Updated file: /Users/zachgonser/clawd/plane_mcp_test.py
2026-02-01 22:47:21,865 - INFO: Changes: {
  "clawdbot": "echo"
}
2026-02-01 22:47:21,865 - INFO: Updated file: /Users/zachgonser/clawd/ECHO-STAGE-BASED-ROADMAP.md
2026-02-01 22:47:21,865 - INFO: Changes: {
  "Clawdbot": "Echo"
}
2026-02-01 22:47:21,866 - INFO: Updated file: /Users/zachgonser/clawd/migration_report_20260201_224614.json
2026-02-01 22:47:21,866 - INFO: Changes: {
  "clawdbot": "echo"
}
2026-02-01 22:47:21,868 - INFO: Updated file: /Users/zachgonser/clawd/PHASE-4-EXECUTION.md
2026-02-01 22:47:21,868 - INFO: Changes: {
  "clawdbot": "echo",
  "Clawdbot": "Echo"
}
2026-02-01 22:47:21,868 - INFO: Updated file: /Users/zachgonser/clawd/AUDIT-COMPLETION-REPORT.md
2026-02-01 22:47:21,868 - INFO: Changes: {
  "Clawdbot": "Echo"
}
2026-02-01 22:47:21,869 - INFO: Updated file: /Users/zachgonser/clawd/PHASE-3-EXECUTION.md
2026-02-01 22:47:21,869 - INFO: Changes: {
  "Clawdbot": "Echo"
}
2026-02-01 22:47:21,870 - INFO: Updated file: /Users/zachgonser/clawd/MODEL-ORCHESTRATION-IMPLEMENTATION-PLAN.md
2026-02-01 22:47:21,870 - INFO: Changes: {
  "clawdbot": "echo",
  "Clawdbot": "Echo"
}
2026-02-01 22:47:21,871 - INFO: Updated file: /Users/zachgonser/clawd/PHASE-ZERO-EXECUTION.md
2026-02-01 22:47:21,871 - INFO: Changes: {
  "clawdbot": "echo"
}
2026-02-01 22:47:21,872 - INFO: Updated file: /Users/zachgonser/clawd/audit-skills.sh
2026-02-01 22:47:21,872 - INFO: Changes: {
  "clawdbot": "echo",
  "Clawdbot": "Echo"
}
2026-02-01 22:47:21,872 - INFO: Updated file: /Users/zachgonser/clawd/HEARTBEAT.md
2026-02-01 22:47:21,872 - INFO: Changes: {
  "clawdbot": "echo"
}
2026-02-01 22:47:21,874 - INFO: Updated file: /Users/zachgonser/clawd/PHASE-2-EXECUTION.md
2026-02-01 22:47:21,874 - INFO: Changes: {
  "Clawdbot": "Echo"
}
2026-02-01 22:47:21,875 - INFO: Updated file: /Users/zachgonser/clawd/PHASE-5-EXECUTION.md
2026-02-01 22:47:21,875 - INFO: Changes: {
  "Clawdbot": "Echo"
}
2026-02-01 22:47:21,876 - INFO: Updated file: /Users/zachgonser/clawd/comprehensive_migration_script.py
2026-02-01 22:47:21,876 - INFO: Changes: {
  "clawdbot": "echo"
}
2026-02-01 22:47:21,877 - INFO: Updated file: /Users/zachgonser/clawd/PHASE-1-STRATEGIC-PLAN.md
2026-02-01 22:47:21,877 - INFO: Changes: {
  "Clawdbot": "Echo"
}
2026-02-01 22:47:21,877 - INFO: Updated file: /Users/zachgonser/clawd/MODEL-ORCHESTRATION-MONITORING.md
2026-02-01 22:47:21,877 - INFO: Changes: {
  "clawdbot": "echo"
}
2026-02-01 22:47:21,878 - INFO: Updated file: /Users/zachgonser/clawd/migration_report_20260201_224548.json
2026-02-01 22:47:21,878 - INFO: Changes: {
  "clawdbot": "echo"
}
2026-02-01 22:47:21,883 - INFO: Updated file: /Users/zachgonser/clawd/DOCUMENTATION-STATUS.md
2026-02-01 22:47:21,883 - INFO: Changes: {
  "Clawdbot": "Echo"
}
2026-02-01 22:47:21,884 - INFO: Updated file: /Users/zachgonser/clawd/PHASE-7-EXECUTION.md
2026-02-01 22:47:21,884 - INFO: Changes: {
  "clawdbot": "echo",
  "Clawdbot": "Echo"
}
2026-02-01 22:47:21,885 - INFO: Updated file: /Users/zachgonser/clawd/ECHO-STRATEGIC-PLAN.md
2026-02-01 22:47:21,885 - INFO: Changes: {
  "Clawdbot": "Echo"
}
2026-02-01 22:47:21,886 - INFO: Updated file: /Users/zachgonser/clawd/SKILLS-QUICK-REF.md
2026-02-01 22:47:21,886 - INFO: Changes: {
  "Clawdbot": "Echo"
}
2026-02-01 22:47:21,886 - INFO: Updated file: /Users/zachgonser/clawd/PHASE-ZERO-COORDINATOR-REPORT.md
2026-02-01 22:47:21,886 - INFO: Changes: {
  "clawdbot": "echo"
}
2026-02-01 22:47:21,886 - INFO: Updated file: /Users/zachgonser/clawd/update_cron_jobs.py
2026-02-01 22:47:21,886 - INFO: Changes: {
  "clawdbot": "echo",
  "moltbot": "echo",
  "Clawdbot": "Echo",
  "Moltbot": "Echo"
}
2026-02-01 22:47:21,890 - INFO: Updated file: /Users/zachgonser/clawd/SKILLS-DETAILED-BREAKDOWN.md
2026-02-01 22:47:21,890 - INFO: Changes: {
  "Clawdbot": "Echo"
}
2026-02-01 22:47:21,891 - INFO: Updated file: /Users/zachgonser/clawd/CODING-AGENT-INTEGRATION.md
2026-02-01 22:47:21,891 - INFO: Changes: {
  "clawdbot": "echo"
}
2026-02-01 22:47:21,893 - INFO: Updated file: /Users/zachgonser/clawd/SKILLS-AUDIT-SUMMARY.md
2026-02-01 22:47:21,893 - INFO: Changes: {
  "Clawdbot": "Echo"
}
2026-02-01 22:47:21,894 - INFO: Updated file: /Users/zachgonser/clawd/PHASE-1-EXECUTION.md
2026-02-01 22:47:21,894 - INFO: Changes: {
  "clawdbot": "echo"
}
2026-02-01 22:47:21,894 - INFO: Updated file: /Users/zachgonser/clawd/PHASE-6-EXECUTION.md
2026-02-01 22:47:21,894 - INFO: Changes: {
  "Clawdbot": "Echo"
}
2026-02-01 22:47:21,895 - INFO: Updated file: /Users/zachgonser/clawd/plane_mcp_client.py
2026-02-01 22:47:21,895 - INFO: Changes: {
  "clawdbot": "echo"
}
2026-02-01 22:47:21,896 - INFO: Updated file: /Users/zachgonser/clawd/plane_post_deployment_report_20260201_224318.json
2026-02-01 22:47:21,896 - INFO: Changes: {
  "Clawdbot": "Echo"
}
2026-02-01 22:47:21,897 - INFO: Updated file: /Users/zachgonser/clawd/SKILLS-AUDIT-REPORT.md
2026-02-01 22:47:21,897 - INFO: Changes: {
  "Clawdbot": "Echo"
}
2026-02-01 22:47:21,897 - INFO: Updated file: /Users/zachgonser/clawd/plane-mcp-list-items.json
2026-02-01 22:47:21,897 - INFO: Changes: {
  "Clawdbot": "Echo"
}
2026-02-01 22:47:21,898 - INFO: Updated file: /Users/zachgonser/clawd/update_bot_references.py
2026-02-01 22:47:21,898 - INFO: Changes: {
  "clawdbot": "echo",
  "moltbot": "echo",
  "Clawdbot": "Echo",
  "Moltbot": "Echo"
}
2026-02-01 22:47:21,900 - INFO: Updated file: /Users/zachgonser/clawd/YOUR-MULTIMODEL-ARSENAL.md
2026-02-01 22:47:21,900 - INFO: Changes: {
  "Clawdbot": "Echo"
}
2026-02-01 22:47:21,901 - INFO: Updated file: /Users/zachgonser/clawd/OVERNIGHT-WORK-SUMMARY.md
2026-02-01 22:47:21,901 - INFO: Changes: {
  "Clawdbot": "Echo"
}
2026-02-01 22:47:21,901 - INFO: Updated file: /Users/zachgonser/clawd/INTEGRATION-SUMMARY.md
2026-02-01 22:47:21,901 - INFO: Changes: {
  "Clawdbot": "Echo"
}
2026-02-01 22:47:21,902 - INFO: Updated file: /Users/zachgonser/clawd/PRIVACY-FRAMEWORK.md
2026-02-01 22:47:21,902 - INFO: Changes: {
  "Clawdbot": "Echo"
}
2026-02-01 22:47:21,904 - INFO: Updated file: /Users/zachgonser/clawd/VALIDATION-SELF-HEALING-ARCHITECTURE.md
2026-02-01 22:47:21,904 - INFO: Changes: {
  "clawdbot": "echo"
}
2026-02-01 22:47:21,905 - INFO: Updated file: /Users/zachgonser/clawd/audit-skills.py
2026-02-01 22:47:21,905 - INFO: Changes: {
  "clawdbot": "echo",
  "Clawdbot": "Echo"
}
2026-02-01 22:47:21,908 - INFO: Updated file: /Users/zachgonser/clawd/documentation/plane-mcp-troubleshooting.md
2026-02-01 22:47:21,908 - INFO: Changes: {
  "Clawdbot": "Echo"
}
2026-02-01 22:47:21,909 - INFO: Updated file: /Users/zachgonser/clawd/monitor/DAY-7-DEPLOYMENT-COMPLETE.md
2026-02-01 22:47:21,909 - INFO: Changes: {
  "clawdbot": "echo"
}
2026-02-01 22:47:21,914 - INFO: Updated file: /Users/zachgonser/clawd/monitor/manage.sh
2026-02-01 22:47:21,914 - INFO: Changes: {
  "clawdbot": "echo"
}
2026-02-01 22:47:21,920 - INFO: Updated file: /Users/zachgonser/clawd/monitor/STATUS.md
2026-02-01 22:47:21,920 - INFO: Changes: {
  "Clawdbot": "Echo"
}
2026-02-01 22:47:21,921 - INFO: Updated file: /Users/zachgonser/clawd/monitor/DAY-7-SAFETY-ANALYSIS.md
2026-02-01 22:47:21,921 - INFO: Changes: {
  "clawdbot": "echo"
}
2026-02-01 22:47:21,922 - INFO: Updated file: /Users/zachgonser/clawd/monitor/CRITICAL-BUG-FIXED.md
2026-02-01 22:47:21,922 - INFO: Changes: {
  "Clawdbot": "Echo"
}
2026-02-01 22:47:21,922 - INFO: Updated file: /Users/zachgonser/clawd/monitor/test_deployment.sh
2026-02-01 22:47:21,922 - INFO: Changes: {
  "clawdbot": "echo"
}
2026-02-01 22:47:21,926 - INFO: Updated file: /Users/zachgonser/clawd/monitor/DEPLOYMENT.md
2026-02-01 22:47:21,926 - INFO: Changes: {
  "clawdbot": "echo"
}
2026-02-01 22:47:21,927 - INFO: Updated file: /Users/zachgonser/clawd/monitor/ALL-ISSUES-RESOLVED.md
2026-02-01 22:47:21,927 - INFO: Changes: {
  "clawdbot": "echo"
}
2026-02-01 22:47:21,928 - INFO: Updated file: /Users/zachgonser/clawd/monitor/DEPLOYMENT-SUCCESS.md
2026-02-01 22:47:21,928 - INFO: Changes: {
  "clawdbot": "echo"
}
2026-02-01 22:47:21,929 - INFO: Updated file: /Users/zachgonser/clawd/monitor/deploy.sh
2026-02-01 22:47:21,929 - INFO: Changes: {
  "clawdbot": "echo"
}
2026-02-01 22:47:21,937 - INFO: Updated file: /Users/zachgonser/clawd/monitor/monitor/healers/cron_healer.py
2026-02-01 22:47:21,937 - INFO: Changes: {
  "clawdbot": "echo"
}
2026-02-01 22:47:21,937 - INFO: Updated file: /Users/zachgonser/clawd/monitor/monitor/healers/gateway_healer.py
2026-02-01 22:47:21,937 - INFO: Changes: {
  "clawdbot": "echo"
}
2026-02-01 22:47:21,938 - INFO: Updated file: /Users/zachgonser/clawd/monitor/monitor/healers/disk_healer.py
2026-02-01 22:47:21,938 - INFO: Changes: {
  "clawdbot": "echo"
}
2026-02-01 22:47:21,940 - INFO: Updated file: /Users/zachgonser/clawd/monitor/monitor/detectors/gateway_detector.py
2026-02-01 22:47:21,940 - INFO: Changes: {
  "clawdbot": "echo",
  "Clawdbot": "Echo"
}
2026-02-01 22:47:21,941 - INFO: Updated file: /Users/zachgonser/clawd/monitor/monitor/detectors/cron_detector.py
2026-02-01 22:47:21,941 - INFO: Changes: {
  "clawdbot": "echo",
  "Clawdbot": "Echo"
}
2026-02-01 22:47:21,941 - INFO: Updated file: /Users/zachgonser/clawd/monitor/config/config.yaml
2026-02-01 22:47:21,941 - INFO: Changes: {
  "clawdbot": "echo"
}
2026-02-01 22:47:22,160 - INFO: Updated file: /Users/zachgonser/clawd/memory/bloom-cron-jobs-draft.md
2026-02-01 22:47:22,160 - INFO: Changes: {
  "clawdbot": "echo"
}
2026-02-01 22:47:22,160 - INFO: Updated file: /Users/zachgonser/clawd/memory/2026-02-01-plane-api-exploration.md
2026-02-01 22:47:22,160 - INFO: Changes: {
  "Clawdbot": "Echo"
}
2026-02-01 22:47:22,161 - INFO: Updated file: /Users/zachgonser/clawd/memory/2026-01-29.md
2026-02-01 22:47:22,161 - INFO: Changes: {
  "clawdbot": "echo"
}
2026-02-01 22:47:22,162 - INFO: Updated file: /Users/zachgonser/clawd/memory/2026-01-30-memory-optimization-analysis.md
2026-02-01 22:47:22,162 - INFO: Changes: {
  "clawdbot": "echo"
}
2026-02-01 22:47:22,162 - INFO: Updated file: /Users/zachgonser/clawd/memory/2026-01-30-ai-hardware-roadmap.md
2026-02-01 22:47:22,162 - INFO: Changes: {
  "Clawdbot": "Echo"
}
2026-02-01 22:47:22,162 - INFO: Updated file: /Users/zachgonser/clawd/memory/2026-01-29-mac-migration.md
2026-02-01 22:47:22,162 - INFO: Changes: {
  "clawdbot": "echo",
  "Clawdbot": "Echo"
}
2026-02-01 22:47:22,163 - INFO: Updated file: /Users/zachgonser/clawd/memory/2026-02-01-project-tracking-tool-selection.md
2026-02-01 22:47:22,163 - INFO: Changes: {
  "clawdbot": "echo",
  "Clawdbot": "Echo"
}
2026-02-01 22:47:22,164 - INFO: Updated file: /Users/zachgonser/clawd/memory/2026-01-31.md
2026-02-01 22:47:22,164 - INFO: Changes: {
  "clawdbot": "echo",
  "Clawdbot": "Echo"
}
2026-02-01 22:47:22,164 - INFO: Updated file: /Users/zachgonser/clawd/memory/2026-01-30-model-defaults.md
2026-02-01 22:47:22,164 - INFO: Changes: {
  "clawdbot": "echo"
}
2026-02-01 22:47:22,164 - INFO: Updated file: /Users/zachgonser/clawd/memory/audits/windows-deep-audit-2026-01-29.md
2026-02-01 22:47:22,165 - INFO: Changes: {
  "clawdbot": "echo",
  "Clawdbot": "Echo"
}
2026-02-01 22:47:22,165 - INFO: Updated file: /Users/zachgonser/clawd/memory/audits/windows-remediation-results-2026-01-30.md
2026-02-01 22:47:22,165 - INFO: Changes: {
  "clawdbot": "echo",
  "Clawdbot": "Echo"
}
2026-02-01 22:47:22,166 - INFO: Updated file: /Users/zachgonser/clawd/memory/audits/windows-config-audit-2026-01-30.md
2026-02-01 22:47:22,166 - INFO: Changes: {
  "clawdbot": "echo",
  "Clawdbot": "Echo"
}
2026-02-01 22:47:22,166 - INFO: Updated file: /Users/zachgonser/clawd/memory/audits/windows-remediation-summary-2026-01-30.md
2026-02-01 22:47:22,166 - INFO: Changes: {
  "clawdbot": "echo"
}
2026-02-01 22:47:22,170 - INFO: Updated file: /Users/zachgonser/clawd/memory/archives/2026-01-migration-complete.md
2026-02-01 22:47:22,170 - INFO: Changes: {
  "Clawdbot": "Echo"
}
2026-02-01 22:47:22,171 - INFO: Updated file: /Users/zachgonser/clawd/memory/archives/2026-01/2026-01-30-early-morning-work.md
2026-02-01 22:47:22,171 - INFO: Changes: {
  "clawdbot": "echo"
}
2026-02-01 22:47:22,172 - INFO: Updated file: /Users/zachgonser/clawd/memory/stanton-times/reaction-handler.md
2026-02-01 22:47:22,172 - INFO: Changes: {
  "Moltbot": "Echo"
}
2026-02-01 22:47:22,174 - INFO: Updated file: /Users/zachgonser/clawd/memory/bloom-audit/deep-dive-multiplayer.md
2026-02-01 22:47:22,174 - INFO: Changes: {
  "Clawdbot": "Echo"
}
2026-02-01 22:47:22,180 - INFO: Updated file: /Users/zachgonser/clawd/dashboard-integration/docs/integration_plan.md
2026-02-01 22:47:22,180 - INFO: Changes: {
  "clawdbot": "echo",
  "Clawdbot": "Echo"
}
2026-02-01 22:47:22,180 - INFO: Updated file: /Users/zachgonser/clawd/dashboard-integration/docs/architecture.txt
2026-02-01 22:47:22,180 - INFO: Changes: {
  "Clawdbot": "Echo"
}
2026-02-01 22:47:22,182 - INFO: Updated file: /Users/zachgonser/clawd/projects/stanton-times-agent/JOBS-UPDATE-COMPLETE.md
2026-02-01 22:47:22,182 - INFO: Changes: {
  "clawdbot": "echo"
}
2026-02-01 22:47:22,184 - INFO: Updated file: /Users/zachgonser/clawd/projects/stanton-times-agent/COMPREHENSIVE-REVIEW.md
2026-02-01 22:47:22,184 - INFO: Changes: {
  "clawdbot": "echo"
}
2026-02-01 22:47:22,185 - INFO: Updated file: /Users/zachgonser/clawd/projects/stanton-times-agent/config/reaction-handler.md
2026-02-01 22:47:22,185 - INFO: Changes: {
  "Moltbot": "Echo"
}
2026-02-01 22:47:22,188 - INFO: Updated file: /Users/zachgonser/clawd/tests/model-orchestration/PHASE-1-DEPLOYMENT.md
2026-02-01 22:47:22,188 - INFO: Changes: {
  "clawdbot": "echo"
}
2026-02-01 22:47:22,189 - INFO: Updated file: /Users/zachgonser/clawd/tests/model-orchestration/SAFEGUARDS.md
2026-02-01 22:47:22,189 - INFO: Changes: {
  "Clawdbot": "Echo"
}
2026-02-01 22:47:23,676 - INFO: Updated file: /Users/zachgonser/clawd/scripts/update-stantontimes-jobs.sh
2026-02-01 22:47:23,676 - INFO: Changes: {
  "clawdbot": "echo"
}
2026-02-01 22:47:23,677 - INFO: Updated file: /Users/zachgonser/clawd/scripts/plane-project-automation.sample.json
2026-02-01 22:47:23,677 - INFO: Changes: {
  "Clawdbot": "Echo"
}
2026-02-01 22:47:23,774 - INFO: Updated file: /Users/zachgonser/clawd/skills/README.md
2026-02-01 22:47:23,774 - INFO: Changes: {
  "Clawdbot": "Echo"
}
2026-02-01 22:47:23,777 - INFO: Updated file: /Users/zachgonser/clawd/skills/decision-trees/README.md
2026-02-01 22:47:23,777 - INFO: Changes: {
  "Clawdbot": "Echo"
}
2026-02-01 22:47:23,779 - INFO: Updated file: /Users/zachgonser/clawd/skills/save-money/SKILL.md
2026-02-01 22:47:23,779 - INFO: Changes: {
  "clawdbot": "echo"
}
2026-02-01 22:47:23,780 - INFO: Updated file: /Users/zachgonser/clawd/skills/simmer-copytrading/SKILL.md
2026-02-01 22:47:23,780 - INFO: Changes: {
  "clawdbot": "echo"
}
2026-02-01 22:47:23,780 - INFO: Updated file: /Users/zachgonser/clawd/skills/prezentit/SKILL.md
2026-02-01 22:47:23,781 - INFO: Changes: {
  "clawdbot": "echo",
  "Clawdbot": "Echo"
}
2026-02-01 22:47:23,781 - INFO: Updated file: /Users/zachgonser/clawd/skills/scripts/setup.sh
2026-02-01 22:47:23,782 - INFO: Changes: {
  "Clawdbot": "Echo"
}
2026-02-01 22:47:23,782 - INFO: Updated file: /Users/zachgonser/clawd/skills/scripts/security-audit.sh
2026-02-01 22:47:23,782 - INFO: Changes: {
  "clawdbot": "echo"
}
2026-02-01 22:47:23,782 - INFO: Updated file: /Users/zachgonser/clawd/skills/proactive-agent/SKILL.md
2026-02-01 22:47:23,782 - INFO: Changes: {
  "clawdbot": "echo",
  "Clawdbot": "Echo"
}
2026-02-01 22:47:23,783 - INFO: Updated file: /Users/zachgonser/clawd/skills/proactive-agent/scripts/security-audit.sh
2026-02-01 22:47:23,783 - INFO: Changes: {
  "clawdbot": "echo"
}
2026-02-01 22:47:23,783 - INFO: Updated file: /Users/zachgonser/clawd/skills/proactive-agent/assets/HEARTBEAT.md
2026-02-01 22:47:23,783 - INFO: Changes: {
  "clawdbot": "echo"
}
2026-02-01 22:47:23,784 - INFO: Updated file: /Users/zachgonser/clawd/skills/adhd-daily-planner/SKILL.md
2026-02-01 22:47:23,784 - INFO: Changes: {
  "moltbot": "echo"
}
2026-02-01 22:47:23,784 - INFO: Updated file: /Users/zachgonser/clawd/skills/project-management-guru-adhd/SKILL.md
2026-02-01 22:47:23,784 - INFO: Changes: {
  "moltbot": "echo"
}
2026-02-01 22:47:23,785 - INFO: Updated file: /Users/zachgonser/clawd/skills/para-second-brain/SKILL.md
2026-02-01 22:47:23,785 - INFO: Changes: {
  "Clawdbot": "Echo"
}
2026-02-01 22:47:23,785 - INFO: Updated file: /Users/zachgonser/clawd/skills/para-second-brain/scripts/setup.sh
2026-02-01 22:47:23,785 - INFO: Changes: {
  "Clawdbot": "Echo"
}
2026-02-01 22:47:23,786 - INFO: Updated file: /Users/zachgonser/clawd/skills/assets/HEARTBEAT.md
2026-02-01 22:47:23,786 - INFO: Changes: {
  "clawdbot": "echo"
}
2026-02-01 22:47:23,787 - INFO: Updated file: /Users/zachgonser/clawd/validation/infrastructure-methodology.md
2026-02-01 22:47:23,787 - INFO: Changes: {
  "clawdbot": "echo",
  "Clawdbot": "Echo"
}
2026-02-01 22:47:23,788 - INFO: Updated file: /Users/zachgonser/clawd/validation/business-units-methodology.md
2026-02-01 22:47:23,788 - INFO: Changes: {
  "clawdbot": "echo"
}
2026-02-01 22:47:23,789 - INFO: Updated file: /Users/zachgonser/clawd/validation/PHASE-ZERO-SUMMARY.md
2026-02-01 22:47:23,789 - INFO: Changes: {
  "clawdbot": "echo"
}
2026-02-01 22:47:23,894 - INFO: Updated file: /Users/zachgonser/.clawdbot/exec-approvals.json
2026-02-01 22:47:23,895 - INFO: Changes: {
  "clawdbot": "echo"
}
2026-02-01 22:47:23,899 - INFO: Updated file: /Users/zachgonser/.clawdbot/agents/main/sessions/sessions.json
2026-02-01 22:47:23,899 - INFO: Changes: {
  "clawdbot": "echo",
  "Clawdbot": "Echo"
}
2026-02-01 22:47:23,900 - INFO: Updated file: /Users/zachgonser/.clawdbot/devices/paired.json
2026-02-01 22:47:23,900 - INFO: Changes: {
  "clawdbot": "echo"
}
2026-02-01 22:47:23,915 - INFO: Updated file: /Users/zachgonser/.clawdbot/media/inbound/migration_archive/memory/stanton-times/reaction-handler.md
2026-02-01 22:47:23,916 - INFO: Changes: {
  "Moltbot": "Echo"
}
2026-02-01 22:47:23,921 - INFO: Updated file: /Users/zachgonser/.clawdbot/media/inbound/migration_archive/memory/bloom-audit/deep-dive-multiplayer.md
2026-02-01 22:47:23,921 - INFO: Changes: {
  "Clawdbot": "Echo"
}
2026-02-01 22:47:23,927 - INFO: Updated file: /Users/zachgonser/.clawdbot/media/inbound/migration_archive/skills/README.md
2026-02-01 22:47:23,927 - INFO: Changes: {
  "Clawdbot": "Echo"
}
2026-02-01 22:47:23,930 - INFO: Updated file: /Users/zachgonser/.clawdbot/media/inbound/migration_archive/skills/decision-trees/README.md
2026-02-01 22:47:23,930 - INFO: Changes: {
  "Clawdbot": "Echo"
}
2026-02-01 22:47:23,932 - INFO: Updated file: /Users/zachgonser/.clawdbot/media/inbound/migration_archive/skills/save-money/SKILL.md
2026-02-01 22:47:23,932 - INFO: Changes: {
  "clawdbot": "echo"
}
2026-02-01 22:47:23,933 - INFO: Updated file: /Users/zachgonser/.clawdbot/media/inbound/migration_archive/skills/simmer-copytrading/SKILL.md
2026-02-01 22:47:23,933 - INFO: Changes: {
  "clawdbot": "echo"
}
2026-02-01 22:47:23,933 - INFO: Updated file: /Users/zachgonser/.clawdbot/media/inbound/migration_archive/skills/prezentit/SKILL.md
2026-02-01 22:47:23,933 - INFO: Changes: {
  "clawdbot": "echo",
  "Clawdbot": "Echo"
}
2026-02-01 22:47:23,934 - INFO: Updated file: /Users/zachgonser/.clawdbot/media/inbound/migration_archive/skills/scripts/setup.sh
2026-02-01 22:47:23,934 - INFO: Changes: {
  "Clawdbot": "Echo"
}
2026-02-01 22:47:23,934 - INFO: Updated file: /Users/zachgonser/.clawdbot/media/inbound/migration_archive/skills/scripts/security-audit.sh
2026-02-01 22:47:23,934 - INFO: Changes: {
  "clawdbot": "echo"
}
2026-02-01 22:47:23,935 - INFO: Updated file: /Users/zachgonser/.clawdbot/media/inbound/migration_archive/skills/proactive-agent/SKILL.md
2026-02-01 22:47:23,935 - INFO: Changes: {
  "clawdbot": "echo",
  "Clawdbot": "Echo"
}
2026-02-01 22:47:23,935 - INFO: Updated file: /Users/zachgonser/.clawdbot/media/inbound/migration_archive/skills/proactive-agent/scripts/security-audit.sh
2026-02-01 22:47:23,935 - INFO: Changes: {
  "clawdbot": "echo"
}
2026-02-01 22:47:23,935 - INFO: Updated file: /Users/zachgonser/.clawdbot/media/inbound/migration_archive/skills/proactive-agent/assets/HEARTBEAT.md
2026-02-01 22:47:23,935 - INFO: Changes: {
  "clawdbot": "echo"
}
2026-02-01 22:47:23,936 - INFO: Updated file: /Users/zachgonser/.clawdbot/media/inbound/migration_archive/skills/adhd-daily-planner/SKILL.md
2026-02-01 22:47:23,936 - INFO: Changes: {
  "moltbot": "echo"
}
2026-02-01 22:47:23,937 - INFO: Updated file: /Users/zachgonser/.clawdbot/media/inbound/migration_archive/skills/project-management-guru-adhd/SKILL.md
2026-02-01 22:47:23,937 - INFO: Changes: {
  "moltbot": "echo"
}
2026-02-01 22:47:23,938 - INFO: Updated file: /Users/zachgonser/.clawdbot/media/inbound/migration_archive/skills/para-second-brain/SKILL.md
2026-02-01 22:47:23,938 - INFO: Changes: {
  "Clawdbot": "Echo"
}
2026-02-01 22:47:23,938 - INFO: Updated file: /Users/zachgonser/.clawdbot/media/inbound/migration_archive/skills/para-second-brain/scripts/setup.sh
2026-02-01 22:47:23,938 - INFO: Changes: {
  "Clawdbot": "Echo"
}
2026-02-01 22:47:23,938 - INFO: Updated file: /Users/zachgonser/.clawdbot/media/inbound/migration_archive/skills/assets/HEARTBEAT.md
2026-02-01 22:47:23,939 - INFO: Changes: {
  "clawdbot": "echo"
}
2026-02-01 22:47:23,943 - INFO: Updated file: /Users/zachgonser/Library/Application Support/Firefox/Profiles/9ez1stn7.default-release/targeting.snapshot.json
2026-02-01 22:47:23,943 - INFO: Changes: {
  "Clawdbot": "Echo"
}
2026-02-01 22:47:23,958 - ERROR: Error processing /Users/zachgonser/Library/Application Support/discord/Service Worker/CacheStorage/63fc7e4cfcc88165b53fe27bdbf48bdde7611b44/index.txt: 'utf-8' codec can't decode byte 0x80 in position 54: invalid start byte
2026-02-01 22:47:23,958 - ERROR: Error processing /Users/zachgonser/Library/Application Support/discord/Service Worker/CacheStorage/7d571773fef4871f82ca0457379cf2a39317562f/index.txt: 'utf-8' codec can't decode byte 0x80 in position 54: invalid start byte
2026-02-01 22:47:23,959 - INFO: Updated file: /Users/zachgonser/Library/Application Support/discord/sentry/scope_v3.json
2026-02-01 22:47:23,959 - INFO: Changes: {
  "Moltbot": "Echo"
}
2026-02-01 22:47:24,017 - ERROR: Error processing /Users/zachgonser/Library/Application Support/Google/Chrome/Default/Service Worker/CacheStorage/bd1c4d03a881bd4b56183475e9bd7806830c983b/index.txt: 'utf-8' codec can't decode byte 0x89 in position 1: invalid start byte
2026-02-01 22:47:24,650 - ERROR: Error processing /Users/zachgonser/Library/Application Support/obsidian/Service Worker/CacheStorage/c5da713306265d3ddb39d7826332dee09cc35b7d/index.txt: 'utf-8' codec can't decode byte 0x80 in position 61: invalid start byte
2026-02-01 22:47:24,653 - ERROR: Error processing /Users/zachgonser/Library/Daemon Containers/47155CAC-D33D-4816-9C66-B29BCC5C5BD8/Data/Library/Caches/com.apple.AppleMediaServices/sap-setup-cert.txt: 'utf-8' codec can't decode byte 0x82 in position 7: invalid start byte
2026-02-01 22:47:24,790 - INFO: Updated file: /Users/zachgonser/Library/Mobile Documents/iCloud~md~obsidian/Documents/Projects/SlurpNet/00_Project_Overview.md
2026-02-01 22:47:24,790 - INFO: Changes: {
  "clawdbot": "echo"
}
2026-02-01 22:47:24,792 - ERROR: Error processing /Users/zachgonser/Library/Mobile Documents/com~apple~CloudDocs/carta-backup-codes.txt: [Errno 11] Resource deadlock avoided
2026-02-01 22:47:24,792 - ERROR: Error processing /Users/zachgonser/Library/Mobile Documents/com~apple~CloudDocs/configuration.yml: [Errno 11] Resource deadlock avoided
2026-02-01 22:47:24,792 - ERROR: Error processing /Users/zachgonser/Library/Mobile Documents/com~apple~CloudDocs/text.txt: [Errno 11] Resource deadlock avoided
2026-02-01 22:47:24,793 - ERROR: Error processing /Users/zachgonser/Library/Mobile Documents/com~apple~CloudDocs/movies.yml: [Errno 11] Resource deadlock avoided
2026-02-01 22:47:24,793 - ERROR: Error processing /Users/zachgonser/Library/Mobile Documents/com~apple~CloudDocs/Downloads/[BakaBT.166649v0] [REVO] The Borrower Arrietty [BD,1080p,FLAC-Dual][10bit].txt: [Errno 11] Resource deadlock avoided
2026-02-01 22:47:24,793 - ERROR: Error processing /Users/zachgonser/Library/Mobile Documents/com~apple~CloudDocs/Downloads/secrets.yaml: [Errno 11] Resource deadlock avoided
2026-02-01 22:47:24,793 - ERROR: Error processing /Users/zachgonser/Library/Mobile Documents/com~apple~CloudDocs/Downloads/configuration.yaml: [Errno 11] Resource deadlock avoided
2026-02-01 22:47:24,793 - ERROR: Error processing /Users/zachgonser/Library/Mobile Documents/com~apple~CloudDocs/Downloads/Legends/1.0.0/atmosphere/contents/01001F5010DFA000/cheats/7FCAD279539DE183.txt: [Errno 11] Resource deadlock avoided
2026-02-01 22:47:24,794 - ERROR: Error processing /Users/zachgonser/Library/Mobile Documents/com~apple~CloudDocs/Downloads/Legends/1.0.1/atmosphere/contents/01001F5010DFA000/cheats/5E42071600D2BF1D.txt: [Errno 11] Resource deadlock avoided
2026-02-01 22:47:24,794 - ERROR: Error processing /Users/zachgonser/Library/Mobile Documents/com~apple~CloudDocs/Downloads/Legends/1.1.0/atmosphere/contents/01001F5010DFA000/cheats/66F15C281EFA7ADD.txt: [Errno 11] Resource deadlock avoided
2026-02-01 22:47:24,794 - ERROR: Error processing /Users/zachgonser/Library/Mobile Documents/com~apple~CloudDocs/Downloads/Legends/1.0.2/atmosphere/contents/01001F5010DFA000/cheats/BEF291F2639F7AFE.txt: [Errno 11] Resource deadlock avoided
2026-02-01 22:47:24,794 - ERROR: Error processing /Users/zachgonser/Library/Mobile Documents/com~apple~CloudDocs/Downloads/switch/tinfoil/socket.json: [Errno 11] Resource deadlock avoided
2026-02-01 22:47:24,794 - ERROR: Error processing /Users/zachgonser/Library/Mobile Documents/com~apple~CloudDocs/Downloads/switch/tinfoil/db/cheats.json: [Errno 11] Resource deadlock avoided
2026-02-01 22:47:24,794 - ERROR: Error processing /Users/zachgonser/Library/Mobile Documents/com~apple~CloudDocs/Downloads/switch/tinfoil/db/titles.US.en.json: [Errno 11] Resource deadlock avoided
2026-02-01 22:47:24,794 - ERROR: Error processing /Users/zachgonser/Library/Mobile Documents/iCloud~is~workflow~my~workflows/Documents/UpdateKit/Configuration.json: [Errno 11] Resource deadlock avoided
2026-02-01 22:47:24,794 - ERROR: Error processing /Users/zachgonser/Library/Mobile Documents/iCloud~is~workflow~my~workflows/Documents/Swing Updater/Configuration.json: [Errno 11] Resource deadlock avoided
2026-02-01 22:47:24,794 - ERROR: Error processing /Users/zachgonser/Library/Mobile Documents/iCloud~is~workflow~my~workflows/Documents/Swing Updater/Version.txt: [Errno 11] Resource deadlock avoided
2026-02-01 22:47:24,794 - ERROR: Error processing /Users/zachgonser/Library/Mobile Documents/iCloud~is~workflow~my~workflows/Documents/Swing Updater/SFU/Swing Updater.json: [Errno 11] Resource deadlock avoided
2026-02-01 22:47:24,801 - ERROR: Error processing /Users/zachgonser/Library/Containers/com.apple.weather.widget/Data/Library/Caches/com.apple.AppleMediaServices/sap-setup-cert.txt: 'utf-8' codec can't decode byte 0x82 in position 7: invalid start byte
2026-02-01 22:47:24,801 - ERROR: Error processing /Users/zachgonser/Library/Containers/com.apple.Safari/Data/Library/Caches/com.apple.AppleMediaServices/sap-setup-cert.txt: 'utf-8' codec can't decode byte 0x82 in position 7: invalid start byte
2026-02-01 22:47:24,801 - ERROR: Error processing /Users/zachgonser/Library/Containers/com.apple.AppStore/Data/Library/Caches/com.apple.AppleMediaServices/sap-setup-cert.txt: 'utf-8' codec can't decode byte 0x82 in position 7: invalid start byte
2026-02-01 22:47:24,861 - ERROR: Error processing /Users/zachgonser/Library/Containers/com.apple.stocks.widget/Data/Library/Caches/com.apple.AppleMediaServices/sap-setup-cert.txt: 'utf-8' codec can't decode byte 0x82 in position 7: invalid start byte
2026-02-01 22:47:25,463 - INFO: Updated file: /Users/zachgonser/Library/Caches/Homebrew/api/formula.jws.json
2026-02-01 22:47:25,463 - INFO: Changes: {
  "clawdbot": "echo"
}
2026-02-01 22:47:25,524 - INFO: Updated file: /Users/zachgonser/Library/Caches/Homebrew/api/cask.jws.json
2026-02-01 22:47:25,524 - INFO: Changes: {
  "clawdbot": "echo"
}
2026-02-01 22:47:25,731 - ERROR: Error processing /Users/zachgonser/Library/Caches/com.apple.AppleMediaServices/sap-setup-cert.txt: 'utf-8' codec can't decode byte 0x82 in position 7: invalid start byte
2026-02-01 22:47:25,733 - INFO: Update complete. Report saved to /Users/zachgonser/clawd/bot_reference_update_report.json
2026-02-01 22:47:49,437 - WARNING: Directory not found: /Users/zachgonser/.echo
2026-02-01 22:47:57,333 - INFO: Updated file: /Users/zachgonser/clawd/plane_project_setup.sh
2026-02-01 22:47:57,333 - INFO: Changes: {
  "echo": "echo"
}
2026-02-01 22:47:57,335 - INFO: Updated file: /Users/zachgonser/clawd/retrieve-plane-items.sh
2026-02-01 22:47:57,335 - INFO: Changes: {
  "echo": "echo"
}
2026-02-01 22:47:57,335 - INFO: Updated file: /Users/zachgonser/clawd/plane_project_resolution_strategy.py
2026-02-01 22:47:57,335 - INFO: Changes: {
  "echo": "echo"
}
2026-02-01 22:47:57,336 - INFO: Updated file: /Users/zachgonser/clawd/mcp-setup.sh
2026-02-01 22:47:57,336 - INFO: Changes: {
  "echo": "echo"
}
2026-02-01 22:47:57,336 - INFO: Updated file: /Users/zachgonser/clawd/COMPLETE-PHASE-REVIEW.md
2026-02-01 22:47:57,336 - INFO: Changes: {
  "Echo": "Echo"
}
2026-02-01 22:47:57,337 - INFO: Updated file: /Users/zachgonser/clawd/START-HERE.md
2026-02-01 22:47:57,337 - INFO: Changes: {
  "echo": "echo",
  "Echo": "Echo"
}
2026-02-01 22:47:57,337 - INFO: Updated file: /Users/zachgonser/clawd/plane_project_backup.sh
2026-02-01 22:47:57,337 - INFO: Changes: {
  "echo": "echo"
}
2026-02-01 22:47:57,338 - INFO: Updated file: /Users/zachgonser/clawd/ECHO-GRAND-VISION.md
2026-02-01 22:47:57,338 - INFO: Changes: {
  "Echo": "Echo"
}
2026-02-01 22:47:57,338 - INFO: Updated file: /Users/zachgonser/clawd/SKILLS-AUDIT-INDEX.md
2026-02-01 22:47:57,338 - INFO: Changes: {
  "Echo": "Echo"
}
2026-02-01 22:47:57,339 - INFO: Updated file: /Users/zachgonser/clawd/plane_post_deployment_report_20260201_223309.json
2026-02-01 22:47:57,339 - INFO: Changes: {
  "Echo": "Echo"
}
2026-02-01 22:47:57,339 - INFO: Updated file: /Users/zachgonser/clawd/plane_comprehensive_workflow.sh
2026-02-01 22:47:57,339 - INFO: Changes: {
  "echo": "echo"
}
2026-02-01 22:47:57,340 - INFO: Updated file: /Users/zachgonser/clawd/plane_autonomous_project_resolver.py
2026-02-01 22:47:57,340 - INFO: Changes: {
  "echo": "echo"
}
2026-02-01 22:47:57,340 - INFO: Updated file: /Users/zachgonser/clawd/QUALITY-REVIEW-REPORT.md
2026-02-01 22:47:57,340 - INFO: Changes: {
  "Echo": "Echo"
}
2026-02-01 22:47:57,341 - INFO: Updated file: /Users/zachgonser/clawd/migration_log.txt
2026-02-01 22:47:57,341 - INFO: Changes: {
  "echo": "echo"
}
2026-02-01 22:47:57,342 - INFO: Updated file: /Users/zachgonser/clawd/IDENTITY.md
2026-02-01 22:47:57,342 - INFO: Changes: {
  "Echo": "Echo"
}
2026-02-01 22:47:57,342 - INFO: Updated file: /Users/zachgonser/clawd/plane_mcp_test.py
2026-02-01 22:47:57,342 - INFO: Changes: {
  "echo": "echo"
}
2026-02-01 22:47:57,343 - INFO: Updated file: /Users/zachgonser/clawd/ECHO-STAGE-BASED-ROADMAP.md
2026-02-01 22:47:57,343 - INFO: Changes: {
  "Echo": "Echo"
}
2026-02-01 22:47:57,344 - INFO: Updated file: /Users/zachgonser/clawd/VALIDATION-AUTONOMY-IMPLEMENTATION.md
2026-02-01 22:47:57,344 - INFO: Changes: {
  "Echo": "Echo"
}
2026-02-01 22:47:57,344 - INFO: Updated file: /Users/zachgonser/clawd/migration_report_20260201_224614.json
2026-02-01 22:47:57,344 - INFO: Changes: {
  "echo": "echo"
}
2026-02-01 22:47:57,345 - INFO: Updated file: /Users/zachgonser/clawd/PHASE-4-EXECUTION.md
2026-02-01 22:47:57,345 - INFO: Changes: {
  "echo": "echo",
  "Echo": "Echo"
}
2026-02-01 22:47:57,345 - INFO: Updated file: /Users/zachgonser/clawd/AUDIT-COMPLETION-REPORT.md
2026-02-01 22:47:57,345 - INFO: Changes: {
  "Echo": "Echo"
}
2026-02-01 22:47:57,346 - INFO: Updated file: /Users/zachgonser/clawd/PHASE-3-EXECUTION.md
2026-02-01 22:47:57,346 - INFO: Changes: {
  "Echo": "Echo"
}
2026-02-01 22:47:57,346 - INFO: Updated file: /Users/zachgonser/clawd/STAGE-0-VALIDATION-REPORT.md
2026-02-01 22:47:57,346 - INFO: Changes: {
  "Echo": "Echo"
}
2026-02-01 22:47:57,347 - INFO: Updated file: /Users/zachgonser/clawd/MODEL-ORCHESTRATION-IMPLEMENTATION-PLAN.md
2026-02-01 22:47:57,347 - INFO: Changes: {
  "echo": "echo",
  "Echo": "Echo"
}
2026-02-01 22:47:57,347 - INFO: Updated file: /Users/zachgonser/clawd/plane-mcp-comprehensive-setup.sh
2026-02-01 22:47:57,347 - INFO: Changes: {
  "echo": "echo"
}
2026-02-01 22:47:57,348 - INFO: Updated file: /Users/zachgonser/clawd/PHASE-ZERO-EXECUTION.md
2026-02-01 22:47:57,348 - INFO: Changes: {
  "echo": "echo",
  "Echo": "Echo"
}
2026-02-01 22:47:57,348 - INFO: Updated file: /Users/zachgonser/clawd/audit-skills.sh
2026-02-01 22:47:57,348 - INFO: Changes: {
  "echo": "echo",
  "Echo": "Echo"
}
2026-02-01 22:47:57,348 - INFO: Updated file: /Users/zachgonser/clawd/HEARTBEAT.md
2026-02-01 22:47:57,348 - INFO: Changes: {
  "echo": "echo"
}
2026-02-01 22:47:57,349 - INFO: Updated file: /Users/zachgonser/clawd/FINANCIAL-MODELS.md
2026-02-01 22:47:57,349 - INFO: Changes: {
  "Echo": "Echo"
}
2026-02-01 22:47:57,351 - INFO: Updated file: /Users/zachgonser/clawd/PHASE-2-EXECUTION.md
2026-02-01 22:47:57,351 - INFO: Changes: {
  "Echo": "Echo"
}
2026-02-01 22:47:57,351 - INFO: Updated file: /Users/zachgonser/clawd/PHASE-5-EXECUTION.md
2026-02-01 22:47:57,351 - INFO: Changes: {
  "Echo": "Echo"
}
2026-02-01 22:47:57,351 - INFO: Updated file: /Users/zachgonser/clawd/comprehensive_migration_script.py
2026-02-01 22:47:57,351 - INFO: Changes: {
  "echo": "echo"
}
2026-02-01 22:47:57,352 - INFO: Updated file: /Users/zachgonser/clawd/financial-data.json
2026-02-01 22:47:57,352 - INFO: Changes: {
  "Echo": "Echo"
}
2026-02-01 22:47:57,352 - INFO: Updated file: /Users/zachgonser/clawd/PHASE-1-STRATEGIC-PLAN.md
2026-02-01 22:47:57,352 - INFO: Changes: {
  "echo": "echo",
  "Echo": "Echo"
}
2026-02-01 22:47:57,353 - INFO: Updated file: /Users/zachgonser/clawd/MODEL-ORCHESTRATION-MONITORING.md
2026-02-01 22:47:57,353 - INFO: Changes: {
  "echo": "echo"
}
2026-02-01 22:47:57,353 - INFO: Updated file: /Users/zachgonser/clawd/migration_report_20260201_224548.json
2026-02-01 22:47:57,353 - INFO: Changes: {
  "echo": "echo"
}
2026-02-01 22:47:57,353 - INFO: Updated file: /Users/zachgonser/clawd/DOCUMENTATION-STATUS.md
2026-02-01 22:47:57,353 - INFO: Changes: {
  "Echo": "Echo"
}
2026-02-01 22:47:57,353 - INFO: Updated file: /Users/zachgonser/clawd/migration_report_20260201_224749.json
2026-02-01 22:47:57,354 - INFO: Changes: {
  "echo": "echo"
}
2026-02-01 22:47:57,354 - INFO: Updated file: /Users/zachgonser/clawd/PHASE-7-EXECUTION.md
2026-02-01 22:47:57,354 - INFO: Changes: {
  "echo": "echo",
  "Echo": "Echo"
}
2026-02-01 22:47:57,355 - INFO: Updated file: /Users/zachgonser/clawd/ECHO-STRATEGIC-PLAN.md
2026-02-01 22:47:57,355 - INFO: Changes: {
  "Echo": "Echo"
}
2026-02-01 22:47:57,355 - INFO: Updated file: /Users/zachgonser/clawd/SKILLS-QUICK-REF.md
2026-02-01 22:47:57,355 - INFO: Changes: {
  "Echo": "Echo"
}
2026-02-01 22:47:57,355 - INFO: Updated file: /Users/zachgonser/clawd/PHASE-ZERO-COORDINATOR-REPORT.md
2026-02-01 22:47:57,355 - INFO: Changes: {
  "echo": "echo"
}
2026-02-01 22:47:57,355 - INFO: Updated file: /Users/zachgonser/clawd/update_cron_jobs.py
2026-02-01 22:47:57,355 - INFO: Changes: {
  "echo": "echo",
  "Echo": "Echo"
}
2026-02-01 22:47:57,356 - INFO: Updated file: /Users/zachgonser/clawd/SKILLS-DETAILED-BREAKDOWN.md
2026-02-01 22:47:57,356 - INFO: Changes: {
  "Echo": "Echo"
}
2026-02-01 22:47:57,357 - INFO: Updated file: /Users/zachgonser/clawd/CODING-AGENT-INTEGRATION.md
2026-02-01 22:47:57,357 - INFO: Changes: {
  "echo": "echo",
  "Echo": "Echo"
}
2026-02-01 22:47:57,357 - INFO: Updated file: /Users/zachgonser/clawd/plane-mcp-startup.sh
2026-02-01 22:47:57,357 - INFO: Changes: {
  "echo": "echo"
}
2026-02-01 22:47:57,357 - INFO: Updated file: /Users/zachgonser/clawd/SKILLS-AUDIT-SUMMARY.md
2026-02-01 22:47:57,357 - INFO: Changes: {
  "echo": "echo",
  "Echo": "Echo"
}
2026-02-01 22:47:57,358 - INFO: Updated file: /Users/zachgonser/clawd/PHASE-1-EXECUTION.md
2026-02-01 22:47:57,358 - INFO: Changes: {
  "echo": "echo"
}
2026-02-01 22:47:57,358 - INFO: Updated file: /Users/zachgonser/clawd/PHASE-6-EXECUTION.md
2026-02-01 22:47:57,358 - INFO: Changes: {
  "Echo": "Echo"
}
2026-02-01 22:47:57,358 - INFO: Updated file: /Users/zachgonser/clawd/plane_mcp_client.py
2026-02-01 22:47:57,358 - INFO: Changes: {
  "echo": "echo"
}
2026-02-01 22:47:57,359 - INFO: Updated file: /Users/zachgonser/clawd/VALIDATION-REPORT.md
2026-02-01 22:47:57,359 - INFO: Changes: {
  "Echo": "Echo"
}
2026-02-01 22:47:57,359 - INFO: Updated file: /Users/zachgonser/clawd/plane_post_deployment_report_20260201_224318.json
2026-02-01 22:47:57,359 - INFO: Changes: {
  "Echo": "Echo"
}
2026-02-01 22:47:57,360 - INFO: Updated file: /Users/zachgonser/clawd/SKILLS-AUDIT-REPORT.md
2026-02-01 22:47:57,360 - INFO: Changes: {
  "Echo": "Echo"
}
2026-02-01 22:47:57,360 - INFO: Updated file: /Users/zachgonser/clawd/STAGE-1-BUSINESS-ANALYSIS.md
2026-02-01 22:47:57,360 - INFO: Changes: {
  "Echo": "Echo"
}
2026-02-01 22:47:57,360 - INFO: Updated file: /Users/zachgonser/clawd/plane-mcp-list-items.json
2026-02-01 22:47:57,360 - INFO: Changes: {
  "Echo": "Echo"
}
2026-02-01 22:47:57,361 - INFO: Updated file: /Users/zachgonser/clawd/DUAL-TRACK-EXECUTION-PLAN.md
2026-02-01 22:47:57,361 - INFO: Changes: {
  "Echo": "Echo"
}
2026-02-01 22:47:57,361 - INFO: Updated file: /Users/zachgonser/clawd/update_bot_references.py
2026-02-01 22:47:57,361 - INFO: Changes: {
  "echo": "echo",
  "Echo": "Echo"
}
2026-02-01 22:47:57,362 - INFO: Updated file: /Users/zachgonser/clawd/YOUR-MULTIMODEL-ARSENAL.md
2026-02-01 22:47:57,362 - INFO: Changes: {
  "Echo": "Echo"
}
2026-02-01 22:47:57,362 - INFO: Updated file: /Users/zachgonser/clawd/OVERNIGHT-WORK-SUMMARY.md
2026-02-01 22:47:57,362 - INFO: Changes: {
  "Echo": "Echo"
}
2026-02-01 22:47:57,362 - INFO: Updated file: /Users/zachgonser/clawd/INTEGRATION-SUMMARY.md
2026-02-01 22:47:57,362 - INFO: Changes: {
  "Echo": "Echo"
}
2026-02-01 22:47:57,363 - INFO: Updated file: /Users/zachgonser/clawd/mcp-comprehensive-setup.sh
2026-02-01 22:47:57,363 - INFO: Changes: {
  "echo": "echo"
}
2026-02-01 22:47:57,363 - INFO: Updated file: /Users/zachgonser/clawd/PRIVACY-FRAMEWORK.md
2026-02-01 22:47:57,363 - INFO: Changes: {
  "Echo": "Echo"
}
2026-02-01 22:47:57,364 - INFO: Updated file: /Users/zachgonser/clawd/VALIDATION-SELF-HEALING-ARCHITECTURE.md
2026-02-01 22:47:57,364 - INFO: Changes: {
  "echo": "echo",
  "Echo": "Echo"
}
2026-02-01 22:47:57,364 - INFO: Updated file: /Users/zachgonser/clawd/audit-skills.py
2026-02-01 22:47:57,364 - INFO: Changes: {
  "echo": "echo",
  "Echo": "Echo"
}
2026-02-01 22:47:57,365 - INFO: Updated file: /Users/zachgonser/clawd/documentation/plane-mcp-troubleshooting.md
2026-02-01 22:47:57,365 - INFO: Changes: {
  "Echo": "Echo"
}
2026-02-01 22:47:57,366 - INFO: Updated file: /Users/zachgonser/clawd/monitor/DAY-7-DEPLOYMENT-COMPLETE.md
2026-02-01 22:47:57,366 - INFO: Changes: {
  "echo": "echo",
  "Echo": "Echo"
}
2026-02-01 22:47:57,367 - INFO: Updated file: /Users/zachgonser/clawd/monitor/GO-LIVE-PLAN.md
2026-02-01 22:47:57,367 - INFO: Changes: {
  "echo": "echo"
}
2026-02-01 22:47:57,367 - INFO: Updated file: /Users/zachgonser/clawd/monitor/QUALITY-REVIEW.md
2026-02-01 22:47:57,367 - INFO: Changes: {
  "Echo": "Echo"
}
2026-02-01 22:47:57,368 - INFO: Updated file: /Users/zachgonser/clawd/monitor/DEPLOYMENT-CHECKLIST.md
2026-02-01 22:47:57,368 - INFO: Changes: {
  "Echo": "Echo"
}
2026-02-01 22:47:57,369 - INFO: Updated file: /Users/zachgonser/clawd/monitor/DEEP-CODE-REVIEW.md
2026-02-01 22:47:57,369 - INFO: Changes: {
  "Echo": "Echo"
}
2026-02-01 22:47:57,369 - INFO: Updated file: /Users/zachgonser/clawd/monitor/manage.sh
2026-02-01 22:47:57,369 - INFO: Changes: {
  "echo": "echo"
}
2026-02-01 22:47:57,369 - INFO: Updated file: /Users/zachgonser/clawd/monitor/STATUS.md
2026-02-01 22:47:57,369 - INFO: Changes: {
  "Echo": "Echo"
}
2026-02-01 22:47:57,370 - INFO: Updated file: /Users/zachgonser/clawd/monitor/DAY-7-SAFETY-ANALYSIS.md
2026-02-01 22:47:57,370 - INFO: Changes: {
  "echo": "echo"
}
2026-02-01 22:47:57,370 - INFO: Updated file: /Users/zachgonser/clawd/monitor/CRITICAL-BUG-FIXED.md
2026-02-01 22:47:57,370 - INFO: Changes: {
  "Echo": "Echo"
}
2026-02-01 22:47:57,371 - INFO: Updated file: /Users/zachgonser/clawd/monitor/test_deployment.sh
2026-02-01 22:47:57,371 - INFO: Changes: {
  "echo": "echo"
}
2026-02-01 22:47:57,371 - INFO: Updated file: /Users/zachgonser/clawd/monitor/README.md
2026-02-01 22:47:57,371 - INFO: Changes: {
  "Echo": "Echo"
}
2026-02-01 22:47:57,372 - INFO: Updated file: /Users/zachgonser/clawd/monitor/setup.py
2026-02-01 22:47:57,372 - INFO: Changes: {
  "Echo": "Echo"
}
2026-02-01 22:47:57,372 - INFO: Updated file: /Users/zachgonser/clawd/monitor/DEPLOYMENT.md
2026-02-01 22:47:57,372 - INFO: Changes: {
  "echo": "echo"
}
2026-02-01 22:47:57,373 - INFO: Updated file: /Users/zachgonser/clawd/monitor/ALL-ISSUES-RESOLVED.md
2026-02-01 22:47:57,373 - INFO: Changes: {
  "echo": "echo"
}
2026-02-01 22:47:57,373 - INFO: Updated file: /Users/zachgonser/clawd/monitor/DEPLOYMENT-SUCCESS.md
2026-02-01 22:47:57,373 - INFO: Changes: {
  "echo": "echo"
}
2026-02-01 22:47:57,373 - INFO: Updated file: /Users/zachgonser/clawd/monitor/test_dry_run.sh
2026-02-01 22:47:57,373 - INFO: Changes: {
  "echo": "echo"
}
2026-02-01 22:47:57,374 - INFO: Updated file: /Users/zachgonser/clawd/monitor/deploy.sh
2026-02-01 22:47:57,374 - INFO: Changes: {
  "echo": "echo"
}
2026-02-01 22:47:57,376 - INFO: Updated file: /Users/zachgonser/clawd/monitor/VERIFICATION-COMPLETE.md
2026-02-01 22:47:57,376 - INFO: Changes: {
  "Echo": "Echo"
}
2026-02-01 22:47:57,379 - INFO: Updated file: /Users/zachgonser/clawd/monitor/monitor/healers/cron_healer.py
2026-02-01 22:47:57,379 - INFO: Changes: {
  "echo": "echo"
}
2026-02-01 22:47:57,379 - INFO: Updated file: /Users/zachgonser/clawd/monitor/monitor/healers/gateway_healer.py
2026-02-01 22:47:57,379 - INFO: Changes: {
  "echo": "echo"
}
2026-02-01 22:47:57,379 - INFO: Updated file: /Users/zachgonser/clawd/monitor/monitor/healers/disk_healer.py
2026-02-01 22:47:57,379 - INFO: Changes: {
  "echo": "echo"
}
2026-02-01 22:47:57,381 - INFO: Updated file: /Users/zachgonser/clawd/monitor/monitor/detectors/gateway_detector.py
2026-02-01 22:47:57,381 - INFO: Changes: {
  "echo": "echo",
  "Echo": "Echo"
}
2026-02-01 22:47:57,381 - INFO: Updated file: /Users/zachgonser/clawd/monitor/monitor/detectors/cron_detector.py
2026-02-01 22:47:57,381 - INFO: Changes: {
  "echo": "echo",
  "Echo": "Echo"
}
2026-02-01 22:47:57,381 - INFO: Updated file: /Users/zachgonser/clawd/monitor/config/config.yaml
2026-02-01 22:47:57,381 - INFO: Changes: {
  "echo": "echo"
}
2026-02-01 22:47:57,382 - INFO: Updated file: /Users/zachgonser/clawd/monitor/scripts/start-monitor.sh
2026-02-01 22:47:57,382 - INFO: Changes: {
  "echo": "echo"
}
2026-02-01 22:47:57,382 - INFO: Updated file: /Users/zachgonser/clawd/monitor/scripts/status-monitor.sh
2026-02-01 22:47:57,382 - INFO: Changes: {
  "echo": "echo"
}
2026-02-01 22:47:57,382 - INFO: Updated file: /Users/zachgonser/clawd/monitor/scripts/stop-monitor.sh
2026-02-01 22:47:57,383 - INFO: Changes: {
  "echo": "echo"
}
2026-02-01 22:47:57,398 - INFO: Updated file: /Users/zachgonser/clawd/monitor/venv/lib/python3.9/site-packages/dotenv/cli.py
2026-02-01 22:47:57,398 - INFO: Changes: {
  "echo": "echo"
}
2026-02-01 22:47:57,411 - INFO: Updated file: /Users/zachgonser/clawd/monitor/venv/lib/python3.9/site-packages/pygments/lexers/rebol.py
2026-02-01 22:47:57,411 - INFO: Changes: {
  "echo": "echo"
}
2026-02-01 22:47:57,419 - INFO: Updated file: /Users/zachgonser/clawd/monitor/venv/lib/python3.9/site-packages/pygments/lexers/_scilab_builtins.py
2026-02-01 22:47:57,419 - INFO: Changes: {
  "echo": "echo"
}
2026-02-01 22:47:57,420 - INFO: Updated file: /Users/zachgonser/clawd/monitor/venv/lib/python3.9/site-packages/pygments/lexers/j.py
2026-02-01 22:47:57,420 - INFO: Changes: {
  "echo": "echo"
}
2026-02-01 22:47:57,425 - INFO: Updated file: /Users/zachgonser/clawd/monitor/venv/lib/python3.9/site-packages/pygments/lexers/_php_builtins.py
2026-02-01 22:47:57,425 - INFO: Changes: {
  "echo": "echo"
}
2026-02-01 22:47:57,426 - INFO: Updated file: /Users/zachgonser/clawd/monitor/venv/lib/python3.9/site-packages/pygments/lexers/shell.py
2026-02-01 22:47:57,426 - INFO: Changes: {
  "echo": "echo"
}
2026-02-01 22:47:57,427 - INFO: Updated file: /Users/zachgonser/clawd/monitor/venv/lib/python3.9/site-packages/pygments/lexers/scripting.py
2026-02-01 22:47:57,427 - INFO: Changes: {
  "echo": "echo"
}
2026-02-01 22:47:57,429 - INFO: Updated file: /Users/zachgonser/clawd/monitor/venv/lib/python3.9/site-packages/pygments/lexers/matlab.py
2026-02-01 22:47:57,429 - INFO: Changes: {
  "echo": "echo"
}
2026-02-01 22:47:57,429 - INFO: Updated file: /Users/zachgonser/clawd/monitor/venv/lib/python3.9/site-packages/pygments/lexers/_vim_builtins.py
2026-02-01 22:47:57,429 - INFO: Changes: {
  "echo": "echo"
}
2026-02-01 22:47:57,430 - INFO: Updated file: /Users/zachgonser/clawd/monitor/venv/lib/python3.9/site-packages/pygments/lexers/teraterm.py
2026-02-01 22:47:57,430 - INFO: Changes: {
  "echo": "echo"
}
2026-02-01 22:47:57,432 - INFO: Updated file: /Users/zachgonser/clawd/monitor/venv/lib/python3.9/site-packages/pygments/lexers/ncl.py
2026-02-01 22:47:57,432 - INFO: Changes: {
  "echo": "echo"
}
2026-02-01 22:47:57,435 - INFO: Updated file: /Users/zachgonser/clawd/monitor/venv/lib/python3.9/site-packages/pygments/lexers/_lasso_builtins.py
2026-02-01 22:47:57,435 - INFO: Changes: {
  "echo": "echo"
}
2026-02-01 22:47:57,437 - INFO: Updated file: /Users/zachgonser/clawd/monitor/venv/lib/python3.9/site-packages/pygments/lexers/installers.py
2026-02-01 22:47:57,437 - INFO: Changes: {
  "echo": "echo"
}
2026-02-01 22:47:57,439 - INFO: Updated file: /Users/zachgonser/clawd/monitor/venv/lib/python3.9/site-packages/pygments/lexers/gleam.py
2026-02-01 22:47:57,439 - INFO: Changes: {
  "echo": "echo"
}
2026-02-01 22:47:57,440 - INFO: Updated file: /Users/zachgonser/clawd/monitor/venv/lib/python3.9/site-packages/pygments/lexers/_cl_builtins.py
2026-02-01 22:47:57,440 - INFO: Changes: {
  "echo": "echo"
}
2026-02-01 22:47:57,443 - INFO: Updated file: /Users/zachgonser/clawd/monitor/venv/lib/python3.9/site-packages/pygments/lexers/php.py
2026-02-01 22:47:57,443 - INFO: Changes: {
  "echo": "echo"
}
2026-02-01 22:47:57,444 - INFO: Updated file: /Users/zachgonser/clawd/monitor/venv/lib/python3.9/site-packages/pygments/lexers/praat.py
2026-02-01 22:47:57,444 - INFO: Changes: {
  "echo": "echo"
}
2026-02-01 22:47:57,447 - INFO: Updated file: /Users/zachgonser/clawd/monitor/venv/lib/python3.9/site-packages/pygments/lexers/openscad.py
2026-02-01 22:47:57,447 - INFO: Changes: {
  "echo": "echo"
}
2026-02-01 22:47:57,449 - INFO: Updated file: /Users/zachgonser/clawd/monitor/venv/lib/python3.9/site-packages/pygments/lexers/macaulay2.py
2026-02-01 22:47:57,449 - INFO: Changes: {
  "echo": "echo",
  "Echo": "Echo"
}
2026-02-01 22:47:57,524 - INFO: Updated file: /Users/zachgonser/clawd/monitor/venv/lib/python3.9/site-packages/pip/_vendor/chardet/hebrewprober.py
2026-02-01 22:47:57,524 - INFO: Changes: {
  "echo": "echo"
}
2026-02-01 22:47:57,616 - INFO: Updated file: /Users/zachgonser/clawd/monitor/venv/lib/python3.9/site-packages/_pytest/_argcomplete.py
2026-02-01 22:47:57,616 - INFO: Changes: {
  "echo": "echo"
}
2026-02-01 22:47:57,617 - INFO: Updated file: /Users/zachgonser/clawd/monitor/venv/lib/python3.9/site-packages/_pytest/capture.py
2026-02-01 22:47:57,617 - INFO: Changes: {
  "echo": "echo"
}
2026-02-01 22:47:57,626 - INFO: Updated file: /Users/zachgonser/clawd/memory/bloom-cron-jobs-draft.md
2026-02-01 22:47:57,626 - INFO: Changes: {
  "echo": "echo"
}
2026-02-01 22:47:57,626 - INFO: Updated file: /Users/zachgonser/clawd/memory/2026-02-01-plane-api-exploration.md
2026-02-01 22:47:57,626 - INFO: Changes: {
  "Echo": "Echo"
}
2026-02-01 22:47:57,627 - INFO: Updated file: /Users/zachgonser/clawd/memory/2026-01-29.md
2026-02-01 22:47:57,627 - INFO: Changes: {
  "echo": "echo"
}
2026-02-01 22:47:57,627 - INFO: Updated file: /Users/zachgonser/clawd/memory/2026-01-30-memory-optimization-analysis.md
2026-02-01 22:47:57,627 - INFO: Changes: {
  "echo": "echo"
}
2026-02-01 22:47:57,627 - INFO: Updated file: /Users/zachgonser/clawd/memory/2026-01-30-ai-hardware-roadmap.md
2026-02-01 22:47:57,627 - INFO: Changes: {
  "Echo": "Echo"
}
2026-02-01 22:47:57,628 - INFO: Updated file: /Users/zachgonser/clawd/memory/2026-01-29-mac-migration.md
2026-02-01 22:47:57,628 - INFO: Changes: {
  "echo": "echo",
  "Echo": "Echo"
}
2026-02-01 22:47:57,628 - INFO: Updated file: /Users/zachgonser/clawd/memory/2026-02-01-project-tracking-tool-selection.md
2026-02-01 22:47:57,628 - INFO: Changes: {
  "echo": "echo",
  "Echo": "Echo"
}
2026-02-01 22:47:57,629 - INFO: Updated file: /Users/zachgonser/clawd/memory/2026-01-31.md
2026-02-01 22:47:57,629 - INFO: Changes: {
  "echo": "echo",
  "Echo": "Echo"
}
2026-02-01 22:47:57,629 - INFO: Updated file: /Users/zachgonser/clawd/memory/2026-01-30-model-defaults.md
2026-02-01 22:47:57,629 - INFO: Changes: {
  "echo": "echo"
}
2026-02-01 22:47:57,629 - INFO: Updated file: /Users/zachgonser/clawd/memory/zach-principles.md
2026-02-01 22:47:57,629 - INFO: Changes: {
  "Echo": "Echo"
}
2026-02-01 22:47:57,630 - INFO: Updated file: /Users/zachgonser/clawd/memory/audits/windows-deep-audit-2026-01-29.md
2026-02-01 22:47:57,630 - INFO: Changes: {
  "echo": "echo",
  "Echo": "Echo"
}
2026-02-01 22:47:57,630 - INFO: Updated file: /Users/zachgonser/clawd/memory/audits/windows-remediation-results-2026-01-30.md
2026-02-01 22:47:57,630 - INFO: Changes: {
  "echo": "echo",
  "Echo": "Echo"
}
2026-02-01 22:47:57,630 - INFO: Updated file: /Users/zachgonser/clawd/memory/audits/windows-config-audit-2026-01-30.md
2026-02-01 22:47:57,630 - INFO: Changes: {
  "echo": "echo",
  "Echo": "Echo"
}
2026-02-01 22:47:57,630 - INFO: Updated file: /Users/zachgonser/clawd/memory/audits/windows-remediation-summary-2026-01-30.md
2026-02-01 22:47:57,630 - INFO: Changes: {
  "echo": "echo"
}
2026-02-01 22:47:57,631 - INFO: Updated file: /Users/zachgonser/clawd/memory/projects/richness-upgrade.md
2026-02-01 22:47:57,631 - INFO: Changes: {
  "Echo": "Echo"
}
2026-02-01 22:47:57,635 - INFO: Updated file: /Users/zachgonser/clawd/memory/archives/2026-01-migration-complete.md
2026-02-01 22:47:57,635 - INFO: Changes: {
  "Echo": "Echo"
}
2026-02-01 22:47:57,635 - INFO: Updated file: /Users/zachgonser/clawd/memory/archives/2026-01/2026-01-30-early-morning-work.md
2026-02-01 22:47:57,635 - INFO: Changes: {
  "echo": "echo"
}
2026-02-01 22:47:57,635 - INFO: Updated file: /Users/zachgonser/clawd/memory/stanton-times/reaction-handler.md
2026-02-01 22:47:57,635 - INFO: Changes: {
  "Echo": "Echo"
}
2026-02-01 22:47:57,635 - INFO: Updated file: /Users/zachgonser/clawd/memory/stanton-times/spectrum-sources.md
2026-02-01 22:47:57,635 - INFO: Changes: {
  "echo": "echo"
}
2026-02-01 22:47:57,636 - INFO: Updated file: /Users/zachgonser/clawd/memory/bloom-audit/BLOOM-RECOMMENDATIONS-2026-01-28.md
2026-02-01 22:47:57,636 - INFO: Changes: {
  "Echo": "Echo"
}
2026-02-01 22:47:57,637 - INFO: Updated file: /Users/zachgonser/clawd/memory/bloom-audit/DEEP-DOCUMENTATION-ANALYSIS.md
2026-02-01 22:47:57,637 - INFO: Changes: {
  "echo": "echo"
}
2026-02-01 22:47:57,637 - INFO: Updated file: /Users/zachgonser/clawd/memory/bloom-audit/deep-dive-multiplayer.md
2026-02-01 22:47:57,637 - INFO: Changes: {
  "Echo": "Echo"
}
2026-02-01 22:47:57,638 - INFO: Updated file: /Users/zachgonser/clawd/memory/bloom-audit/AUDIT-SUMMARY.md
2026-02-01 22:47:57,638 - INFO: Changes: {
  "Echo": "Echo"
}
2026-02-01 22:47:57,639 - INFO: Updated file: /Users/zachgonser/clawd/memory/bloom-audit/DEEP-DIVE-VALIDATION-3.md
2026-02-01 22:47:57,639 - INFO: Changes: {
  "Echo": "Echo"
}
2026-02-01 22:47:57,639 - INFO: Updated file: /Users/zachgonser/clawd/memory/bloom-audit/DEEP-DIVE-VALIDATION-2.md
2026-02-01 22:47:57,639 - INFO: Changes: {
  "Echo": "Echo"
}
2026-02-01 22:47:57,640 - INFO: Updated file: /Users/zachgonser/clawd/dashboard-integration/docs/integration_plan.md
2026-02-01 22:47:57,640 - INFO: Changes: {
  "echo": "echo",
  "Echo": "Echo"
}
2026-02-01 22:47:57,641 - INFO: Updated file: /Users/zachgonser/clawd/dashboard-integration/docs/architecture.txt
2026-02-01 22:47:57,641 - INFO: Changes: {
  "Echo": "Echo"
}
2026-02-01 22:47:57,642 - INFO: Updated file: /Users/zachgonser/clawd/projects/stanton-times-agent/IDENTITY.md
2026-02-01 22:47:57,642 - INFO: Changes: {
  "echo": "echo"
}
2026-02-01 22:47:57,642 - INFO: Updated file: /Users/zachgonser/clawd/projects/stanton-times-agent/JOBS-UPDATE-COMPLETE.md
2026-02-01 22:47:57,642 - INFO: Changes: {
  "echo": "echo"
}
2026-02-01 22:47:57,643 - INFO: Updated file: /Users/zachgonser/clawd/projects/stanton-times-agent/HEARTBEAT.md
2026-02-01 22:47:57,643 - INFO: Changes: {
  "echo": "echo"
}
2026-02-01 22:47:57,644 - INFO: Updated file: /Users/zachgonser/clawd/projects/stanton-times-agent/SOUL.md
2026-02-01 22:47:57,644 - INFO: Changes: {
  "echo": "echo"
}
2026-02-01 22:47:57,645 - INFO: Updated file: /Users/zachgonser/clawd/projects/stanton-times-agent/COMPREHENSIVE-REVIEW.md
2026-02-01 22:47:57,645 - INFO: Changes: {
  "echo": "echo"
}
2026-02-01 22:47:57,646 - INFO: Updated file: /Users/zachgonser/clawd/projects/stanton-times-agent/config/reaction-handler.md
2026-02-01 22:47:57,646 - INFO: Changes: {
  "Echo": "Echo"
}
2026-02-01 22:47:57,647 - INFO: Updated file: /Users/zachgonser/clawd/projects/stanton-times-agent/config/spectrum-sources.md
2026-02-01 22:47:57,647 - INFO: Changes: {
  "echo": "echo"
}
2026-02-01 22:47:57,648 - INFO: Updated file: /Users/zachgonser/clawd/tests/model-orchestration/test-1-monitoring.sh
2026-02-01 22:47:57,648 - INFO: Changes: {
  "echo": "echo"
}
2026-02-01 22:47:57,649 - INFO: Updated file: /Users/zachgonser/clawd/tests/model-orchestration/run-all-tests.sh
2026-02-01 22:47:57,649 - INFO: Changes: {
  "echo": "echo"
}
2026-02-01 22:47:57,649 - INFO: Updated file: /Users/zachgonser/clawd/tests/model-orchestration/PHASE-1-DEPLOYMENT.md
2026-02-01 22:47:57,649 - INFO: Changes: {
  "echo": "echo"
}
2026-02-01 22:47:57,649 - INFO: Updated file: /Users/zachgonser/clawd/tests/model-orchestration/test-1-simple.sh
2026-02-01 22:47:57,649 - INFO: Changes: {
  "echo": "echo"
}
2026-02-01 22:47:57,650 - INFO: Updated file: /Users/zachgonser/clawd/tests/model-orchestration/safe-ollama-call.sh
2026-02-01 22:47:57,650 - INFO: Changes: {
  "echo": "echo"
}
2026-02-01 22:47:57,651 - INFO: Updated file: /Users/zachgonser/clawd/tests/model-orchestration/test1-8b.sh
2026-02-01 22:47:57,651 - INFO: Changes: {
  "echo": "echo"
}
2026-02-01 22:47:57,651 - INFO: Updated file: /Users/zachgonser/clawd/tests/model-orchestration/SAFEGUARDS.md
2026-02-01 22:47:57,651 - INFO: Changes: {
  "Echo": "Echo"
}
2026-02-01 22:47:57,665 - INFO: Updated file: /Users/zachgonser/clawd/plane-mcp-server/.venv/lib/python3.10/site-packages/dotenv/cli.py
2026-02-01 22:47:57,665 - INFO: Changes: {
  "echo": "echo"
}
2026-02-01 22:47:57,672 - INFO: Updated file: /Users/zachgonser/clawd/plane-mcp-server/.venv/lib/python3.10/site-packages/pygments/lexers/rebol.py
2026-02-01 22:47:57,672 - INFO: Changes: {
  "echo": "echo"
}
2026-02-01 22:47:57,677 - INFO: Updated file: /Users/zachgonser/clawd/plane-mcp-server/.venv/lib/python3.10/site-packages/pygments/lexers/_scilab_builtins.py
2026-02-01 22:47:57,677 - INFO: Changes: {
  "echo": "echo"
}
2026-02-01 22:47:57,677 - INFO: Updated file: /Users/zachgonser/clawd/plane-mcp-server/.venv/lib/python3.10/site-packages/pygments/lexers/j.py
2026-02-01 22:47:57,677 - INFO: Changes: {
  "echo": "echo"
}
2026-02-01 22:47:57,681 - INFO: Updated file: /Users/zachgonser/clawd/plane-mcp-server/.venv/lib/python3.10/site-packages/pygments/lexers/_php_builtins.py
2026-02-01 22:47:57,681 - INFO: Changes: {
  "echo": "echo"
}
2026-02-01 22:47:57,681 - INFO: Updated file: /Users/zachgonser/clawd/plane-mcp-server/.venv/lib/python3.10/site-packages/pygments/lexers/shell.py
2026-02-01 22:47:57,681 - INFO: Changes: {
  "echo": "echo"
}
2026-02-01 22:47:57,682 - INFO: Updated file: /Users/zachgonser/clawd/plane-mcp-server/.venv/lib/python3.10/site-packages/pygments/lexers/scripting.py
2026-02-01 22:47:57,682 - INFO: Changes: {
  "echo": "echo"
}
2026-02-01 22:47:57,683 - INFO: Updated file: /Users/zachgonser/clawd/plane-mcp-server/.venv/lib/python3.10/site-packages/pygments/lexers/matlab.py
2026-02-01 22:47:57,683 - INFO: Changes: {
  "echo": "echo"
}
2026-02-01 22:47:57,684 - INFO: Updated file: /Users/zachgonser/clawd/plane-mcp-server/.venv/lib/python3.10/site-packages/pygments/lexers/_vim_builtins.py
2026-02-01 22:47:57,684 - INFO: Changes: {
  "echo": "echo"
}
2026-02-01 22:47:57,684 - INFO: Updated file: /Users/zachgonser/clawd/plane-mcp-server/.venv/lib/python3.10/site-packages/pygments/lexers/teraterm.py
2026-02-01 22:47:57,684 - INFO: Changes: {
  "echo": "echo"
}
2026-02-01 22:47:57,685 - INFO: Updated file: /Users/zachgonser/clawd/plane-mcp-server/.venv/lib/python3.10/site-packages/pygments/lexers/ncl.py
2026-02-01 22:47:57,685 - INFO: Changes: {
  "echo": "echo"
}
2026-02-01 22:47:57,686 - INFO: Updated file: /Users/zachgonser/clawd/plane-mcp-server/.venv/lib/python3.10/site-packages/pygments/lexers/_lasso_builtins.py
2026-02-01 22:47:57,686 - INFO: Changes: {
  "echo": "echo"
}
2026-02-01 22:47:57,687 - INFO: Updated file: /Users/zachgonser/clawd/plane-mcp-server/.venv/lib/python3.10/site-packages/pygments/lexers/installers.py
2026-02-01 22:47:57,687 - INFO: Changes: {
  "echo": "echo"
}
2026-02-01 22:47:57,688 - INFO: Updated file: /Users/zachgonser/clawd/plane-mcp-server/.venv/lib/python3.10/site-packages/pygments/lexers/gleam.py
2026-02-01 22:47:57,688 - INFO: Changes: {
  "echo": "echo"
}
2026-02-01 22:47:57,689 - INFO: Updated file: /Users/zachgonser/clawd/plane-mcp-server/.venv/lib/python3.10/site-packages/pygments/lexers/_cl_builtins.py
2026-02-01 22:47:57,689 - INFO: Changes: {
  "echo": "echo"
}
2026-02-01 22:47:57,690 - INFO: Updated file: /Users/zachgonser/clawd/plane-mcp-server/.venv/lib/python3.10/site-packages/pygments/lexers/php.py
2026-02-01 22:47:57,690 - INFO: Changes: {
  "echo": "echo"
}
2026-02-01 22:47:57,691 - INFO: Updated file: /Users/zachgonser/clawd/plane-mcp-server/.venv/lib/python3.10/site-packages/pygments/lexers/praat.py
2026-02-01 22:47:57,691 - INFO: Changes: {
  "echo": "echo"
}
2026-02-01 22:47:57,692 - INFO: Updated file: /Users/zachgonser/clawd/plane-mcp-server/.venv/lib/python3.10/site-packages/pygments/lexers/openscad.py
2026-02-01 22:47:57,692 - INFO: Changes: {
  "echo": "echo"
}
2026-02-01 22:47:57,692 - INFO: Updated file: /Users/zachgonser/clawd/plane-mcp-server/.venv/lib/python3.10/site-packages/pygments/lexers/macaulay2.py
2026-02-01 22:47:57,692 - INFO: Changes: {
  "echo": "echo",
  "Echo": "Echo"
}
2026-02-01 22:47:57,702 - INFO: Updated file: /Users/zachgonser/clawd/plane-mcp-server/.venv/lib/python3.10/site-packages/typer/completion.py
2026-02-01 22:47:57,702 - INFO: Changes: {
  "echo": "echo"
}
2026-02-01 22:47:57,702 - INFO: Updated file: /Users/zachgonser/clawd/plane-mcp-server/.venv/lib/python3.10/site-packages/typer/__init__.py
2026-02-01 22:47:57,702 - INFO: Changes: {
  "echo": "echo"
}
2026-02-01 22:47:57,702 - INFO: Updated file: /Users/zachgonser/clawd/plane-mcp-server/.venv/lib/python3.10/site-packages/typer/core.py
2026-02-01 22:47:57,702 - INFO: Changes: {
  "echo": "echo"
}
2026-02-01 22:47:57,703 - INFO: Updated file: /Users/zachgonser/clawd/plane-mcp-server/.venv/lib/python3.10/site-packages/typer/rich_utils.py
2026-02-01 22:47:57,703 - INFO: Changes: {
  "echo": "echo"
}
2026-02-01 22:47:57,703 - INFO: Updated file: /Users/zachgonser/clawd/plane-mcp-server/.venv/lib/python3.10/site-packages/typer/_completion_shared.py
2026-02-01 22:47:57,703 - INFO: Changes: {
  "echo": "echo"
}
2026-02-01 22:47:57,703 - INFO: Updated file: /Users/zachgonser/clawd/plane-mcp-server/.venv/lib/python3.10/site-packages/typer/cli.py
2026-02-01 22:47:57,704 - INFO: Changes: {
  "echo": "echo"
}
2026-02-01 22:47:57,714 - INFO: Updated file: /Users/zachgonser/clawd/plane-mcp-server/.venv/lib/python3.10/site-packages/docutils/parsers/rst/languages/pl.py
2026-02-01 22:47:57,714 - INFO: Changes: {
  "echo": "echo"
}
2026-02-01 22:47:57,720 - INFO: Updated file: /Users/zachgonser/clawd/plane-mcp-server/.venv/lib/python3.10/site-packages/docutils/languages/pl.py
2026-02-01 22:47:57,720 - INFO: Changes: {
  "echo": "echo"
}
2026-02-01 22:47:57,753 - INFO: Updated file: /Users/zachgonser/clawd/plane-mcp-server/.venv/lib/python3.10/site-packages/redis/commands/core.py
2026-02-01 22:47:57,753 - INFO: Changes: {
  "echo": "echo",
  "Echo": "Echo"
}
2026-02-01 22:47:57,779 - INFO: Updated file: /Users/zachgonser/clawd/plane-mcp-server/.venv/lib/python3.10/site-packages/fastmcp/contrib/bulk_tool_caller/example.py
2026-02-01 22:47:57,779 - INFO: Changes: {
  "echo": "echo",
  "Echo": "Echo"
}
2026-02-01 22:47:57,782 - INFO: Updated file: /Users/zachgonser/clawd/plane-mcp-server/.venv/lib/python3.10/site-packages/click/_winconsole.py
2026-02-01 22:47:57,782 - INFO: Changes: {
  "echo": "echo"
}
2026-02-01 22:47:57,783 - INFO: Updated file: /Users/zachgonser/clawd/plane-mcp-server/.venv/lib/python3.10/site-packages/click/globals.py
2026-02-01 22:47:57,783 - INFO: Changes: {
  "echo": "echo"
}
2026-02-01 22:47:57,783 - INFO: Updated file: /Users/zachgonser/clawd/plane-mcp-server/.venv/lib/python3.10/site-packages/click/__init__.py
2026-02-01 22:47:57,783 - INFO: Changes: {
  "echo": "echo"
}
2026-02-01 22:47:57,784 - INFO: Updated file: /Users/zachgonser/clawd/plane-mcp-server/.venv/lib/python3.10/site-packages/click/core.py
2026-02-01 22:47:57,784 - INFO: Changes: {
  "echo": "echo"
}
2026-02-01 22:47:57,784 - INFO: Updated file: /Users/zachgonser/clawd/plane-mcp-server/.venv/lib/python3.10/site-packages/click/termui.py
2026-02-01 22:47:57,784 - INFO: Changes: {
  "echo": "echo",
  "Echo": "Echo"
}
2026-02-01 22:47:57,785 - INFO: Updated file: /Users/zachgonser/clawd/plane-mcp-server/.venv/lib/python3.10/site-packages/click/utils.py
2026-02-01 22:47:57,785 - INFO: Changes: {
  "echo": "echo"
}
2026-02-01 22:47:57,785 - INFO: Updated file: /Users/zachgonser/clawd/plane-mcp-server/.venv/lib/python3.10/site-packages/click/exceptions.py
2026-02-01 22:47:57,785 - INFO: Changes: {
  "echo": "echo"
}
2026-02-01 22:47:57,785 - INFO: Updated file: /Users/zachgonser/clawd/plane-mcp-server/.venv/lib/python3.10/site-packages/click/shell_completion.py
2026-02-01 22:47:57,785 - INFO: Changes: {
  "echo": "echo"
}
2026-02-01 22:47:57,787 - INFO: Updated file: /Users/zachgonser/clawd/plane-mcp-server/.venv/lib/python3.10/site-packages/click/_termui_impl.py
2026-02-01 22:47:57,787 - INFO: Changes: {
  "echo": "echo"
}
2026-02-01 22:47:57,787 - INFO: Updated file: /Users/zachgonser/clawd/plane-mcp-server/.venv/lib/python3.10/site-packages/click/testing.py
2026-02-01 22:47:57,787 - INFO: Changes: {
  "echo": "echo",
  "Echo": "Echo"
}
2026-02-01 22:47:57,787 - INFO: Updated file: /Users/zachgonser/clawd/plane-mcp-server/.venv/lib/python3.10/site-packages/click/decorators.py
2026-02-01 22:47:57,787 - INFO: Changes: {
  "echo": "echo"
}
2026-02-01 22:47:57,788 - INFO: Updated file: /Users/zachgonser/clawd/plane-mcp-server/.venv/lib/python3.10/site-packages/websockets/protocol.py
2026-02-01 22:47:57,788 - INFO: Changes: {
  "echo": "echo",
  "Echo": "Echo"
}
2026-02-01 22:47:57,789 - INFO: Updated file: /Users/zachgonser/clawd/plane-mcp-server/.venv/lib/python3.10/site-packages/websockets/legacy/protocol.py
2026-02-01 22:47:57,789 - INFO: Changes: {
  "echo": "echo",
  "Echo": "Echo"
}
2026-02-01 22:47:57,812 - INFO: Updated file: /Users/zachgonser/clawd/plane-mcp-server/.venv/lib/python3.10/site-packages/pip/_vendor/chardet/hebrewprober.py
2026-02-01 22:47:57,812 - INFO: Changes: {
  "echo": "echo"
}
2026-02-01 22:47:57,826 - INFO: Updated file: /Users/zachgonser/clawd/plane-mcp-server/.venv/lib/python3.10/site-packages/fakeredis/commands.json
2026-02-01 22:47:57,827 - INFO: Changes: {
  "echo": "echo"
}
2026-02-01 22:47:57,828 - INFO: Updated file: /Users/zachgonser/clawd/plane-mcp-server/.venv/lib/python3.10/site-packages/fakeredis/commands_mixins/connection_mixin.py
2026-02-01 22:47:57,828 - INFO: Changes: {
  "echo": "echo"
}
2026-02-01 22:47:57,847 - INFO: Updated file: /Users/zachgonser/clawd/plane-mcp-server/.venv/lib/python3.10/site-packages/uvicorn/main.py
2026-02-01 22:47:57,847 - INFO: Changes: {
  "echo": "echo"
}
2026-02-01 22:47:57,862 - INFO: Updated file: /Users/zachgonser/clawd/plane-mcp-server/.venv/lib/python3.10/site-packages/setuptools/tests/test_wheel.py
2026-02-01 22:47:57,862 - INFO: Changes: {
  "echo": "echo"
}
2026-02-01 22:47:57,887 - INFO: Updated file: /Users/zachgonser/clawd/plane-mcp-server/.github/workflows/build-branch.yml
2026-02-01 22:47:57,887 - INFO: Changes: {
  "echo": "echo"
}
2026-02-01 22:47:57,888 - INFO: Updated file: /Users/zachgonser/clawd/plane-mcp-server/.github/workflows/publish-pypi.yml
2026-02-01 22:47:57,888 - INFO: Changes: {
  "echo": "echo"
}
2026-02-01 22:47:57,896 - INFO: Updated file: /Users/zachgonser/clawd/plane-mcp-server/venv/lib/python3.9/site-packages/pip/_vendor/chardet/hebrewprober.py
2026-02-01 22:47:57,896 - INFO: Changes: {
  "echo": "echo"
}
2026-02-01 22:47:57,913 - INFO: Updated file: /Users/zachgonser/clawd/.venv/mcp-server/lib/python3.10/site-packages/dotenv/cli.py
2026-02-01 22:47:57,913 - INFO: Changes: {
  "echo": "echo"
}
2026-02-01 22:47:57,915 - INFO: Updated file: /Users/zachgonser/clawd/.venv/mcp-server/lib/python3.10/site-packages/pygments/lexers/rebol.py
2026-02-01 22:47:57,915 - INFO: Changes: {
  "echo": "echo"
}
2026-02-01 22:47:57,917 - INFO: Updated file: /Users/zachgonser/clawd/.venv/mcp-server/lib/python3.10/site-packages/pygments/lexers/_scilab_builtins.py
2026-02-01 22:47:57,917 - INFO: Changes: {
  "echo": "echo"
}
2026-02-01 22:47:57,918 - INFO: Updated file: /Users/zachgonser/clawd/.venv/mcp-server/lib/python3.10/site-packages/pygments/lexers/j.py
2026-02-01 22:47:57,918 - INFO: Changes: {
  "echo": "echo"
}
2026-02-01 22:47:57,919 - INFO: Updated file: /Users/zachgonser/clawd/.venv/mcp-server/lib/python3.10/site-packages/pygments/lexers/_php_builtins.py
2026-02-01 22:47:57,919 - INFO: Changes: {
  "echo": "echo"
}
2026-02-01 22:47:57,920 - INFO: Updated file: /Users/zachgonser/clawd/.venv/mcp-server/lib/python3.10/site-packages/pygments/lexers/shell.py
2026-02-01 22:47:57,920 - INFO: Changes: {
  "echo": "echo"
}
2026-02-01 22:47:57,920 - INFO: Updated file: /Users/zachgonser/clawd/.venv/mcp-server/lib/python3.10/site-packages/pygments/lexers/scripting.py
2026-02-01 22:47:57,920 - INFO: Changes: {
  "echo": "echo"
}
2026-02-01 22:47:57,922 - INFO: Updated file: /Users/zachgonser/clawd/.venv/mcp-server/lib/python3.10/site-packages/pygments/lexers/matlab.py
2026-02-01 22:47:57,922 - INFO: Changes: {
  "echo": "echo"
}
2026-02-01 22:47:57,922 - INFO: Updated file: /Users/zachgonser/clawd/.venv/mcp-server/lib/python3.10/site-packages/pygments/lexers/_vim_builtins.py
2026-02-01 22:47:57,922 - INFO: Changes: {
  "echo": "echo"
}
2026-02-01 22:47:57,922 - INFO: Updated file: /Users/zachgonser/clawd/.venv/mcp-server/lib/python3.10/site-packages/pygments/lexers/teraterm.py
2026-02-01 22:47:57,922 - INFO: Changes: {
  "echo": "echo"
}
2026-02-01 22:47:57,923 - INFO: Updated file: /Users/zachgonser/clawd/.venv/mcp-server/lib/python3.10/site-packages/pygments/lexers/ncl.py
2026-02-01 22:47:57,923 - INFO: Changes: {
  "echo": "echo"
}
2026-02-01 22:47:57,924 - INFO: Updated file: /Users/zachgonser/clawd/.venv/mcp-server/lib/python3.10/site-packages/pygments/lexers/_lasso_builtins.py
2026-02-01 22:47:57,924 - INFO: Changes: {
  "echo": "echo"
}
2026-02-01 22:47:57,924 - INFO: Updated file: /Users/zachgonser/clawd/.venv/mcp-server/lib/python3.10/site-packages/pygments/lexers/installers.py
2026-02-01 22:47:57,924 - INFO: Changes: {
  "echo": "echo"
}
2026-02-01 22:47:57,925 - INFO: Updated file: /Users/zachgonser/clawd/.venv/mcp-server/lib/python3.10/site-packages/pygments/lexers/gleam.py
2026-02-01 22:47:57,925 - INFO: Changes: {
  "echo": "echo"
}
2026-02-01 22:47:57,926 - INFO: Updated file: /Users/zachgonser/clawd/.venv/mcp-server/lib/python3.10/site-packages/pygments/lexers/_cl_builtins.py
2026-02-01 22:47:57,926 - INFO: Changes: {
  "echo": "echo"
}
2026-02-01 22:47:57,927 - INFO: Updated file: /Users/zachgonser/clawd/.venv/mcp-server/lib/python3.10/site-packages/pygments/lexers/php.py
2026-02-01 22:47:57,927 - INFO: Changes: {
  "echo": "echo"
}
2026-02-01 22:47:57,927 - INFO: Updated file: /Users/zachgonser/clawd/.venv/mcp-server/lib/python3.10/site-packages/pygments/lexers/praat.py
2026-02-01 22:47:57,927 - INFO: Changes: {
  "echo": "echo"
}
2026-02-01 22:47:57,928 - INFO: Updated file: /Users/zachgonser/clawd/.venv/mcp-server/lib/python3.10/site-packages/pygments/lexers/openscad.py
2026-02-01 22:47:57,928 - INFO: Changes: {
  "echo": "echo"
}
2026-02-01 22:47:57,929 - INFO: Updated file: /Users/zachgonser/clawd/.venv/mcp-server/lib/python3.10/site-packages/pygments/lexers/macaulay2.py
2026-02-01 22:47:57,929 - INFO: Changes: {
  "echo": "echo",
  "Echo": "Echo"
}
2026-02-01 22:47:57,934 - INFO: Updated file: /Users/zachgonser/clawd/.venv/mcp-server/lib/python3.10/site-packages/typer/completion.py
2026-02-01 22:47:57,934 - INFO: Changes: {
  "echo": "echo"
}
2026-02-01 22:47:57,934 - INFO: Updated file: /Users/zachgonser/clawd/.venv/mcp-server/lib/python3.10/site-packages/typer/__init__.py
2026-02-01 22:47:57,934 - INFO: Changes: {
  "echo": "echo"
}
2026-02-01 22:47:57,934 - INFO: Updated file: /Users/zachgonser/clawd/.venv/mcp-server/lib/python3.10/site-packages/typer/core.py
2026-02-01 22:47:57,934 - INFO: Changes: {
  "echo": "echo"
}
2026-02-01 22:47:57,935 - INFO: Updated file: /Users/zachgonser/clawd/.venv/mcp-server/lib/python3.10/site-packages/typer/rich_utils.py
2026-02-01 22:47:57,935 - INFO: Changes: {
  "echo": "echo"
}
2026-02-01 22:47:57,935 - INFO: Updated file: /Users/zachgonser/clawd/.venv/mcp-server/lib/python3.10/site-packages/typer/_completion_shared.py
2026-02-01 22:47:57,935 - INFO: Changes: {
  "echo": "echo"
}
2026-02-01 22:47:57,935 - INFO: Updated file: /Users/zachgonser/clawd/.venv/mcp-server/lib/python3.10/site-packages/typer/cli.py
2026-02-01 22:47:57,935 - INFO: Changes: {
  "echo": "echo"
}
2026-02-01 22:47:57,938 - INFO: Updated file: /Users/zachgonser/clawd/.venv/mcp-server/lib/python3.10/site-packages/docutils/parsers/rst/languages/pl.py
2026-02-01 22:47:57,938 - INFO: Changes: {
  "echo": "echo"
}
2026-02-01 22:47:57,941 - INFO: Updated file: /Users/zachgonser/clawd/.venv/mcp-server/lib/python3.10/site-packages/docutils/languages/pl.py
2026-02-01 22:47:57,941 - INFO: Changes: {
  "echo": "echo"
}
2026-02-01 22:47:57,959 - INFO: Updated file: /Users/zachgonser/clawd/.venv/mcp-server/lib/python3.10/site-packages/redis/commands/core.py
2026-02-01 22:47:57,959 - INFO: Changes: {
  "echo": "echo",
  "Echo": "Echo"
}
2026-02-01 22:47:57,972 - INFO: Updated file: /Users/zachgonser/clawd/.venv/mcp-server/lib/python3.10/site-packages/fastmcp/contrib/bulk_tool_caller/example.py
2026-02-01 22:47:57,972 - INFO: Changes: {
  "echo": "echo",
  "Echo": "Echo"
}
2026-02-01 22:47:57,975 - INFO: Updated file: /Users/zachgonser/clawd/.venv/mcp-server/lib/python3.10/site-packages/click/_winconsole.py
2026-02-01 22:47:57,975 - INFO: Changes: {
  "echo": "echo"
}
2026-02-01 22:47:57,975 - INFO: Updated file: /Users/zachgonser/clawd/.venv/mcp-server/lib/python3.10/site-packages/click/globals.py
2026-02-01 22:47:57,975 - INFO: Changes: {
  "echo": "echo"
}
2026-02-01 22:47:57,976 - INFO: Updated file: /Users/zachgonser/clawd/.venv/mcp-server/lib/python3.10/site-packages/click/__init__.py
2026-02-01 22:47:57,976 - INFO: Changes: {
  "echo": "echo"
}
2026-02-01 22:47:57,976 - INFO: Updated file: /Users/zachgonser/clawd/.venv/mcp-server/lib/python3.10/site-packages/click/core.py
2026-02-01 22:47:57,976 - INFO: Changes: {
  "echo": "echo"
}
2026-02-01 22:47:57,977 - INFO: Updated file: /Users/zachgonser/clawd/.venv/mcp-server/lib/python3.10/site-packages/click/termui.py
2026-02-01 22:47:57,977 - INFO: Changes: {
  "echo": "echo",
  "Echo": "Echo"
}
2026-02-01 22:47:57,977 - INFO: Updated file: /Users/zachgonser/clawd/.venv/mcp-server/lib/python3.10/site-packages/click/utils.py
2026-02-01 22:47:57,977 - INFO: Changes: {
  "echo": "echo"
}
2026-02-01 22:47:57,977 - INFO: Updated file: /Users/zachgonser/clawd/.venv/mcp-server/lib/python3.10/site-packages/click/exceptions.py
2026-02-01 22:47:57,977 - INFO: Changes: {
  "echo": "echo"
}
2026-02-01 22:47:57,977 - INFO: Updated file: /Users/zachgonser/clawd/.venv/mcp-server/lib/python3.10/site-packages/click/shell_completion.py
2026-02-01 22:47:57,977 - INFO: Changes: {
  "echo": "echo"
}
2026-02-01 22:47:57,977 - INFO: Updated file: /Users/zachgonser/clawd/.venv/mcp-server/lib/python3.10/site-packages/click/_termui_impl.py
2026-02-01 22:47:57,977 - INFO: Changes: {
  "echo": "echo"
}
2026-02-01 22:47:57,978 - INFO: Updated file: /Users/zachgonser/clawd/.venv/mcp-server/lib/python3.10/site-packages/click/testing.py
2026-02-01 22:47:57,978 - INFO: Changes: {
  "echo": "echo",
  "Echo": "Echo"
}
2026-02-01 22:47:57,978 - INFO: Updated file: /Users/zachgonser/clawd/.venv/mcp-server/lib/python3.10/site-packages/click/decorators.py
2026-02-01 22:47:57,978 - INFO: Changes: {
  "echo": "echo"
}
2026-02-01 22:47:57,979 - INFO: Updated file: /Users/zachgonser/clawd/.venv/mcp-server/lib/python3.10/site-packages/websockets/protocol.py
2026-02-01 22:47:57,979 - INFO: Changes: {
  "echo": "echo",
  "Echo": "Echo"
}
2026-02-01 22:47:57,980 - INFO: Updated file: /Users/zachgonser/clawd/.venv/mcp-server/lib/python3.10/site-packages/websockets/legacy/protocol.py
2026-02-01 22:47:57,980 - INFO: Changes: {
  "echo": "echo",
  "Echo": "Echo"
}
2026-02-01 22:47:58,004 - INFO: Updated file: /Users/zachgonser/clawd/.venv/mcp-server/lib/python3.10/site-packages/fakeredis/commands.json
2026-02-01 22:47:58,004 - INFO: Changes: {
  "echo": "echo"
}
2026-02-01 22:47:58,005 - INFO: Updated file: /Users/zachgonser/clawd/.venv/mcp-server/lib/python3.10/site-packages/fakeredis/commands_mixins/connection_mixin.py
2026-02-01 22:47:58,005 - INFO: Changes: {
  "echo": "echo"
}
2026-02-01 22:47:58,019 - INFO: Updated file: /Users/zachgonser/clawd/.venv/mcp-server/lib/python3.10/site-packages/uvicorn/main.py
2026-02-01 22:47:58,019 - INFO: Changes: {
  "echo": "echo"
}
2026-02-01 22:47:58,032 - INFO: Updated file: /Users/zachgonser/clawd/.venv/mcp-server/lib/python3.10/site-packages/setuptools/tests/test_wheel.py
2026-02-01 22:47:58,032 - INFO: Changes: {
  "echo": "echo"
}
2026-02-01 22:47:58,054 - INFO: Updated file: /Users/zachgonser/clawd/scripts/update-stantontimes-jobs.sh
2026-02-01 22:47:58,054 - INFO: Changes: {
  "echo": "echo"
}
2026-02-01 22:47:58,054 - INFO: Updated file: /Users/zachgonser/clawd/scripts/plane-project-automation.sample.json
2026-02-01 22:47:58,054 - INFO: Changes: {
  "Echo": "Echo"
}
2026-02-01 22:47:58,055 - INFO: Updated file: /Users/zachgonser/clawd/scripts/bird-auth.sh
2026-02-01 22:47:58,055 - INFO: Changes: {
  "echo": "echo"
}
2026-02-01 22:47:58,055 - INFO: Updated file: /Users/zachgonser/clawd/scripts/refresh-twitter-cookies.sh
2026-02-01 22:47:58,055 - INFO: Changes: {
  "echo": "echo"
}
2026-02-01 22:47:58,056 - INFO: Updated file: /Users/zachgonser/clawd/queue/PROJECT_EXECUTION_PLAN.md
2026-02-01 22:47:58,056 - INFO: Changes: {
  "echo": "echo"
}
2026-02-01 22:47:58,057 - INFO: Updated file: /Users/zachgonser/clawd/plane/setup.sh
2026-02-01 22:47:58,057 - INFO: Changes: {
  "echo": "echo"
}
2026-02-01 22:47:58,060 - INFO: Updated file: /Users/zachgonser/clawd/plane/.github/workflows/build-branch.yml
2026-02-01 22:47:58,060 - INFO: Changes: {
  "echo": "echo"
}
2026-02-01 22:47:58,060 - INFO: Updated file: /Users/zachgonser/clawd/plane/.github/workflows/feature-deployment.yml
2026-02-01 22:47:58,060 - INFO: Changes: {
  "echo": "echo"
}
2026-02-01 22:47:58,060 - INFO: Updated file: /Users/zachgonser/clawd/plane/.github/workflows/check-version.yml
2026-02-01 22:47:58,060 - INFO: Changes: {
  "echo": "echo"
}
2026-02-01 22:47:58,060 - INFO: Updated file: /Users/zachgonser/clawd/plane/.github/workflows/codeql.yml
2026-02-01 22:47:58,060 - INFO: Changes: {
  "echo": "echo"
}
2026-02-01 22:47:58,060 - INFO: Updated file: /Users/zachgonser/clawd/plane/.github/workflows/pull-request-build-lint-web-apps.yml
2026-02-01 22:47:58,060 - INFO: Changes: {
  "echo": "echo"
}
2026-02-01 22:47:58,061 - INFO: Updated file: /Users/zachgonser/clawd/plane/.github/workflows/sync-repo.yml
2026-02-01 22:47:58,061 - INFO: Changes: {
  "echo": "echo"
}
2026-02-01 22:47:58,061 - INFO: Updated file: /Users/zachgonser/clawd/plane/.github/workflows/sync-repo-pr.yml
2026-02-01 22:47:58,061 - INFO: Changes: {
  "echo": "echo"
}
2026-02-01 22:47:58,061 - INFO: Updated file: /Users/zachgonser/clawd/plane/.github/workflows/copyright-check.yml
2026-02-01 22:47:58,061 - INFO: Changes: {
  "echo": "echo"
}
2026-02-01 22:47:58,062 - INFO: Updated file: /Users/zachgonser/clawd/plane/apps/api/bin/docker-entrypoint-api-local.sh
2026-02-01 22:47:58,062 - INFO: Changes: {
  "echo": "echo"
}
2026-02-01 22:47:58,062 - INFO: Updated file: /Users/zachgonser/clawd/plane/apps/api/bin/docker-entrypoint-api.sh
2026-02-01 22:47:58,062 - INFO: Changes: {
  "echo": "echo"
}
2026-02-01 22:47:58,080 - INFO: Updated file: /Users/zachgonser/clawd/plane/deployments/swarm/community/swarm.sh
2026-02-01 22:47:58,080 - INFO: Changes: {
  "echo": "echo"
}
2026-02-01 22:47:58,080 - INFO: Updated file: /Users/zachgonser/clawd/plane/deployments/aio/community/build.sh
2026-02-01 22:47:58,080 - INFO: Changes: {
  "echo": "echo"
}
2026-02-01 22:47:58,081 - INFO: Updated file: /Users/zachgonser/clawd/plane/deployments/aio/community/start.sh
2026-02-01 22:47:58,081 - INFO: Changes: {
  "echo": "echo"
}
2026-02-01 22:47:58,081 - INFO: Updated file: /Users/zachgonser/clawd/plane/deployments/cli/community/restore-airgapped.sh
2026-02-01 22:47:58,081 - INFO: Changes: {
  "echo": "echo"
}
2026-02-01 22:47:58,081 - INFO: Updated file: /Users/zachgonser/clawd/plane/deployments/cli/community/install.sh
2026-02-01 22:47:58,081 - INFO: Changes: {
  "echo": "echo"
}
2026-02-01 22:47:58,081 - INFO: Updated file: /Users/zachgonser/clawd/plane/deployments/cli/community/restore.sh
2026-02-01 22:47:58,081 - INFO: Changes: {
  "echo": "echo"
}
2026-02-01 22:47:58,081 - INFO: Updated file: /Users/zachgonser/clawd/plane/deployments/cli/community/migration-0.13-0.14.sh
2026-02-01 22:47:58,082 - INFO: Changes: {
  "echo": "echo"
}
2026-02-01 22:47:58,082 - INFO: Updated file: /Users/zachgonser/clawd/skills/README.md
2026-02-01 22:47:58,082 - INFO: Changes: {
  "Echo": "Echo"
}
2026-02-01 22:47:58,083 - INFO: Updated file: /Users/zachgonser/clawd/skills/decision-trees/README.md
2026-02-01 22:47:58,083 - INFO: Changes: {
  "Echo": "Echo"
}
2026-02-01 22:47:58,083 - INFO: Updated file: /Users/zachgonser/clawd/skills/references/security-patterns.md
2026-02-01 22:47:58,083 - INFO: Changes: {
  "echo": "echo"
}
2026-02-01 22:47:58,083 - INFO: Updated file: /Users/zachgonser/clawd/skills/save-money/SKILL.md
2026-02-01 22:47:58,083 - INFO: Changes: {
  "echo": "echo"
}
2026-02-01 22:47:58,084 - INFO: Updated file: /Users/zachgonser/clawd/skills/simmer-copytrading/SKILL.md
2026-02-01 22:47:58,084 - INFO: Changes: {
  "echo": "echo"
}
2026-02-01 22:47:58,084 - INFO: Updated file: /Users/zachgonser/clawd/skills/prezentit/SKILL.md
2026-02-01 22:47:58,084 - INFO: Changes: {
  "echo": "echo",
  "Echo": "Echo"
}
2026-02-01 22:47:58,084 - INFO: Updated file: /Users/zachgonser/clawd/skills/scripts/setup.sh
2026-02-01 22:47:58,084 - INFO: Changes: {
  "echo": "echo",
  "Echo": "Echo"
}
2026-02-01 22:47:58,084 - INFO: Updated file: /Users/zachgonser/clawd/skills/scripts/security-audit.sh
2026-02-01 22:47:58,084 - INFO: Changes: {
  "echo": "echo"
}
2026-02-01 22:47:58,084 - INFO: Updated file: /Users/zachgonser/clawd/skills/proactive-agent/SKILL.md
2026-02-01 22:47:58,084 - INFO: Changes: {
  "echo": "echo",
  "Echo": "Echo"
}
2026-02-01 22:47:58,084 - INFO: Updated file: /Users/zachgonser/clawd/skills/proactive-agent/references/security-patterns.md
2026-02-01 22:47:58,084 - INFO: Changes: {
  "echo": "echo"
}
2026-02-01 22:47:58,084 - INFO: Updated file: /Users/zachgonser/clawd/skills/proactive-agent/scripts/security-audit.sh
2026-02-01 22:47:58,084 - INFO: Changes: {
  "echo": "echo"
}
2026-02-01 22:47:58,085 - INFO: Updated file: /Users/zachgonser/clawd/skills/proactive-agent/assets/HEARTBEAT.md
2026-02-01 22:47:58,085 - INFO: Changes: {
  "echo": "echo"
}
2026-02-01 22:47:58,085 - INFO: Updated file: /Users/zachgonser/clawd/skills/adhd-daily-planner/SKILL.md
2026-02-01 22:47:58,085 - INFO: Changes: {
  "echo": "echo"
}
2026-02-01 22:47:58,085 - INFO: Updated file: /Users/zachgonser/clawd/skills/project-management-guru-adhd/SKILL.md
2026-02-01 22:47:58,085 - INFO: Changes: {
  "echo": "echo"
}
2026-02-01 22:47:58,085 - INFO: Updated file: /Users/zachgonser/clawd/skills/para-second-brain/SKILL.md
2026-02-01 22:47:58,085 - INFO: Changes: {
  "Echo": "Echo"
}
2026-02-01 22:47:58,085 - INFO: Updated file: /Users/zachgonser/clawd/skills/para-second-brain/scripts/setup.sh
2026-02-01 22:47:58,086 - INFO: Changes: {
  "echo": "echo",
  "Echo": "Echo"
}
2026-02-01 22:47:58,086 - INFO: Updated file: /Users/zachgonser/clawd/skills/assets/HEARTBEAT.md
2026-02-01 22:47:58,086 - INFO: Changes: {
  "echo": "echo"
}
2026-02-01 22:47:58,086 - INFO: Updated file: /Users/zachgonser/clawd/validation/infrastructure-methodology.md
2026-02-01 22:47:58,086 - INFO: Changes: {
  "echo": "echo",
  "Echo": "Echo"
}
2026-02-01 22:47:58,087 - INFO: Updated file: /Users/zachgonser/clawd/validation/business-units-methodology.md
2026-02-01 22:47:58,087 - INFO: Changes: {
  "echo": "echo",
  "Echo": "Echo"
}
2026-02-01 22:47:58,087 - INFO: Updated file: /Users/zachgonser/clawd/validation/data-integrity-methodology.md
2026-02-01 22:47:58,087 - INFO: Changes: {
  "echo": "echo"
}
2026-02-01 22:47:58,087 - INFO: Updated file: /Users/zachgonser/clawd/validation/PHASE-ZERO-SUMMARY.md
2026-02-01 22:47:58,087 - INFO: Changes: {
  "echo": "echo"
}
2026-02-01 22:47:58,088 - INFO: Updated file: /Users/zachgonser/clawd/plane-project-tracker/setup.sh
2026-02-01 22:47:58,088 - INFO: Changes: {
  "echo": "echo"
}
2026-02-01 22:47:58,091 - INFO: Updated file: /Users/zachgonser/clawd/plane-project-tracker/.github/workflows/build-branch.yml
2026-02-01 22:47:58,091 - INFO: Changes: {
  "echo": "echo"
}
2026-02-01 22:47:58,091 - INFO: Updated file: /Users/zachgonser/clawd/plane-project-tracker/.github/workflows/feature-deployment.yml
2026-02-01 22:47:58,091 - INFO: Changes: {
  "echo": "echo"
}
2026-02-01 22:47:58,091 - INFO: Updated file: /Users/zachgonser/clawd/plane-project-tracker/.github/workflows/check-version.yml
2026-02-01 22:47:58,091 - INFO: Changes: {
  "echo": "echo"
}
2026-02-01 22:47:58,091 - INFO: Updated file: /Users/zachgonser/clawd/plane-project-tracker/.github/workflows/codeql.yml
2026-02-01 22:47:58,091 - INFO: Changes: {
  "echo": "echo"
}
2026-02-01 22:47:58,092 - INFO: Updated file: /Users/zachgonser/clawd/plane-project-tracker/.github/workflows/pull-request-build-lint-web-apps.yml
2026-02-01 22:47:58,092 - INFO: Changes: {
  "echo": "echo"
}
2026-02-01 22:47:58,092 - INFO: Updated file: /Users/zachgonser/clawd/plane-project-tracker/.github/workflows/sync-repo.yml
2026-02-01 22:47:58,092 - INFO: Changes: {
  "echo": "echo"
}
2026-02-01 22:47:58,092 - INFO: Updated file: /Users/zachgonser/clawd/plane-project-tracker/.github/workflows/sync-repo-pr.yml
2026-02-01 22:47:58,092 - INFO: Changes: {
  "echo": "echo"
}
2026-02-01 22:47:58,092 - INFO: Updated file: /Users/zachgonser/clawd/plane-project-tracker/.github/workflows/copyright-check.yml
2026-02-01 22:47:58,092 - INFO: Changes: {
  "echo": "echo"
}
2026-02-01 22:47:58,093 - INFO: Updated file: /Users/zachgonser/clawd/plane-project-tracker/apps/api/bin/docker-entrypoint-api-local.sh
2026-02-01 22:47:58,093 - INFO: Changes: {
  "echo": "echo"
}
2026-02-01 22:47:58,093 - INFO: Updated file: /Users/zachgonser/clawd/plane-project-tracker/apps/api/bin/docker-entrypoint-api.sh
2026-02-01 22:47:58,093 - INFO: Changes: {
  "echo": "echo"
}
2026-02-01 22:47:58,111 - INFO: Updated file: /Users/zachgonser/clawd/plane-project-tracker/deployments/swarm/community/swarm.sh
2026-02-01 22:47:58,111 - INFO: Changes: {
  "echo": "echo"
}
2026-02-01 22:47:58,112 - INFO: Updated file: /Users/zachgonser/clawd/plane-project-tracker/deployments/aio/community/build.sh
2026-02-01 22:47:58,112 - INFO: Changes: {
  "echo": "echo"
}
2026-02-01 22:47:58,112 - INFO: Updated file: /Users/zachgonser/clawd/plane-project-tracker/deployments/aio/community/start.sh
2026-02-01 22:47:58,112 - INFO: Changes: {
  "echo": "echo"
}
2026-02-01 22:47:58,112 - INFO: Updated file: /Users/zachgonser/clawd/plane-project-tracker/deployments/cli/community/restore-airgapped.sh
2026-02-01 22:47:58,112 - INFO: Changes: {
  "echo": "echo"
}
2026-02-01 22:47:58,112 - INFO: Updated file: /Users/zachgonser/clawd/plane-project-tracker/deployments/cli/community/install.sh
2026-02-01 22:47:58,112 - INFO: Changes: {
  "echo": "echo"
}
2026-02-01 22:47:58,112 - INFO: Updated file: /Users/zachgonser/clawd/plane-project-tracker/deployments/cli/community/restore.sh
2026-02-01 22:47:58,112 - INFO: Changes: {
  "echo": "echo"
}
2026-02-01 22:47:58,113 - INFO: Updated file: /Users/zachgonser/clawd/plane-project-tracker/deployments/cli/community/migration-0.13-0.14.sh
2026-02-01 22:47:58,113 - INFO: Changes: {
  "echo": "echo"
}
2026-02-01 22:47:58,113 - INFO: Updated file: /Users/zachgonser/clawd/queue-management-system/setup_project.sh
2026-02-01 22:47:58,113 - INFO: Changes: {
  "echo": "echo"
}
2026-02-01 22:47:58,116 - INFO: Updated file: /Users/zachgonser/Library/Application Support/Firefox/Profiles/9ez1stn7.default-release/targeting.snapshot.json
2026-02-01 22:47:58,116 - INFO: Changes: {
  "Echo": "Echo"
}
2026-02-01 22:47:58,119 - ERROR: Error processing /Users/zachgonser/Library/Application Support/discord/Service Worker/CacheStorage/63fc7e4cfcc88165b53fe27bdbf48bdde7611b44/index.txt: 'utf-8' codec can't decode byte 0x80 in position 54: invalid start byte
2026-02-01 22:47:58,119 - ERROR: Error processing /Users/zachgonser/Library/Application Support/discord/Service Worker/CacheStorage/7d571773fef4871f82ca0457379cf2a39317562f/index.txt: 'utf-8' codec can't decode byte 0x80 in position 54: invalid start byte
2026-02-01 22:47:58,119 - INFO: Updated file: /Users/zachgonser/Library/Application Support/discord/sentry/scope_v3.json
2026-02-01 22:47:58,119 - INFO: Changes: {
  "Echo": "Echo"
}
2026-02-01 22:47:58,122 - INFO: Updated file: /Users/zachgonser/Library/Application Support/discord/0.0.374/modules/discord_spellcheck/node_modules/node-addon-api/doc/async_worker.md
2026-02-01 22:47:58,122 - INFO: Changes: {
  "echo": "echo",
  "Echo": "Echo"
}
2026-02-01 22:47:58,123 - INFO: Updated file: /Users/zachgonser/Library/Application Support/discord/0.0.374/modules/discord_spellcheck/node_modules/glob/README.md
2026-02-01 22:47:58,123 - INFO: Changes: {
  "echo": "echo"
}
2026-02-01 22:47:58,124 - INFO: Updated file: /Users/zachgonser/Library/Application Support/discord/0.0.374/modules/discord_rpc/node_modules/ws/README.md
2026-02-01 22:47:58,124 - INFO: Changes: {
  "echo": "echo"
}
2026-02-01 22:47:58,128 - INFO: Updated file: /Users/zachgonser/Library/Application Support/com.openai.atlas/browser-data/host/ZxcvbnData/3/english_wikipedia.txt
2026-02-01 22:47:58,128 - INFO: Changes: {
  "echo": "echo"
}
2026-02-01 22:47:58,129 - INFO: Updated file: /Users/zachgonser/Library/Application Support/com.openai.atlas/browser-data/host/ZxcvbnData/3/female_names.txt
2026-02-01 22:47:58,129 - INFO: Changes: {
  "echo": "echo"
}
2026-02-01 22:47:58,129 - INFO: Updated file: /Users/zachgonser/Library/Application Support/com.openai.atlas/browser-data/host/ZxcvbnData/3/passwords.txt
2026-02-01 22:47:58,129 - INFO: Changes: {
  "echo": "echo"
}
2026-02-01 22:47:58,130 - INFO: Updated file: /Users/zachgonser/Library/Application Support/com.openai.atlas/browser-data/host/ZxcvbnData/3/us_tv_and_film.txt
2026-02-01 22:47:58,130 - INFO: Changes: {
  "echo": "echo"
}
2026-02-01 22:47:58,131 - INFO: Updated file: /Users/zachgonser/Library/Application Support/com.openai.atlas/browser-data/host/ZxcvbnData/3/surnames.txt
2026-02-01 22:47:58,131 - INFO: Changes: {
  "echo": "echo"
}
2026-02-01 22:47:58,135 - ERROR: Error processing /Users/zachgonser/Library/Application Support/Google/Chrome/Default/Service Worker/CacheStorage/bd1c4d03a881bd4b56183475e9bd7806830c983b/index.txt: 'utf-8' codec can't decode byte 0x89 in position 1: invalid start byte
2026-02-01 22:47:58,138 - INFO: Updated file: /Users/zachgonser/Library/Application Support/Google/Chrome/Default/Extensions/fdpohaocaechififmbbbbbknoalclacl/8.6_0/_locales/es/messages.json
2026-02-01 22:47:58,138 - INFO: Changes: {
  "echo": "echo"
}
2026-02-01 22:47:58,141 - INFO: Updated file: /Users/zachgonser/Library/Application Support/Google/Chrome/Default/Extensions/dnhpnfgdlenaccegplpojghhmaamnnfp/4.6.1_0/localization/compiled/pl.json
2026-02-01 22:47:58,141 - INFO: Changes: {
  "echo": "echo"
}
2026-02-01 22:47:58,146 - INFO: Updated file: /Users/zachgonser/Library/Application Support/Google/Chrome/Default/Extensions/mmioliijnhnoblpgimnlajmefafdfilb/2.5.0_0/_locales/pt_BR/messages.json
2026-02-01 22:47:58,146 - INFO: Changes: {
  "echo": "echo"
}
2026-02-01 22:47:58,161 - INFO: Updated file: /Users/zachgonser/Library/Application Support/Google/Chrome/Default/Extensions/nkbihfbeogaeaoehlefnkodbefgpgknn/13.15.0_0/snaps/gator-permissions-snap.json
2026-02-01 22:47:58,161 - INFO: Changes: {
  "Echo": "Echo"
}
2026-02-01 22:47:58,170 - INFO: Updated file: /Users/zachgonser/Library/Application Support/Google/Chrome/Default/Extensions/nkbihfbeogaeaoehlefnkodbefgpgknn/13.15.0_0/snaps/bitcoin-wallet-snap.json
2026-02-01 22:47:58,170 - INFO: Changes: {
  "echo": "echo"
}
2026-02-01 22:47:58,178 - INFO: Updated file: /Users/zachgonser/Library/Application Support/Google/Chrome/Default/Extensions/nkbihfbeogaeaoehlefnkodbefgpgknn/13.15.0_0/_locales/es_419/messages.json
2026-02-01 22:47:58,178 - INFO: Changes: {
  "echo": "echo"
}
2026-02-01 22:47:58,181 - INFO: Updated file: /Users/zachgonser/Library/Application Support/Google/Chrome/Default/Extensions/nkbihfbeogaeaoehlefnkodbefgpgknn/13.15.0_0/_locales/es/messages.json
2026-02-01 22:47:58,181 - INFO: Changes: {
  "echo": "echo"
}
2026-02-01 22:47:58,185 - INFO: Updated file: /Users/zachgonser/Library/Application Support/Google/Chrome/ZxcvbnData/3/english_wikipedia.txt
2026-02-01 22:47:58,185 - INFO: Changes: {
  "echo": "echo"
}
2026-02-01 22:47:58,185 - INFO: Updated file: /Users/zachgonser/Library/Application Support/Google/Chrome/ZxcvbnData/3/female_names.txt
2026-02-01 22:47:58,185 - INFO: Changes: {
  "echo": "echo"
}
2026-02-01 22:47:58,186 - INFO: Updated file: /Users/zachgonser/Library/Application Support/Google/Chrome/ZxcvbnData/3/passwords.txt
2026-02-01 22:47:58,186 - INFO: Changes: {
  "echo": "echo"
}
2026-02-01 22:47:58,187 - INFO: Updated file: /Users/zachgonser/Library/Application Support/Google/Chrome/ZxcvbnData/3/us_tv_and_film.txt
2026-02-01 22:47:58,187 - INFO: Changes: {
  "echo": "echo"
}
2026-02-01 22:47:58,188 - INFO: Updated file: /Users/zachgonser/Library/Application Support/Google/Chrome/ZxcvbnData/3/surnames.txt
2026-02-01 22:47:58,188 - INFO: Changes: {
  "echo": "echo"
}
2026-02-01 22:47:58,191 - INFO: Updated file: /Users/zachgonser/Library/Application Support/Claude/Claude Extensions/ant.dir.gh.wonderwhy-er.desktopcommandermcp/README.md
2026-02-01 22:47:58,191 - INFO: Changes: {
  "echo": "echo"
}
2026-02-01 22:47:58,194 - INFO: Updated file: /Users/zachgonser/Library/Application Support/Claude/Claude Extensions/ant.dir.gh.wonderwhy-er.desktopcommandermcp/node_modules/lodash.flatten/package.json
2026-02-01 22:47:58,194 - INFO: Changes: {
  "echo": "echo"
}
2026-02-01 22:47:58,195 - INFO: Updated file: /Users/zachgonser/Library/Application Support/Claude/Claude Extensions/ant.dir.gh.wonderwhy-er.desktopcommandermcp/node_modules/get-stdin/readme.md
2026-02-01 22:47:58,195 - INFO: Changes: {
  "echo": "echo"
}
2026-02-01 22:47:58,195 - INFO: Updated file: /Users/zachgonser/Library/Application Support/Claude/Claude Extensions/ant.dir.gh.wonderwhy-er.desktopcommandermcp/node_modules/get-stdin/package.json
2026-02-01 22:47:58,195 - INFO: Changes: {
  "echo": "echo"
}
2026-02-01 22:47:58,196 - INFO: Updated file: /Users/zachgonser/Library/Application Support/Claude/Claude Extensions/ant.dir.gh.wonderwhy-er.desktopcommandermcp/node_modules/duplexer2/node_modules/safe-buffer/README.md
2026-02-01 22:47:58,196 - INFO: Changes: {
  "echo": "echo"
}
2026-02-01 22:47:58,197 - INFO: Updated file: /Users/zachgonser/Library/Application Support/Claude/Claude Extensions/ant.dir.gh.wonderwhy-er.desktopcommandermcp/node_modules/lodash.groupby/package.json
2026-02-01 22:47:58,197 - INFO: Changes: {
  "echo": "echo"
}
2026-02-01 22:47:58,198 - INFO: Updated file: /Users/zachgonser/Library/Application Support/Claude/Claude Extensions/ant.dir.gh.wonderwhy-er.desktopcommandermcp/node_modules/lodash.union/package.json
2026-02-01 22:47:58,198 - INFO: Changes: {
  "echo": "echo"
}
2026-02-01 22:47:58,199 - INFO: Updated file: /Users/zachgonser/Library/Application Support/Claude/Claude Extensions/ant.dir.gh.wonderwhy-er.desktopcommandermcp/node_modules/lodash.isfunction/package.json
2026-02-01 22:47:58,199 - INFO: Changes: {
  "echo": "echo"
}
2026-02-01 22:47:58,201 - INFO: Updated file: /Users/zachgonser/Library/Application Support/Claude/Claude Extensions/ant.dir.gh.wonderwhy-er.desktopcommandermcp/node_modules/rimraf/node_modules/glob/README.md
2026-02-01 22:47:58,201 - INFO: Changes: {
  "echo": "echo"
}
2026-02-01 22:47:58,204 - INFO: Updated file: /Users/zachgonser/Library/Application Support/Claude/Claude Extensions/ant.dir.gh.wonderwhy-er.desktopcommandermcp/node_modules/lodash.isboolean/package.json
2026-02-01 22:47:58,204 - INFO: Changes: {
  "echo": "echo"
}
2026-02-01 22:47:58,205 - INFO: Updated file: /Users/zachgonser/Library/Application Support/Claude/Claude Extensions/ant.dir.gh.wonderwhy-er.desktopcommandermcp/node_modules/crc-32/README.md
2026-02-01 22:47:58,205 - INFO: Changes: {
  "echo": "echo"
}
2026-02-01 22:47:58,207 - INFO: Updated file: /Users/zachgonser/Library/Application Support/Claude/Claude Extensions/ant.dir.gh.wonderwhy-er.desktopcommandermcp/node_modules/safe-buffer/README.md
2026-02-01 22:47:58,207 - INFO: Changes: {
  "echo": "echo"
}
2026-02-01 22:47:58,209 - INFO: Updated file: /Users/zachgonser/Library/Application Support/Claude/Claude Extensions/ant.dir.gh.wonderwhy-er.desktopcommandermcp/node_modules/marked/man/marked.1.txt
2026-02-01 22:47:58,209 - INFO: Changes: {
  "echo": "echo"
}
2026-02-01 22:47:58,209 - INFO: Updated file: /Users/zachgonser/Library/Application Support/Claude/Claude Extensions/ant.dir.gh.wonderwhy-er.desktopcommandermcp/node_modules/socks-proxy-agent/README.md
2026-02-01 22:47:58,209 - INFO: Changes: {
  "echo": "echo"
}
2026-02-01 22:47:58,211 - INFO: Updated file: /Users/zachgonser/Library/Application Support/Claude/Claude Extensions/ant.dir.gh.wonderwhy-er.desktopcommandermcp/node_modules/date-fns/package.json
2026-02-01 22:47:58,211 - INFO: Changes: {
  "echo": "echo"
}
2026-02-01 22:47:58,219 - INFO: Updated file: /Users/zachgonser/Library/Application Support/Claude/Claude Extensions/ant.dir.gh.wonderwhy-er.desktopcommandermcp/node_modules/chokidar/README.md
2026-02-01 22:47:58,219 - INFO: Changes: {
  "echo": "echo"
}
2026-02-01 22:47:58,223 - INFO: Updated file: /Users/zachgonser/Library/Application Support/Claude/Claude Extensions/ant.dir.gh.wonderwhy-er.desktopcommandermcp/node_modules/devtools-protocol/json/browser_protocol.json
2026-02-01 22:47:58,223 - INFO: Changes: {
  "echo": "echo"
}
2026-02-01 22:47:58,229 - INFO: Updated file: /Users/zachgonser/Library/Application Support/Claude/Claude Extensions/ant.dir.gh.wonderwhy-er.desktopcommandermcp/node_modules/lodash.difference/package.json
2026-02-01 22:47:58,229 - INFO: Changes: {
  "echo": "echo"
}
2026-02-01 22:47:58,230 - INFO: Updated file: /Users/zachgonser/Library/Application Support/Claude/Claude Extensions/ant.dir.gh.wonderwhy-er.desktopcommandermcp/node_modules/util-deprecate/package.json
2026-02-01 22:47:58,230 - INFO: Changes: {
  "echo": "echo"
}
2026-02-01 22:47:58,231 - INFO: Updated file: /Users/zachgonser/Library/Application Support/Claude/Claude Extensions/ant.dir.gh.wonderwhy-er.desktopcommandermcp/node_modules/lodash.isnil/package.json
2026-02-01 22:47:58,231 - INFO: Changes: {
  "echo": "echo"
}
2026-02-01 22:47:58,232 - INFO: Updated file: /Users/zachgonser/Library/Application Support/Claude/Claude Extensions/ant.dir.gh.wonderwhy-er.desktopcommandermcp/node_modules/lodash.isundefined/package.json
2026-02-01 22:47:58,232 - INFO: Changes: {
  "echo": "echo"
}
2026-02-01 22:47:58,233 - INFO: Updated file: /Users/zachgonser/Library/Application Support/Claude/Claude Extensions/ant.dir.gh.wonderwhy-er.desktopcommandermcp/node_modules/@modelcontextprotocol/sdk/package.json
2026-02-01 22:47:58,233 - INFO: Changes: {
  "echo": "echo"
}
2026-02-01 22:47:58,235 - INFO: Updated file: /Users/zachgonser/Library/Application Support/Claude/Claude Extensions/ant.dir.gh.wonderwhy-er.desktopcommandermcp/node_modules/xmlchars/package.json
2026-02-01 22:47:58,235 - INFO: Changes: {
  "echo": "echo"
}
2026-02-01 22:47:58,236 - INFO: Updated file: /Users/zachgonser/Library/Application Support/Claude/Claude Extensions/ant.dir.gh.wonderwhy-er.desktopcommandermcp/node_modules/unzipper/node_modules/safe-buffer/README.md
2026-02-01 22:47:58,236 - INFO: Changes: {
  "echo": "echo"
}
2026-02-01 22:47:58,237 - INFO: Updated file: /Users/zachgonser/Library/Application Support/Claude/Claude Extensions/ant.dir.gh.wonderwhy-er.desktopcommandermcp/node_modules/micromark-extension-gfm-table/readme.md
2026-02-01 22:47:58,237 - INFO: Changes: {
  "Echo": "Echo"
}
2026-02-01 22:47:58,239 - INFO: Updated file: /Users/zachgonser/Library/Application Support/Claude/Claude Extensions/ant.dir.gh.wonderwhy-er.desktopcommandermcp/node_modules/jszip/node_modules/safe-buffer/README.md
2026-02-01 22:47:58,239 - INFO: Changes: {
  "echo": "echo"
}
2026-02-01 22:47:58,239 - INFO: Updated file: /Users/zachgonser/Library/Application Support/Claude/Claude Extensions/ant.dir.gh.wonderwhy-er.desktopcommandermcp/node_modules/lodash.isplainobject/package.json
2026-02-01 22:47:58,240 - INFO: Changes: {
  "echo": "echo"
}
2026-02-01 22:47:58,241 - INFO: Updated file: /Users/zachgonser/Library/Application Support/Claude/Claude Extensions/ant.dir.gh.wonderwhy-er.desktopcommandermcp/node_modules/zip-stream/node_modules/glob/README.md
2026-02-01 22:47:58,241 - INFO: Changes: {
  "echo": "echo"
}
2026-02-01 22:47:58,241 - INFO: Updated file: /Users/zachgonser/Library/Application Support/Claude/Claude Extensions/ant.dir.gh.wonderwhy-er.desktopcommandermcp/node_modules/lodash.escaperegexp/package.json
2026-02-01 22:47:58,241 - INFO: Changes: {
  "echo": "echo"
}
2026-02-01 22:47:58,244 - INFO: Updated file: /Users/zachgonser/Library/Application Support/Claude/Claude Extensions/ant.dir.gh.wonderwhy-er.desktopcommandermcp/node_modules/lodash.isequal/package.json
2026-02-01 22:47:58,244 - INFO: Changes: {
  "echo": "echo"
}
2026-02-01 22:47:58,245 - INFO: Updated file: /Users/zachgonser/Library/Application Support/Claude/Claude Extensions/ant.dir.gh.wonderwhy-er.desktopcommandermcp/node_modules/glob/README.md
2026-02-01 22:47:58,245 - INFO: Changes: {
  "echo": "echo"
}
2026-02-01 22:47:58,246 - INFO: Updated file: /Users/zachgonser/Library/Application Support/Claude/Claude Extensions/ant.dir.gh.wonderwhy-er.desktopcommandermcp/node_modules/@pdf-lib/standard-fonts/lib/Times-Italic.compressed.json
2026-02-01 22:47:58,246 - INFO: Changes: {
  "echo": "echo"
}
2026-02-01 22:47:58,247 - INFO: Updated file: /Users/zachgonser/Library/Application Support/Claude/Claude Extensions/ant.dir.gh.wonderwhy-er.desktopcommandermcp/node_modules/@pdf-lib/standard-fonts/es/Times-Italic.compressed.json
2026-02-01 22:47:58,247 - INFO: Changes: {
  "echo": "echo"
}
2026-02-01 22:47:58,249 - INFO: Updated file: /Users/zachgonser/Library/Application Support/Claude/Claude Extensions/ant.dir.gh.wonderwhy-er.desktopcommandermcp/node_modules/https-proxy-agent/README.md
2026-02-01 22:47:58,249 - INFO: Changes: {
  "echo": "echo"
}
2026-02-01 22:47:58,250 - INFO: Updated file: /Users/zachgonser/Library/Application Support/Claude/Claude Extensions/ant.dir.gh.wonderwhy-er.desktopcommandermcp/node_modules/streamx/README.md
2026-02-01 22:47:58,250 - INFO: Changes: {
  "echo": "echo"
}
2026-02-01 22:47:58,250 - INFO: Updated file: /Users/zachgonser/Library/Application Support/Claude/Claude Extensions/ant.dir.gh.wonderwhy-er.desktopcommandermcp/node_modules/lazystream/node_modules/safe-buffer/README.md
2026-02-01 22:47:58,250 - INFO: Changes: {
  "echo": "echo"
}
2026-02-01 22:47:58,252 - INFO: Updated file: /Users/zachgonser/Library/Application Support/Claude/Claude Extensions/ant.dir.gh.wonderwhy-er.desktopcommandermcp/node_modules/yauzl/README.md
2026-02-01 22:47:58,252 - INFO: Changes: {
  "echo": "echo"
}
2026-02-01 22:47:58,253 - INFO: Updated file: /Users/zachgonser/Library/Application Support/Claude/Claude Extensions/ant.dir.gh.wonderwhy-er.desktopcommandermcp/node_modules/archiver-utils/node_modules/safe-buffer/README.md
2026-02-01 22:47:58,253 - INFO: Changes: {
  "echo": "echo"
}
2026-02-01 22:47:58,253 - INFO: Updated file: /Users/zachgonser/Library/Application Support/Claude/Claude Extensions/ant.dir.gh.wonderwhy-er.desktopcommandermcp/node_modules/archiver-utils/node_modules/glob/README.md
2026-02-01 22:47:58,253 - INFO: Changes: {
  "echo": "echo"
}
2026-02-01 22:47:58,255 - INFO: Updated file: /Users/zachgonser/Library/Application Support/Claude/Claude Extensions/ant.dir.gh.wonderwhy-er.desktopcommandermcp/node_modules/lodash.defaults/package.json
2026-02-01 22:47:58,255 - INFO: Changes: {
  "echo": "echo"
}
2026-02-01 22:47:58,255 - INFO: Updated file: /Users/zachgonser/Library/Application Support/Claude/Claude Extensions/ant.dir.gh.wonderwhy-er.desktopcommandermcp/node_modules/dequal/package.json
2026-02-01 22:47:58,255 - INFO: Changes: {
  "echo": "echo"
}
2026-02-01 22:47:58,256 - INFO: Updated file: /Users/zachgonser/Library/Application Support/Claude/Claude Extensions/ant.dir.gh.wonderwhy-er.desktopcommandermcp/node_modules/braces/README.md
2026-02-01 22:47:58,256 - INFO: Changes: {
  "echo": "echo"
}
2026-02-01 22:47:58,269 - INFO: Updated file: /Users/zachgonser/Library/Application Support/Claude/Claude Extensions/ant.dir.gh.wonderwhy-er.desktopcommandermcp/node_modules/ws/README.md
2026-02-01 22:47:58,269 - INFO: Changes: {
  "echo": "echo"
}
2026-02-01 22:47:58,270 - INFO: Updated file: /Users/zachgonser/Library/Application Support/Claude/Claude Extensions/ant.dir.gh.wonderwhy-er.desktopcommandermcp/node_modules/lodash.uniq/package.json
2026-02-01 22:47:58,270 - INFO: Changes: {
  "echo": "echo"
}
2026-02-01 22:47:58,273 - INFO: Updated file: /Users/zachgonser/Library/Application Support/Claude/Claude Extensions/context7/package.json
2026-02-01 22:47:58,273 - INFO: Changes: {
  "echo": "echo"
}
2026-02-01 22:47:58,280 - INFO: Updated file: /Users/zachgonser/Library/Application Support/Claude/Claude Extensions/context7/node_modules/undici/package.json
2026-02-01 22:47:58,280 - INFO: Changes: {
  "echo": "echo"
}
2026-02-01 22:47:58,283 - INFO: Updated file: /Users/zachgonser/Library/Application Support/Claude/Claude Extensions/context7/node_modules/@modelcontextprotocol/sdk/package.json
2026-02-01 22:47:58,284 - INFO: Changes: {
  "echo": "echo"
}
2026-02-01 22:47:58,294 - INFO: Updated file: /Users/zachgonser/Library/Application Support/Claude/Claude Extensions/context7/.github/workflows/release.yml
2026-02-01 22:47:58,294 - INFO: Changes: {
  "echo": "echo"
}
2026-02-01 22:47:58,298 - INFO: Updated file: /Users/zachgonser/Library/Application Support/Claude/Claude Extensions/ant.dir.gh.explorium-ai.agentsource/node_modules/safe-buffer/README.md
2026-02-01 22:47:58,298 - INFO: Changes: {
  "echo": "echo"
}
2026-02-01 22:47:58,299 - INFO: Updated file: /Users/zachgonser/Library/Application Support/Claude/Claude Extensions/ant.dir.gh.explorium-ai.agentsource/node_modules/undici/package.json
2026-02-01 22:47:58,299 - INFO: Changes: {
  "echo": "echo"
}
2026-02-01 22:47:58,300 - INFO: Updated file: /Users/zachgonser/Library/Application Support/Claude/Claude Extensions/ant.dir.gh.explorium-ai.agentsource/node_modules/undici/docs/docs/api/Debug.md
2026-02-01 22:47:58,300 - INFO: Changes: {
  "echo": "echo"
}
2026-02-01 22:47:58,300 - INFO: Updated file: /Users/zachgonser/Library/Application Support/Claude/Claude Extensions/ant.dir.gh.explorium-ai.agentsource/node_modules/undici/docs/docs/api/WebSocket.md
2026-02-01 22:47:58,300 - INFO: Changes: {
  "echo": "echo"
}
2026-02-01 22:47:58,301 - INFO: Updated file: /Users/zachgonser/Library/Application Support/Claude/Claude Extensions/ant.dir.gh.explorium-ai.agentsource/node_modules/undici/docs/docs/api/MockPool.md
2026-02-01 22:47:58,301 - INFO: Changes: {
  "echo": "echo"
}
2026-02-01 22:47:58,301 - INFO: Updated file: /Users/zachgonser/Library/Application Support/Claude/Claude Extensions/ant.dir.gh.explorium-ai.agentsource/node_modules/undici/docs/docs/api/Dispatcher.md
2026-02-01 22:47:58,301 - INFO: Changes: {
  "echo": "echo",
  "Echo": "Echo"
}
2026-02-01 22:47:58,307 - INFO: Updated file: /Users/zachgonser/Library/Application Support/Claude/Claude Extensions/ant.dir.gh.explorium-ai.agentsource/node_modules/@modelcontextprotocol/sdk/package.json
2026-02-01 22:47:58,307 - INFO: Changes: {
  "echo": "echo"
}
2026-02-01 22:47:58,315 - INFO: Updated file: /Users/zachgonser/Library/Application Support/Claude/Claude Extensions/ant.dir.gh.explorium-ai.agentsource/.github/workflows/release.yml
2026-02-01 22:47:58,315 - INFO: Changes: {
  "echo": "echo"
}
2026-02-01 22:47:58,318 - INFO: Updated file: /Users/zachgonser/Library/Application Support/Claude/Claude Extensions/ant.dir.gh.docling-project.docling-mcp/lib/click/_winconsole.py
2026-02-01 22:47:58,318 - INFO: Changes: {
  "echo": "echo"
}
2026-02-01 22:47:58,318 - INFO: Updated file: /Users/zachgonser/Library/Application Support/Claude/Claude Extensions/ant.dir.gh.docling-project.docling-mcp/lib/click/globals.py
2026-02-01 22:47:58,318 - INFO: Changes: {
  "echo": "echo"
}
2026-02-01 22:47:58,318 - INFO: Updated file: /Users/zachgonser/Library/Application Support/Claude/Claude Extensions/ant.dir.gh.docling-project.docling-mcp/lib/click/__init__.py
2026-02-01 22:47:58,318 - INFO: Changes: {
  "echo": "echo"
}
2026-02-01 22:47:58,319 - INFO: Updated file: /Users/zachgonser/Library/Application Support/Claude/Claude Extensions/ant.dir.gh.docling-project.docling-mcp/lib/click/core.py
2026-02-01 22:47:58,319 - INFO: Changes: {
  "echo": "echo"
}
2026-02-01 22:47:58,319 - INFO: Updated file: /Users/zachgonser/Library/Application Support/Claude/Claude Extensions/ant.dir.gh.docling-project.docling-mcp/lib/click/termui.py
2026-02-01 22:47:58,319 - INFO: Changes: {
  "echo": "echo",
  "Echo": "Echo"
}
2026-02-01 22:47:58,319 - INFO: Updated file: /Users/zachgonser/Library/Application Support/Claude/Claude Extensions/ant.dir.gh.docling-project.docling-mcp/lib/click/utils.py
2026-02-01 22:47:58,319 - INFO: Changes: {
  "echo": "echo"
}
2026-02-01 22:47:58,319 - INFO: Updated file: /Users/zachgonser/Library/Application Support/Claude/Claude Extensions/ant.dir.gh.docling-project.docling-mcp/lib/click/exceptions.py
2026-02-01 22:47:58,319 - INFO: Changes: {
  "echo": "echo"
}
2026-02-01 22:47:58,320 - INFO: Updated file: /Users/zachgonser/Library/Application Support/Claude/Claude Extensions/ant.dir.gh.docling-project.docling-mcp/lib/click/shell_completion.py
2026-02-01 22:47:58,320 - INFO: Changes: {
  "echo": "echo"
}
2026-02-01 22:47:58,320 - INFO: Updated file: /Users/zachgonser/Library/Application Support/Claude/Claude Extensions/ant.dir.gh.docling-project.docling-mcp/lib/click/_termui_impl.py
2026-02-01 22:47:58,320 - INFO: Changes: {
  "echo": "echo"
}
2026-02-01 22:47:58,320 - INFO: Updated file: /Users/zachgonser/Library/Application Support/Claude/Claude Extensions/ant.dir.gh.docling-project.docling-mcp/lib/click/testing.py
2026-02-01 22:47:58,320 - INFO: Changes: {
  "echo": "echo",
  "Echo": "Echo"
}
2026-02-01 22:47:58,320 - INFO: Updated file: /Users/zachgonser/Library/Application Support/Claude/Claude Extensions/ant.dir.gh.docling-project.docling-mcp/lib/click/decorators.py
2026-02-01 22:47:58,320 - INFO: Changes: {
  "echo": "echo"
}
2026-02-01 22:47:58,321 - INFO: Updated file: /Users/zachgonser/Library/Application Support/Claude/Claude Extensions/ant.dir.gh.docling-project.docling-mcp/lib/userpath/shells.py
2026-02-01 22:47:58,321 - INFO: Changes: {
  "echo": "echo"
}
2026-02-01 22:47:58,321 - INFO: Updated file: /Users/zachgonser/Library/Application Support/Claude/Claude Extensions/ant.dir.gh.docling-project.docling-mcp/lib/userpath/cli.py
2026-02-01 22:47:58,321 - INFO: Changes: {
  "echo": "echo"
}
2026-02-01 22:47:58,325 - INFO: Updated file: /Users/zachgonser/Library/Application Support/Claude/local-agent-mode-sessions/12365c22-48ee-482a-a6b1-b4eafdd99dda/ecd5b55b-e9e9-409e-ae0d-36e5cb9ff463/local_6b2fba18-2e26-4ef3-a427-29bee97ad819/.claude/shell-snapshots/snapshot-bash-1769747806190-b7g49u.sh
2026-02-01 22:47:58,325 - INFO: Changes: {
  "echo": "echo"
}
2026-02-01 22:47:58,334 - INFO: Updated file: /Users/zachgonser/Library/Application Support/obsidian/adblock/easyprivacy.txt
2026-02-01 22:47:58,334 - INFO: Changes: {
  "echo": "echo"
}
2026-02-01 22:47:58,337 - INFO: Updated file: /Users/zachgonser/Library/Application Support/obsidian/adblock/easylist.txt
2026-02-01 22:47:58,337 - INFO: Changes: {
  "echo": "echo"
}
2026-02-01 22:47:58,338 - ERROR: Error processing /Users/zachgonser/Library/Application Support/obsidian/Service Worker/CacheStorage/c5da713306265d3ddb39d7826332dee09cc35b7d/index.txt: 'utf-8' codec can't decode byte 0x80 in position 61: invalid start byte
2026-02-01 22:47:58,338 - ERROR: Error processing /Users/zachgonser/Library/Daemon Containers/47155CAC-D33D-4816-9C66-B29BCC5C5BD8/Data/Library/Caches/com.apple.AppleMediaServices/sap-setup-cert.txt: 'utf-8' codec can't decode byte 0x82 in position 7: invalid start byte
2026-02-01 22:47:58,341 - INFO: Updated file: /Users/zachgonser/Library/Python/3.9/lib/python/site-packages/docker/models/containers.py
2026-02-01 22:47:58,341 - INFO: Changes: {
  "echo": "echo"
}
2026-02-01 22:47:58,342 - INFO: Updated file: /Users/zachgonser/Library/Python/3.9/lib/python/site-packages/dotenv/cli.py
2026-02-01 22:47:58,342 - INFO: Changes: {
  "echo": "echo"
}
2026-02-01 22:47:58,366 - INFO: Updated file: /Users/zachgonser/Library/Mobile Documents/iCloud~md~obsidian/Documents/Projects/SlurpNet/00_Project_Overview.md
2026-02-01 22:47:58,366 - INFO: Changes: {
  "echo": "echo"
}
2026-02-01 22:47:58,367 - ERROR: Error processing /Users/zachgonser/Library/Mobile Documents/com~apple~CloudDocs/carta-backup-codes.txt: [Errno 11] Resource deadlock avoided
2026-02-01 22:47:58,367 - ERROR: Error processing /Users/zachgonser/Library/Mobile Documents/com~apple~CloudDocs/configuration.yml: [Errno 11] Resource deadlock avoided
2026-02-01 22:47:58,367 - ERROR: Error processing /Users/zachgonser/Library/Mobile Documents/com~apple~CloudDocs/text.txt: [Errno 11] Resource deadlock avoided
2026-02-01 22:47:58,367 - ERROR: Error processing /Users/zachgonser/Library/Mobile Documents/com~apple~CloudDocs/movies.yml: [Errno 11] Resource deadlock avoided
2026-02-01 22:47:58,367 - ERROR: Error processing /Users/zachgonser/Library/Mobile Documents/com~apple~CloudDocs/Downloads/[BakaBT.166649v0] [REVO] The Borrower Arrietty [BD,1080p,FLAC-Dual][10bit].txt: [Errno 11] Resource deadlock avoided
2026-02-01 22:47:58,367 - ERROR: Error processing /Users/zachgonser/Library/Mobile Documents/com~apple~CloudDocs/Downloads/secrets.yaml: [Errno 11] Resource deadlock avoided
2026-02-01 22:47:58,367 - ERROR: Error processing /Users/zachgonser/Library/Mobile Documents/com~apple~CloudDocs/Downloads/configuration.yaml: [Errno 11] Resource deadlock avoided
2026-02-01 22:47:58,368 - ERROR: Error processing /Users/zachgonser/Library/Mobile Documents/com~apple~CloudDocs/Downloads/Legends/1.0.0/atmosphere/contents/01001F5010DFA000/cheats/7FCAD279539DE183.txt: [Errno 11] Resource deadlock avoided
2026-02-01 22:47:58,368 - ERROR: Error processing /Users/zachgonser/Library/Mobile Documents/com~apple~CloudDocs/Downloads/Legends/1.0.1/atmosphere/contents/01001F5010DFA000/cheats/5E42071600D2BF1D.txt: [Errno 11] Resource deadlock avoided
2026-02-01 22:47:58,368 - ERROR: Error processing /Users/zachgonser/Library/Mobile Documents/com~apple~CloudDocs/Downloads/Legends/1.1.0/atmosphere/contents/01001F5010DFA000/cheats/66F15C281EFA7ADD.txt: [Errno 11] Resource deadlock avoided
2026-02-01 22:47:58,368 - ERROR: Error processing /Users/zachgonser/Library/Mobile Documents/com~apple~CloudDocs/Downloads/Legends/1.0.2/atmosphere/contents/01001F5010DFA000/cheats/BEF291F2639F7AFE.txt: [Errno 11] Resource deadlock avoided
2026-02-01 22:47:58,368 - ERROR: Error processing /Users/zachgonser/Library/Mobile Documents/com~apple~CloudDocs/Downloads/switch/tinfoil/socket.json: [Errno 11] Resource deadlock avoided
2026-02-01 22:47:58,368 - ERROR: Error processing /Users/zachgonser/Library/Mobile Documents/com~apple~CloudDocs/Downloads/switch/tinfoil/db/cheats.json: [Errno 11] Resource deadlock avoided
2026-02-01 22:47:58,368 - ERROR: Error processing /Users/zachgonser/Library/Mobile Documents/com~apple~CloudDocs/Downloads/switch/tinfoil/db/titles.US.en.json: [Errno 11] Resource deadlock avoided
2026-02-01 22:47:58,368 - ERROR: Error processing /Users/zachgonser/Library/Mobile Documents/iCloud~is~workflow~my~workflows/Documents/UpdateKit/Configuration.json: [Errno 11] Resource deadlock avoided
2026-02-01 22:47:58,368 - ERROR: Error processing /Users/zachgonser/Library/Mobile Documents/iCloud~is~workflow~my~workflows/Documents/Swing Updater/Configuration.json: [Errno 11] Resource deadlock avoided
2026-02-01 22:47:58,368 - ERROR: Error processing /Users/zachgonser/Library/Mobile Documents/iCloud~is~workflow~my~workflows/Documents/Swing Updater/Version.txt: [Errno 11] Resource deadlock avoided
2026-02-01 22:47:58,368 - ERROR: Error processing /Users/zachgonser/Library/Mobile Documents/iCloud~is~workflow~my~workflows/Documents/Swing Updater/SFU/Swing Updater.json: [Errno 11] Resource deadlock avoided
2026-02-01 22:47:58,370 - ERROR: Error processing /Users/zachgonser/Library/Containers/com.apple.weather.widget/Data/Library/Caches/com.apple.AppleMediaServices/sap-setup-cert.txt: 'utf-8' codec can't decode byte 0x82 in position 7: invalid start byte
2026-02-01 22:47:58,370 - ERROR: Error processing /Users/zachgonser/Library/Containers/com.apple.Safari/Data/Library/Caches/com.apple.AppleMediaServices/sap-setup-cert.txt: 'utf-8' codec can't decode byte 0x82 in position 7: invalid start byte
2026-02-01 22:47:58,370 - ERROR: Error processing /Users/zachgonser/Library/Containers/com.apple.AppStore/Data/Library/Caches/com.apple.AppleMediaServices/sap-setup-cert.txt: 'utf-8' codec can't decode byte 0x82 in position 7: invalid start byte
2026-02-01 22:47:58,376 - INFO: Updated file: /Users/zachgonser/Library/Containers/com.apple.AppleMediaServicesUI.UtilityExtension/Data/tmp/bundle/5C418294-DACD-4F25-B319-A529BB79A60E.bundle/JetPackResourceBundles/7B3E3EF0-30AD-45A0-B0DD-92C9F4438E07/A346CA28-DB13-4EE3-80EC-51578CEF66B2/localizations.json
2026-02-01 22:47:58,376 - INFO: Changes: {
  "echo": "echo"
}
2026-02-01 22:47:58,381 - INFO: Updated file: /Users/zachgonser/Library/Containers/com.apple.AppleMediaServicesUI.UtilityExtension/Data/tmp/bundle/5C418294-DACD-4F25-B319-A529BB79A60E.bundle/JetPackResourceBundles/7B3E3EF0-30AD-45A0-B0DD-92C9F4438E07/A346CA28-DB13-4EE3-80EC-51578CEF66B2/localizationV2/pl.json
2026-02-01 22:47:58,381 - INFO: Changes: {
  "echo": "echo"
}
2026-02-01 22:47:58,386 - INFO: Updated file: /Users/zachgonser/Library/Containers/com.apple.AppleMediaServicesUI.UtilityExtension/Data/tmp/bundle/5C418294-DACD-4F25-B319-A529BB79A60E.bundle/JetPackResourceBundles/7B3E3EF0-30AD-45A0-B0DD-92C9F4438E07/A346CA28-DB13-4EE3-80EC-51578CEF66B2/localizationV2/pl-pl.json
2026-02-01 22:47:58,386 - INFO: Changes: {
  "echo": "echo"
}
2026-02-01 22:47:58,393 - ERROR: Error processing /Users/zachgonser/Library/Containers/com.apple.stocks.widget/Data/Library/Caches/com.apple.AppleMediaServices/sap-setup-cert.txt: 'utf-8' codec can't decode byte 0x82 in position 7: invalid start byte
2026-02-01 22:47:58,407 - INFO: Updated file: /Users/zachgonser/Library/Metadata/CoreSpotlight/NSFileProtectionCompleteUntilFirstUserAuthentication/index.spotlightV3/Cache/2ab02f9c/2ab02f9c9c98a4d5.txt
2026-02-01 22:47:58,407 - INFO: Changes: {
  "echo": "echo"
}
2026-02-01 22:47:58,412 - INFO: Updated file: /Users/zachgonser/Library/Metadata/CoreSpotlight/NSFileProtectionCompleteUntilFirstUserAuthentication/index.spotlightV3/Cache/2ab02f9c/2ab02f9cfb0dca94.txt
2026-02-01 22:47:58,412 - INFO: Changes: {
  "echo": "echo"
}
2026-02-01 22:47:58,415 - INFO: Updated file: /Users/zachgonser/Library/Metadata/CoreSpotlight/NSFileProtectionCompleteUntilFirstUserAuthentication/index.spotlightV3/Cache/2ab02f9c/2ab02f9c5e7e425e.txt
2026-02-01 22:47:58,415 - INFO: Changes: {
  "echo": "echo"
}
2026-02-01 22:47:58,422 - INFO: Updated file: /Users/zachgonser/Library/Metadata/CoreSpotlight/NSFileProtectionCompleteUntilFirstUserAuthentication/index.spotlightV3/Cache/2ab02f9c/2ab02f9c6d2bb8d4.txt
2026-02-01 22:47:58,422 - INFO: Changes: {
  "Echo": "Echo"
}
2026-02-01 22:47:58,426 - INFO: Updated file: /Users/zachgonser/Library/Metadata/CoreSpotlight/NSFileProtectionCompleteUntilFirstUserAuthentication/index.spotlightV3/Cache/2ab02f9c/2ab02f9c7e70fbc0.txt
2026-02-01 22:47:58,426 - INFO: Changes: {
  "echo": "echo"
}
2026-02-01 22:47:58,427 - INFO: Updated file: /Users/zachgonser/Library/Metadata/CoreSpotlight/NSFileProtectionCompleteUntilFirstUserAuthentication/index.spotlightV3/Cache/2ab02f9c/2ab02f9c49bf7044.txt
2026-02-01 22:47:58,427 - INFO: Changes: {
  "echo": "echo"
}
2026-02-01 22:47:58,429 - INFO: Updated file: /Users/zachgonser/Library/Metadata/CoreSpotlight/NSFileProtectionCompleteUntilFirstUserAuthentication/index.spotlightV3/Cache/2ab02f9c/2ab02f9c9ce6c4a9.txt
2026-02-01 22:47:58,429 - INFO: Changes: {
  "echo": "echo"
}
2026-02-01 22:47:58,431 - INFO: Updated file: /Users/zachgonser/Library/Metadata/CoreSpotlight/NSFileProtectionCompleteUntilFirstUserAuthentication/index.spotlightV3/Cache/2ab02f9c/2ab02f9c5eff5d70.txt
2026-02-01 22:47:58,431 - INFO: Changes: {
  "echo": "echo"
}
2026-02-01 22:47:58,433 - INFO: Updated file: /Users/zachgonser/Library/Metadata/CoreSpotlight/NSFileProtectionCompleteUntilFirstUserAuthentication/index.spotlightV3/Cache/2ab02f9c/2ab02f9c65489285.txt
2026-02-01 22:47:58,433 - INFO: Changes: {
  "echo": "echo"
}
2026-02-01 22:47:58,434 - INFO: Updated file: /Users/zachgonser/Library/Metadata/CoreSpotlight/NSFileProtectionCompleteUntilFirstUserAuthentication/index.spotlightV3/Cache/2ab02f9c/2ab02f9c5aff475d.txt
2026-02-01 22:47:58,434 - INFO: Changes: {
  "echo": "echo"
}
2026-02-01 22:47:58,435 - INFO: Updated file: /Users/zachgonser/Library/Metadata/CoreSpotlight/NSFileProtectionCompleteUntilFirstUserAuthentication/index.spotlightV3/Cache/2ab02f9c/2ab02f9c8ce95b59.txt
2026-02-01 22:47:58,435 - INFO: Changes: {
  "echo": "echo"
}
2026-02-01 22:47:58,444 - INFO: Updated file: /Users/zachgonser/Library/Metadata/CoreSpotlight/NSFileProtectionCompleteUntilFirstUserAuthentication/index.spotlightV3/Cache/2ab02f9c/2ab02f9c3d6579aa.txt
2026-02-01 22:47:58,444 - INFO: Changes: {
  "echo": "echo"
}
2026-02-01 22:47:58,445 - INFO: Updated file: /Users/zachgonser/Library/Metadata/CoreSpotlight/NSFileProtectionCompleteUntilFirstUserAuthentication/index.spotlightV3/Cache/2ab02f9c/2ab02f9cbaeed497.txt
2026-02-01 22:47:58,445 - INFO: Changes: {
  "echo": "echo"
}
2026-02-01 22:47:58,446 - INFO: Updated file: /Users/zachgonser/Library/Metadata/CoreSpotlight/NSFileProtectionCompleteUntilFirstUserAuthentication/index.spotlightV3/Cache/2ab02f9c/2ab02f9c0b3e40cb.txt
2026-02-01 22:47:58,446 - INFO: Changes: {
  "echo": "echo"
}
2026-02-01 22:47:58,455 - INFO: Updated file: /Users/zachgonser/Library/Metadata/CoreSpotlight/NSFileProtectionCompleteUntilFirstUserAuthentication/index.spotlightV3/Cache/2ab02f9c/2ab02f9cf3fd3cb6.txt
2026-02-01 22:47:58,455 - INFO: Changes: {
  "echo": "echo"
}
2026-02-01 22:47:58,456 - INFO: Updated file: /Users/zachgonser/Library/Metadata/CoreSpotlight/NSFileProtectionCompleteUntilFirstUserAuthentication/index.spotlightV3/Cache/2ab02f9c/2ab02f9ca2ad35ad.txt
2026-02-01 22:47:58,456 - INFO: Changes: {
  "echo": "echo"
}
2026-02-01 22:47:58,457 - INFO: Updated file: /Users/zachgonser/Library/Metadata/CoreSpotlight/NSFileProtectionCompleteUntilFirstUserAuthentication/index.spotlightV3/Cache/2ab02f9c/2ab02f9c594caba4.txt
2026-02-01 22:47:58,457 - INFO: Changes: {
  "echo": "echo"
}
2026-02-01 22:47:58,458 - INFO: Updated file: /Users/zachgonser/Library/Metadata/CoreSpotlight/NSFileProtectionCompleteUntilFirstUserAuthentication/index.spotlightV3/Cache/2ab02f9c/2ab02f9c718c7058.txt
2026-02-01 22:47:58,458 - INFO: Changes: {
  "echo": "echo"
}
2026-02-01 22:47:58,461 - INFO: Updated file: /Users/zachgonser/Library/Metadata/CoreSpotlight/NSFileProtectionCompleteUntilFirstUserAuthentication/index.spotlightV3/Cache/2ab02f9c/2ab02f9c21d28500.txt
2026-02-01 22:47:58,461 - INFO: Changes: {
  "echo": "echo"
}
2026-02-01 22:47:58,467 - INFO: Updated file: /Users/zachgonser/Library/Metadata/CoreSpotlight/NSFileProtectionCompleteUntilFirstUserAuthentication/index.spotlightV3/Cache/2ab02f9c/2ab02f9cac0f18f3.txt
2026-02-01 22:47:58,467 - INFO: Changes: {
  "echo": "echo"
}
2026-02-01 22:47:58,474 - INFO: Updated file: /Users/zachgonser/Library/Metadata/CoreSpotlight/NSFileProtectionCompleteUntilFirstUserAuthentication/index.spotlightV3/Cache/2ab02f9c/2ab02f9c3910509c.txt
2026-02-01 22:47:58,474 - INFO: Changes: {
  "echo": "echo"
}
2026-02-01 22:47:58,481 - INFO: Updated file: /Users/zachgonser/Library/Metadata/CoreSpotlight/NSFileProtectionCompleteUntilFirstUserAuthentication/index.spotlightV3/Cache/2ab02f9c/2ab02f9c2c2b8fe3.txt
2026-02-01 22:47:58,481 - INFO: Changes: {
  "echo": "echo"
}
2026-02-01 22:47:58,482 - INFO: Updated file: /Users/zachgonser/Library/Metadata/CoreSpotlight/NSFileProtectionCompleteUntilFirstUserAuthentication/index.spotlightV3/Cache/2ab02f9c/2ab02f9c9231228d.txt
2026-02-01 22:47:58,482 - INFO: Changes: {
  "echo": "echo"
}
2026-02-01 22:47:58,525 - INFO: Updated file: /Users/zachgonser/Library/Caches/Homebrew/api/formula.jws.json
2026-02-01 22:47:58,525 - INFO: Changes: {
  "echo": "echo"
}
2026-02-01 22:47:58,547 - INFO: Updated file: /Users/zachgonser/Library/Caches/Homebrew/api/cask.jws.json
2026-02-01 22:47:58,547 - INFO: Changes: {
  "echo": "echo",
  "Echo": "Echo"
}
2026-02-01 22:47:58,555 - INFO: Updated file: /Users/zachgonser/Library/Caches/Homebrew/api/cask_names.before.txt
2026-02-01 22:47:58,555 - INFO: Changes: {
  "echo": "echo"
}
2026-02-01 22:47:58,556 - INFO: Updated file: /Users/zachgonser/Library/Caches/Homebrew/api/cask_names.txt
2026-02-01 22:47:58,556 - INFO: Changes: {
  "echo": "echo"
}
2026-02-01 22:47:58,594 - ERROR: Error processing /Users/zachgonser/Library/Caches/com.apple.AppleMediaServices/sap-setup-cert.txt: 'utf-8' codec can't decode byte 0x82 in position 7: invalid start byte
2026-02-01 22:47:58,594 - INFO: Update complete. Report saved to /Users/zachgonser/clawd/bot_reference_update_report.json
2026-02-01 23:58:29,777 - INFO: Updated file: /Users/zachgonser/clawd/plane_project_setup.sh
2026-02-01 23:58:29,777 - INFO: Changes: {
  "echo": "echo"
}
2026-02-01 23:58:29,780 - INFO: Updated file: /Users/zachgonser/clawd/retrieve-plane-items.sh
2026-02-01 23:58:29,780 - INFO: Changes: {
  "echo": "echo"
}
2026-02-01 23:58:29,781 - INFO: Updated file: /Users/zachgonser/clawd/plane_project_resolution_strategy.py
2026-02-01 23:58:29,781 - INFO: Changes: {
  "echo": "echo"
}
2026-02-01 23:58:29,783 - INFO: Updated file: /Users/zachgonser/clawd/mcp-setup.sh
2026-02-01 23:58:29,783 - INFO: Changes: {
  "echo": "echo"
}
2026-02-01 23:58:29,785 - INFO: Updated file: /Users/zachgonser/clawd/COMPLETE-PHASE-REVIEW.md
2026-02-01 23:58:29,785 - INFO: Changes: {
  "Echo": "Echo"
}
2026-02-01 23:58:29,785 - INFO: Updated file: /Users/zachgonser/clawd/START-HERE.md
2026-02-01 23:58:29,785 - INFO: Changes: {
  "echo": "echo",
  "Echo": "Echo"
}
2026-02-01 23:58:29,785 - INFO: Updated file: /Users/zachgonser/clawd/plane_project_backup.sh
2026-02-01 23:58:29,786 - INFO: Changes: {
  "echo": "echo"
}
2026-02-01 23:58:29,787 - INFO: Updated file: /Users/zachgonser/clawd/ECHO-GRAND-VISION.md
2026-02-01 23:58:29,787 - INFO: Changes: {
  "Echo": "Echo"
}
2026-02-01 23:58:29,787 - INFO: Updated file: /Users/zachgonser/clawd/SKILLS-AUDIT-INDEX.md
2026-02-01 23:58:29,787 - INFO: Changes: {
  "Echo": "Echo"
}
2026-02-01 23:58:29,788 - INFO: Updated file: /Users/zachgonser/clawd/plane_post_deployment_report_20260201_223309.json
2026-02-01 23:58:29,788 - INFO: Changes: {
  "Echo": "Echo"
}
2026-02-01 23:58:29,788 - INFO: Updated file: /Users/zachgonser/clawd/plane_comprehensive_workflow.sh
2026-02-01 23:58:29,788 - INFO: Changes: {
  "echo": "echo"
}
2026-02-01 23:58:29,789 - INFO: Updated file: /Users/zachgonser/clawd/plane_autonomous_project_resolver.py
2026-02-01 23:58:29,789 - INFO: Changes: {
  "echo": "echo"
}
2026-02-01 23:58:29,790 - INFO: Updated file: /Users/zachgonser/clawd/bot_reference_update_report.json
2026-02-01 23:58:29,790 - INFO: Changes: {
  "echo": "echo",
  "Echo": "Echo"
}
2026-02-01 23:58:29,791 - INFO: Updated file: /Users/zachgonser/clawd/QUALITY-REVIEW-REPORT.md
2026-02-01 23:58:29,791 - INFO: Changes: {
  "Echo": "Echo"
}
2026-02-01 23:58:29,791 - INFO: Updated file: /Users/zachgonser/clawd/migration-notes.md
2026-02-01 23:58:29,792 - INFO: Changes: {
  "Echo": "Echo"
}
2026-02-01 23:58:29,792 - INFO: Updated file: /Users/zachgonser/clawd/migration_log.txt
2026-02-01 23:58:29,792 - INFO: Changes: {
  "echo": "echo"
}
2026-02-01 23:58:29,793 - INFO: Updated file: /Users/zachgonser/clawd/plane_mcp_test.py
2026-02-01 23:58:29,793 - INFO: Changes: {
  "echo": "echo"
}
2026-02-01 23:58:29,793 - INFO: Updated file: /Users/zachgonser/clawd/ECHO-STAGE-BASED-ROADMAP.md
2026-02-01 23:58:29,793 - INFO: Changes: {
  "Echo": "Echo"
}
2026-02-01 23:58:29,794 - INFO: Updated file: /Users/zachgonser/clawd/VALIDATION-AUTONOMY-IMPLEMENTATION.md
2026-02-01 23:58:29,794 - INFO: Changes: {
  "Echo": "Echo"
}
2026-02-01 23:58:29,794 - INFO: Updated file: /Users/zachgonser/clawd/migration_report_20260201_224614.json
2026-02-01 23:58:29,794 - INFO: Changes: {
  "echo": "echo"
}
2026-02-01 23:58:29,799 - INFO: Updated file: /Users/zachgonser/clawd/PHASE-4-EXECUTION.md
2026-02-01 23:58:29,799 - INFO: Changes: {
  "echo": "echo",
  "Echo": "Echo"
}
2026-02-01 23:58:29,799 - INFO: Updated file: /Users/zachgonser/clawd/AUDIT-COMPLETION-REPORT.md
2026-02-01 23:58:29,799 - INFO: Changes: {
  "Echo": "Echo"
}
2026-02-01 23:58:29,800 - INFO: Updated file: /Users/zachgonser/clawd/PHASE-3-EXECUTION.md
2026-02-01 23:58:29,800 - INFO: Changes: {
  "Echo": "Echo"
}
2026-02-01 23:58:29,801 - INFO: Updated file: /Users/zachgonser/clawd/STAGE-0-VALIDATION-REPORT.md
2026-02-01 23:58:29,801 - INFO: Changes: {
  "Echo": "Echo"
}
2026-02-01 23:58:29,801 - INFO: Updated file: /Users/zachgonser/clawd/MODEL-ORCHESTRATION-IMPLEMENTATION-PLAN.md
2026-02-01 23:58:29,801 - INFO: Changes: {
  "echo": "echo",
  "Echo": "Echo"
}
2026-02-01 23:58:29,802 - INFO: Updated file: /Users/zachgonser/clawd/plane-mcp-comprehensive-setup.sh
2026-02-01 23:58:29,802 - INFO: Changes: {
  "echo": "echo"
}
2026-02-01 23:58:29,802 - INFO: Updated file: /Users/zachgonser/clawd/PHASE-ZERO-EXECUTION.md
2026-02-01 23:58:29,802 - INFO: Changes: {
  "echo": "echo",
  "Echo": "Echo"
}
2026-02-01 23:58:29,803 - INFO: Updated file: /Users/zachgonser/clawd/migration_report_20260201_235815.json
2026-02-01 23:58:29,803 - INFO: Changes: {
  "echo": "echo"
}
2026-02-01 23:58:29,803 - INFO: Updated file: /Users/zachgonser/clawd/audit-skills.sh
2026-02-01 23:58:29,803 - INFO: Changes: {
  "echo": "echo",
  "Echo": "Echo"
}
2026-02-01 23:58:29,803 - INFO: Updated file: /Users/zachgonser/clawd/HEARTBEAT.md
2026-02-01 23:58:29,803 - INFO: Changes: {
  "echo": "echo"
}
2026-02-01 23:58:29,804 - INFO: Updated file: /Users/zachgonser/clawd/FINANCIAL-MODELS.md
2026-02-01 23:58:29,804 - INFO: Changes: {
  "Echo": "Echo"
}
2026-02-01 23:58:29,808 - INFO: Updated file: /Users/zachgonser/clawd/PHASE-2-EXECUTION.md
2026-02-01 23:58:29,808 - INFO: Changes: {
  "Echo": "Echo"
}
2026-02-01 23:58:29,810 - INFO: Updated file: /Users/zachgonser/clawd/PHASE-5-EXECUTION.md
2026-02-01 23:58:29,810 - INFO: Changes: {
  "Echo": "Echo"
}
2026-02-01 23:58:29,810 - INFO: Updated file: /Users/zachgonser/clawd/comprehensive_migration_script.py
2026-02-01 23:58:29,810 - INFO: Changes: {
  "echo": "echo"
}
2026-02-01 23:58:29,812 - INFO: Updated file: /Users/zachgonser/clawd/financial-data.json
2026-02-01 23:58:29,812 - INFO: Changes: {
  "Echo": "Echo"
}
2026-02-01 23:58:29,812 - INFO: Updated file: /Users/zachgonser/clawd/PHASE-1-STRATEGIC-PLAN.md
2026-02-01 23:58:29,812 - INFO: Changes: {
  "echo": "echo",
  "Echo": "Echo"
}
2026-02-01 23:58:29,812 - INFO: Updated file: /Users/zachgonser/clawd/MODEL-ORCHESTRATION-MONITORING.md
2026-02-01 23:58:29,812 - INFO: Changes: {
  "echo": "echo"
}
2026-02-01 23:58:29,813 - INFO: Updated file: /Users/zachgonser/clawd/migration_report_20260201_224548.json
2026-02-01 23:58:29,813 - INFO: Changes: {
  "echo": "echo"
}
2026-02-01 23:58:29,813 - INFO: Updated file: /Users/zachgonser/clawd/DOCUMENTATION-STATUS.md
2026-02-01 23:58:29,813 - INFO: Changes: {
  "Echo": "Echo"
}
2026-02-01 23:58:29,814 - INFO: Updated file: /Users/zachgonser/clawd/migration_report_20260201_224749.json
2026-02-01 23:58:29,814 - INFO: Changes: {
  "echo": "echo"
}
2026-02-01 23:58:29,814 - INFO: Updated file: /Users/zachgonser/clawd/PHASE-7-EXECUTION.md
2026-02-01 23:58:29,814 - INFO: Changes: {
  "echo": "echo",
  "Echo": "Echo"
}
2026-02-01 23:58:29,816 - INFO: Updated file: /Users/zachgonser/clawd/ECHO-STRATEGIC-PLAN.md
2026-02-01 23:58:29,816 - INFO: Changes: {
  "Echo": "Echo"
}
2026-02-01 23:58:29,816 - INFO: Updated file: /Users/zachgonser/clawd/SKILLS-QUICK-REF.md
2026-02-01 23:58:29,816 - INFO: Changes: {
  "Echo": "Echo"
}
2026-02-01 23:58:29,817 - INFO: Updated file: /Users/zachgonser/clawd/PHASE-ZERO-COORDINATOR-REPORT.md
2026-02-01 23:58:29,817 - INFO: Changes: {
  "echo": "echo"
}
2026-02-01 23:58:29,817 - INFO: Updated file: /Users/zachgonser/clawd/update_cron_jobs.py
2026-02-01 23:58:29,817 - INFO: Changes: {
  "echo": "echo",
  "Echo": "Echo"
}
2026-02-01 23:58:29,818 - INFO: Updated file: /Users/zachgonser/clawd/SKILLS-DETAILED-BREAKDOWN.md
2026-02-01 23:58:29,818 - INFO: Changes: {
  "Echo": "Echo"
}
2026-02-01 23:58:29,818 - INFO: Updated file: /Users/zachgonser/clawd/CODING-AGENT-INTEGRATION.md
2026-02-01 23:58:29,818 - INFO: Changes: {
  "echo": "echo",
  "Echo": "Echo"
}
2026-02-01 23:58:29,825 - INFO: Updated file: /Users/zachgonser/clawd/plane-mcp-startup.sh
2026-02-01 23:58:29,825 - INFO: Changes: {
  "echo": "echo"
}
2026-02-01 23:58:29,825 - INFO: Updated file: /Users/zachgonser/clawd/SKILLS-AUDIT-SUMMARY.md
2026-02-01 23:58:29,825 - INFO: Changes: {
  "echo": "echo",
  "Echo": "Echo"
}
2026-02-01 23:58:29,827 - INFO: Updated file: /Users/zachgonser/clawd/PHASE-1-EXECUTION.md
2026-02-01 23:58:29,827 - INFO: Changes: {
  "echo": "echo"
}
2026-02-01 23:58:29,828 - INFO: Updated file: /Users/zachgonser/clawd/PHASE-6-EXECUTION.md
2026-02-01 23:58:29,828 - INFO: Changes: {
  "Echo": "Echo"
}
2026-02-01 23:58:29,830 - INFO: Updated file: /Users/zachgonser/clawd/plane_mcp_client.py
2026-02-01 23:58:29,830 - INFO: Changes: {
  "echo": "echo"
}
2026-02-01 23:58:29,830 - INFO: Updated file: /Users/zachgonser/clawd/VALIDATION-REPORT.md
2026-02-01 23:58:29,830 - INFO: Changes: {
  "Echo": "Echo"
}
2026-02-01 23:58:29,831 - INFO: Updated file: /Users/zachgonser/clawd/plane_post_deployment_report_20260201_224318.json
2026-02-01 23:58:29,831 - INFO: Changes: {
  "Echo": "Echo"
}
2026-02-01 23:58:29,832 - INFO: Updated file: /Users/zachgonser/clawd/SKILLS-AUDIT-REPORT.md
2026-02-01 23:58:29,832 - INFO: Changes: {
  "Echo": "Echo"
}
2026-02-01 23:58:29,832 - INFO: Updated file: /Users/zachgonser/clawd/STAGE-1-BUSINESS-ANALYSIS.md
2026-02-01 23:58:29,832 - INFO: Changes: {
  "Echo": "Echo"
}
2026-02-01 23:58:29,833 - INFO: Updated file: /Users/zachgonser/clawd/plane-mcp-list-items.json
2026-02-01 23:58:29,833 - INFO: Changes: {
  "Echo": "Echo"
}
2026-02-01 23:58:29,833 - INFO: Updated file: /Users/zachgonser/clawd/DUAL-TRACK-EXECUTION-PLAN.md
2026-02-01 23:58:29,833 - INFO: Changes: {
  "Echo": "Echo"
}
2026-02-01 23:58:29,833 - INFO: Updated file: /Users/zachgonser/clawd/update_bot_references.py
2026-02-01 23:58:29,833 - INFO: Changes: {
  "echo": "echo",
  "Echo": "Echo"
}
2026-02-01 23:58:29,835 - INFO: Updated file: /Users/zachgonser/clawd/YOUR-MULTIMODEL-ARSENAL.md
2026-02-01 23:58:29,835 - INFO: Changes: {
  "Echo": "Echo"
}
2026-02-01 23:58:29,836 - INFO: Updated file: /Users/zachgonser/clawd/OVERNIGHT-WORK-SUMMARY.md
2026-02-01 23:58:29,836 - INFO: Changes: {
  "Echo": "Echo"
}
2026-02-01 23:58:29,836 - INFO: Updated file: /Users/zachgonser/clawd/INTEGRATION-SUMMARY.md
2026-02-01 23:58:29,836 - INFO: Changes: {
  "Echo": "Echo"
}
2026-02-01 23:58:29,837 - INFO: Updated file: /Users/zachgonser/clawd/mcp-comprehensive-setup.sh
2026-02-01 23:58:29,837 - INFO: Changes: {
  "echo": "echo"
}
2026-02-01 23:58:29,837 - INFO: Updated file: /Users/zachgonser/clawd/PRIVACY-FRAMEWORK.md
2026-02-01 23:58:29,837 - INFO: Changes: {
  "Echo": "Echo"
}
2026-02-01 23:58:29,842 - INFO: Updated file: /Users/zachgonser/clawd/VALIDATION-SELF-HEALING-ARCHITECTURE.md
2026-02-01 23:58:29,842 - INFO: Changes: {
  "echo": "echo",
  "Echo": "Echo"
}
2026-02-01 23:58:29,842 - INFO: Updated file: /Users/zachgonser/clawd/audit-skills.py
2026-02-01 23:58:29,842 - INFO: Changes: {
  "echo": "echo",
  "Echo": "Echo"
}
2026-02-01 23:58:29,844 - INFO: Updated file: /Users/zachgonser/clawd/documentation/plane-mcp-troubleshooting.md
2026-02-01 23:58:29,844 - INFO: Changes: {
  "Echo": "Echo"
}
2026-02-01 23:58:29,846 - INFO: Updated file: /Users/zachgonser/clawd/monitor/DAY-7-DEPLOYMENT-COMPLETE.md
2026-02-01 23:58:29,846 - INFO: Changes: {
  "echo": "echo",
  "Echo": "Echo"
}
2026-02-01 23:58:29,847 - INFO: Updated file: /Users/zachgonser/clawd/monitor/GO-LIVE-PLAN.md
2026-02-01 23:58:29,847 - INFO: Changes: {
  "echo": "echo"
}
2026-02-01 23:58:29,847 - INFO: Updated file: /Users/zachgonser/clawd/monitor/QUALITY-REVIEW.md
2026-02-01 23:58:29,847 - INFO: Changes: {
  "Echo": "Echo"
}
2026-02-01 23:58:29,848 - INFO: Updated file: /Users/zachgonser/clawd/monitor/DEPLOYMENT-CHECKLIST.md
2026-02-01 23:58:29,848 - INFO: Changes: {
  "Echo": "Echo"
}
2026-02-01 23:58:29,848 - INFO: Updated file: /Users/zachgonser/clawd/monitor/DEEP-CODE-REVIEW.md
2026-02-01 23:58:29,849 - INFO: Changes: {
  "Echo": "Echo"
}
2026-02-01 23:58:29,849 - INFO: Updated file: /Users/zachgonser/clawd/monitor/manage.sh
2026-02-01 23:58:29,849 - INFO: Changes: {
  "echo": "echo"
}
2026-02-01 23:58:29,849 - INFO: Updated file: /Users/zachgonser/clawd/monitor/STATUS.md
2026-02-01 23:58:29,849 - INFO: Changes: {
  "Echo": "Echo"
}
2026-02-01 23:58:29,849 - INFO: Updated file: /Users/zachgonser/clawd/monitor/DAY-7-SAFETY-ANALYSIS.md
2026-02-01 23:58:29,849 - INFO: Changes: {
  "echo": "echo"
}
2026-02-01 23:58:29,850 - INFO: Updated file: /Users/zachgonser/clawd/monitor/CRITICAL-BUG-FIXED.md
2026-02-01 23:58:29,850 - INFO: Changes: {
  "Echo": "Echo"
}
2026-02-01 23:58:29,850 - INFO: Updated file: /Users/zachgonser/clawd/monitor/test_deployment.sh
2026-02-01 23:58:29,850 - INFO: Changes: {
  "echo": "echo"
}
2026-02-01 23:58:29,850 - INFO: Updated file: /Users/zachgonser/clawd/monitor/README.md
2026-02-01 23:58:29,851 - INFO: Changes: {
  "Echo": "Echo"
}
2026-02-01 23:58:29,851 - INFO: Updated file: /Users/zachgonser/clawd/monitor/setup.py
2026-02-01 23:58:29,851 - INFO: Changes: {
  "Echo": "Echo"
}
2026-02-01 23:58:29,851 - INFO: Updated file: /Users/zachgonser/clawd/monitor/DEPLOYMENT.md
2026-02-01 23:58:29,851 - INFO: Changes: {
  "echo": "echo"
}
2026-02-01 23:58:29,852 - INFO: Updated file: /Users/zachgonser/clawd/monitor/ALL-ISSUES-RESOLVED.md
2026-02-01 23:58:29,852 - INFO: Changes: {
  "echo": "echo"
}
2026-02-01 23:58:29,852 - INFO: Updated file: /Users/zachgonser/clawd/monitor/DEPLOYMENT-SUCCESS.md
2026-02-01 23:58:29,852 - INFO: Changes: {
  "echo": "echo"
}
2026-02-01 23:58:29,853 - INFO: Updated file: /Users/zachgonser/clawd/monitor/test_dry_run.sh
2026-02-01 23:58:29,853 - INFO: Changes: {
  "echo": "echo"
}
2026-02-01 23:58:29,853 - INFO: Updated file: /Users/zachgonser/clawd/monitor/deploy.sh
2026-02-01 23:58:29,853 - INFO: Changes: {
  "echo": "echo"
}
2026-02-01 23:58:29,856 - INFO: Updated file: /Users/zachgonser/clawd/monitor/VERIFICATION-COMPLETE.md
2026-02-01 23:58:29,856 - INFO: Changes: {
  "Echo": "Echo"
}
2026-02-01 23:58:29,859 - INFO: Updated file: /Users/zachgonser/clawd/monitor/monitor/healers/cron_healer.py
2026-02-01 23:58:29,859 - INFO: Changes: {
  "echo": "echo"
}
2026-02-01 23:58:29,859 - INFO: Updated file: /Users/zachgonser/clawd/monitor/monitor/healers/gateway_healer.py
2026-02-01 23:58:29,859 - INFO: Changes: {
  "echo": "echo"
}
2026-02-01 23:58:29,860 - INFO: Updated file: /Users/zachgonser/clawd/monitor/monitor/healers/disk_healer.py
2026-02-01 23:58:29,860 - INFO: Changes: {
  "echo": "echo"
}
2026-02-01 23:58:29,861 - INFO: Updated file: /Users/zachgonser/clawd/monitor/monitor/detectors/gateway_detector.py
2026-02-01 23:58:29,861 - INFO: Changes: {
  "echo": "echo",
  "Echo": "Echo"
}
2026-02-01 23:58:29,862 - INFO: Updated file: /Users/zachgonser/clawd/monitor/monitor/detectors/cron_detector.py
2026-02-01 23:58:29,862 - INFO: Changes: {
  "echo": "echo",
  "Echo": "Echo"
}
2026-02-01 23:58:29,862 - INFO: Updated file: /Users/zachgonser/clawd/monitor/config/config.yaml
2026-02-01 23:58:29,862 - INFO: Changes: {
  "echo": "echo"
}
2026-02-01 23:58:29,863 - INFO: Updated file: /Users/zachgonser/clawd/monitor/scripts/start-monitor.sh
2026-02-01 23:58:29,863 - INFO: Changes: {
  "echo": "echo"
}
2026-02-01 23:58:29,863 - INFO: Updated file: /Users/zachgonser/clawd/monitor/scripts/status-monitor.sh
2026-02-01 23:58:29,863 - INFO: Changes: {
  "echo": "echo"
}
2026-02-01 23:58:29,863 - INFO: Updated file: /Users/zachgonser/clawd/monitor/scripts/stop-monitor.sh
2026-02-01 23:58:29,864 - INFO: Changes: {
  "echo": "echo"
}
2026-02-01 23:58:29,880 - INFO: Updated file: /Users/zachgonser/clawd/monitor/venv/lib/python3.9/site-packages/dotenv/cli.py
2026-02-01 23:58:29,880 - INFO: Changes: {
  "echo": "echo"
}
2026-02-01 23:58:29,892 - INFO: Updated file: /Users/zachgonser/clawd/monitor/venv/lib/python3.9/site-packages/pygments/lexers/rebol.py
2026-02-01 23:58:29,892 - INFO: Changes: {
  "echo": "echo"
}
2026-02-01 23:58:29,899 - INFO: Updated file: /Users/zachgonser/clawd/monitor/venv/lib/python3.9/site-packages/pygments/lexers/_scilab_builtins.py
2026-02-01 23:58:29,899 - INFO: Changes: {
  "echo": "echo"
}
2026-02-01 23:58:29,900 - INFO: Updated file: /Users/zachgonser/clawd/monitor/venv/lib/python3.9/site-packages/pygments/lexers/j.py
2026-02-01 23:58:29,900 - INFO: Changes: {
  "echo": "echo"
}
2026-02-01 23:58:29,906 - INFO: Updated file: /Users/zachgonser/clawd/monitor/venv/lib/python3.9/site-packages/pygments/lexers/_php_builtins.py
2026-02-01 23:58:29,906 - INFO: Changes: {
  "echo": "echo"
}
2026-02-01 23:58:29,906 - INFO: Updated file: /Users/zachgonser/clawd/monitor/venv/lib/python3.9/site-packages/pygments/lexers/shell.py
2026-02-01 23:58:29,906 - INFO: Changes: {
  "echo": "echo"
}
2026-02-01 23:58:29,907 - INFO: Updated file: /Users/zachgonser/clawd/monitor/venv/lib/python3.9/site-packages/pygments/lexers/scripting.py
2026-02-01 23:58:29,907 - INFO: Changes: {
  "echo": "echo"
}
2026-02-01 23:58:29,910 - INFO: Updated file: /Users/zachgonser/clawd/monitor/venv/lib/python3.9/site-packages/pygments/lexers/matlab.py
2026-02-01 23:58:29,910 - INFO: Changes: {
  "echo": "echo"
}
2026-02-01 23:58:29,911 - INFO: Updated file: /Users/zachgonser/clawd/monitor/venv/lib/python3.9/site-packages/pygments/lexers/_vim_builtins.py
2026-02-01 23:58:29,911 - INFO: Changes: {
  "echo": "echo"
}
2026-02-01 23:58:29,911 - INFO: Updated file: /Users/zachgonser/clawd/monitor/venv/lib/python3.9/site-packages/pygments/lexers/teraterm.py
2026-02-01 23:58:29,911 - INFO: Changes: {
  "echo": "echo"
}
2026-02-01 23:58:29,913 - INFO: Updated file: /Users/zachgonser/clawd/monitor/venv/lib/python3.9/site-packages/pygments/lexers/ncl.py
2026-02-01 23:58:29,913 - INFO: Changes: {
  "echo": "echo"
}
2026-02-01 23:58:29,917 - INFO: Updated file: /Users/zachgonser/clawd/monitor/venv/lib/python3.9/site-packages/pygments/lexers/_lasso_builtins.py
2026-02-01 23:58:29,917 - INFO: Changes: {
  "echo": "echo"
}
2026-02-01 23:58:29,919 - INFO: Updated file: /Users/zachgonser/clawd/monitor/venv/lib/python3.9/site-packages/pygments/lexers/installers.py
2026-02-01 23:58:29,919 - INFO: Changes: {
  "echo": "echo"
}
2026-02-01 23:58:29,921 - INFO: Updated file: /Users/zachgonser/clawd/monitor/venv/lib/python3.9/site-packages/pygments/lexers/gleam.py
2026-02-01 23:58:29,921 - INFO: Changes: {
  "echo": "echo"
}
2026-02-01 23:58:29,922 - INFO: Updated file: /Users/zachgonser/clawd/monitor/venv/lib/python3.9/site-packages/pygments/lexers/_cl_builtins.py
2026-02-01 23:58:29,922 - INFO: Changes: {
  "echo": "echo"
}
2026-02-01 23:58:29,925 - INFO: Updated file: /Users/zachgonser/clawd/monitor/venv/lib/python3.9/site-packages/pygments/lexers/php.py
2026-02-01 23:58:29,925 - INFO: Changes: {
  "echo": "echo"
}
2026-02-01 23:58:29,926 - INFO: Updated file: /Users/zachgonser/clawd/monitor/venv/lib/python3.9/site-packages/pygments/lexers/praat.py
2026-02-01 23:58:29,926 - INFO: Changes: {
  "echo": "echo"
}
2026-02-01 23:58:29,929 - INFO: Updated file: /Users/zachgonser/clawd/monitor/venv/lib/python3.9/site-packages/pygments/lexers/openscad.py
2026-02-01 23:58:29,929 - INFO: Changes: {
  "echo": "echo"
}
2026-02-01 23:58:29,931 - INFO: Updated file: /Users/zachgonser/clawd/monitor/venv/lib/python3.9/site-packages/pygments/lexers/macaulay2.py
2026-02-01 23:58:29,931 - INFO: Changes: {
  "echo": "echo",
  "Echo": "Echo"
}
2026-02-01 23:58:29,986 - INFO: Updated file: /Users/zachgonser/clawd/monitor/venv/lib/python3.9/site-packages/pip/_vendor/chardet/hebrewprober.py
2026-02-01 23:58:29,986 - INFO: Changes: {
  "echo": "echo"
}
2026-02-01 23:58:30,077 - INFO: Updated file: /Users/zachgonser/clawd/monitor/venv/lib/python3.9/site-packages/_pytest/_argcomplete.py
2026-02-01 23:58:30,078 - INFO: Changes: {
  "echo": "echo"
}
2026-02-01 23:58:30,078 - INFO: Updated file: /Users/zachgonser/clawd/monitor/venv/lib/python3.9/site-packages/_pytest/capture.py
2026-02-01 23:58:30,078 - INFO: Changes: {
  "echo": "echo"
}
2026-02-01 23:58:30,086 - INFO: Updated file: /Users/zachgonser/clawd/memory/bloom-cron-jobs-draft.md
2026-02-01 23:58:30,086 - INFO: Changes: {
  "echo": "echo"
}
2026-02-01 23:58:30,086 - INFO: Updated file: /Users/zachgonser/clawd/memory/2026-02-01-plane-api-exploration.md
2026-02-01 23:58:30,087 - INFO: Changes: {
  "Echo": "Echo"
}
2026-02-01 23:58:30,088 - INFO: Updated file: /Users/zachgonser/clawd/memory/2026-01-29.md
2026-02-01 23:58:30,088 - INFO: Changes: {
  "echo": "echo"
}
2026-02-01 23:58:30,088 - INFO: Updated file: /Users/zachgonser/clawd/memory/2026-01-30-memory-optimization-analysis.md
2026-02-01 23:58:30,088 - INFO: Changes: {
  "echo": "echo"
}
2026-02-01 23:58:30,088 - INFO: Updated file: /Users/zachgonser/clawd/memory/2026-01-30-ai-hardware-roadmap.md
2026-02-01 23:58:30,088 - INFO: Changes: {
  "Echo": "Echo"
}
2026-02-01 23:58:30,089 - INFO: Updated file: /Users/zachgonser/clawd/memory/2026-01-29-mac-migration.md
2026-02-01 23:58:30,089 - INFO: Changes: {
  "echo": "echo",
  "Echo": "Echo"
}
2026-02-01 23:58:30,090 - INFO: Updated file: /Users/zachgonser/clawd/memory/2026-02-01-project-tracking-tool-selection.md
2026-02-01 23:58:30,090 - INFO: Changes: {
  "echo": "echo",
  "Echo": "Echo"
}
2026-02-01 23:58:30,091 - INFO: Updated file: /Users/zachgonser/clawd/memory/2026-01-31.md
2026-02-01 23:58:30,091 - INFO: Changes: {
  "echo": "echo",
  "Echo": "Echo"
}
2026-02-01 23:58:30,091 - INFO: Updated file: /Users/zachgonser/clawd/memory/2026-01-30-model-defaults.md
2026-02-01 23:58:30,091 - INFO: Changes: {
  "echo": "echo"
}
2026-02-01 23:58:30,091 - INFO: Updated file: /Users/zachgonser/clawd/memory/zach-principles.md
2026-02-01 23:58:30,091 - INFO: Changes: {
  "Echo": "Echo"
}
2026-02-01 23:58:30,091 - INFO: Updated file: /Users/zachgonser/clawd/memory/audits/windows-deep-audit-2026-01-29.md
2026-02-01 23:58:30,091 - INFO: Changes: {
  "echo": "echo",
  "Echo": "Echo"
}
2026-02-01 23:58:30,092 - INFO: Updated file: /Users/zachgonser/clawd/memory/audits/windows-remediation-results-2026-01-30.md
2026-02-01 23:58:30,092 - INFO: Changes: {
  "echo": "echo",
  "Echo": "Echo"
}
2026-02-01 23:58:30,092 - INFO: Updated file: /Users/zachgonser/clawd/memory/audits/windows-config-audit-2026-01-30.md
2026-02-01 23:58:30,092 - INFO: Changes: {
  "echo": "echo",
  "Echo": "Echo"
}
2026-02-01 23:58:30,092 - INFO: Updated file: /Users/zachgonser/clawd/memory/audits/windows-remediation-summary-2026-01-30.md
2026-02-01 23:58:30,092 - INFO: Changes: {
  "echo": "echo"
}
2026-02-01 23:58:30,092 - INFO: Updated file: /Users/zachgonser/clawd/memory/projects/richness-upgrade.md
2026-02-01 23:58:30,092 - INFO: Changes: {
  "Echo": "Echo"
}
2026-02-01 23:58:30,105 - INFO: Updated file: /Users/zachgonser/clawd/memory/archives/2026-01-migration-complete.md
2026-02-01 23:58:30,105 - INFO: Changes: {
  "Echo": "Echo"
}
2026-02-01 23:58:30,105 - INFO: Updated file: /Users/zachgonser/clawd/memory/archives/2026-01/2026-01-30-early-morning-work.md
2026-02-01 23:58:30,105 - INFO: Changes: {
  "echo": "echo"
}
2026-02-01 23:58:30,106 - INFO: Updated file: /Users/zachgonser/clawd/memory/stanton-times/reaction-handler.md
2026-02-01 23:58:30,106 - INFO: Changes: {
  "Echo": "Echo"
}
2026-02-01 23:58:30,106 - INFO: Updated file: /Users/zachgonser/clawd/memory/stanton-times/spectrum-sources.md
2026-02-01 23:58:30,106 - INFO: Changes: {
  "echo": "echo"
}
2026-02-01 23:58:30,106 - INFO: Updated file: /Users/zachgonser/clawd/memory/bloom-audit/BLOOM-RECOMMENDATIONS-2026-01-28.md
2026-02-01 23:58:30,106 - INFO: Changes: {
  "Echo": "Echo"
}
2026-02-01 23:58:30,110 - INFO: Updated file: /Users/zachgonser/clawd/memory/bloom-audit/DEEP-DOCUMENTATION-ANALYSIS.md
2026-02-01 23:58:30,110 - INFO: Changes: {
  "echo": "echo"
}
2026-02-01 23:58:30,111 - INFO: Updated file: /Users/zachgonser/clawd/memory/bloom-audit/deep-dive-multiplayer.md
2026-02-01 23:58:30,111 - INFO: Changes: {
  "Echo": "Echo"
}
2026-02-01 23:58:30,111 - INFO: Updated file: /Users/zachgonser/clawd/memory/bloom-audit/AUDIT-SUMMARY.md
2026-02-01 23:58:30,111 - INFO: Changes: {
  "Echo": "Echo"
}
2026-02-01 23:58:30,113 - INFO: Updated file: /Users/zachgonser/clawd/memory/bloom-audit/DEEP-DIVE-VALIDATION-3.md
2026-02-01 23:58:30,113 - INFO: Changes: {
  "Echo": "Echo"
}
2026-02-01 23:58:30,114 - INFO: Updated file: /Users/zachgonser/clawd/memory/bloom-audit/DEEP-DIVE-VALIDATION-2.md
2026-02-01 23:58:30,114 - INFO: Changes: {
  "Echo": "Echo"
}
2026-02-01 23:58:30,118 - INFO: Updated file: /Users/zachgonser/clawd/dashboard-integration/docs/integration_plan.md
2026-02-01 23:58:30,118 - INFO: Changes: {
  "echo": "echo",
  "Echo": "Echo"
}
2026-02-01 23:58:30,119 - INFO: Updated file: /Users/zachgonser/clawd/dashboard-integration/docs/architecture.txt
2026-02-01 23:58:30,119 - INFO: Changes: {
  "Echo": "Echo"
}
2026-02-01 23:58:30,120 - INFO: Updated file: /Users/zachgonser/clawd/projects/stanton-times-agent/IDENTITY.md
2026-02-01 23:58:30,120 - INFO: Changes: {
  "echo": "echo"
}
2026-02-01 23:58:30,120 - INFO: Updated file: /Users/zachgonser/clawd/projects/stanton-times-agent/JOBS-UPDATE-COMPLETE.md
2026-02-01 23:58:30,120 - INFO: Changes: {
  "echo": "echo"
}
2026-02-01 23:58:30,120 - INFO: Updated file: /Users/zachgonser/clawd/projects/stanton-times-agent/HEARTBEAT.md
2026-02-01 23:58:30,120 - INFO: Changes: {
  "echo": "echo"
}
2026-02-01 23:58:30,121 - INFO: Updated file: /Users/zachgonser/clawd/projects/stanton-times-agent/SOUL.md
2026-02-01 23:58:30,121 - INFO: Changes: {
  "echo": "echo"
}
2026-02-01 23:58:30,122 - INFO: Updated file: /Users/zachgonser/clawd/projects/stanton-times-agent/COMPREHENSIVE-REVIEW.md
2026-02-01 23:58:30,122 - INFO: Changes: {
  "echo": "echo"
}
2026-02-01 23:58:30,123 - INFO: Updated file: /Users/zachgonser/clawd/projects/stanton-times-agent/config/reaction-handler.md
2026-02-01 23:58:30,123 - INFO: Changes: {
  "Echo": "Echo"
}
2026-02-01 23:58:30,124 - INFO: Updated file: /Users/zachgonser/clawd/projects/stanton-times-agent/config/spectrum-sources.md
2026-02-01 23:58:30,124 - INFO: Changes: {
  "echo": "echo"
}
2026-02-01 23:58:30,125 - INFO: Updated file: /Users/zachgonser/clawd/tests/model-orchestration/test-1-monitoring.sh
2026-02-01 23:58:30,125 - INFO: Changes: {
  "echo": "echo"
}
2026-02-01 23:58:30,125 - INFO: Updated file: /Users/zachgonser/clawd/tests/model-orchestration/run-all-tests.sh
2026-02-01 23:58:30,125 - INFO: Changes: {
  "echo": "echo"
}
2026-02-01 23:58:30,126 - INFO: Updated file: /Users/zachgonser/clawd/tests/model-orchestration/PHASE-1-DEPLOYMENT.md
2026-02-01 23:58:30,126 - INFO: Changes: {
  "echo": "echo"
}
2026-02-01 23:58:30,126 - INFO: Updated file: /Users/zachgonser/clawd/tests/model-orchestration/test-1-simple.sh
2026-02-01 23:58:30,126 - INFO: Changes: {
  "echo": "echo"
}
2026-02-01 23:58:30,127 - INFO: Updated file: /Users/zachgonser/clawd/tests/model-orchestration/safe-ollama-call.sh
2026-02-01 23:58:30,127 - INFO: Changes: {
  "echo": "echo"
}
2026-02-01 23:58:30,127 - INFO: Updated file: /Users/zachgonser/clawd/tests/model-orchestration/test1-8b.sh
2026-02-01 23:58:30,127 - INFO: Changes: {
  "echo": "echo"
}
2026-02-01 23:58:30,127 - INFO: Updated file: /Users/zachgonser/clawd/tests/model-orchestration/SAFEGUARDS.md
2026-02-01 23:58:30,127 - INFO: Changes: {
  "Echo": "Echo"
}
2026-02-01 23:58:30,164 - INFO: Updated file: /Users/zachgonser/clawd/plane-mcp-server/.venv/lib/python3.10/site-packages/dotenv/cli.py
2026-02-01 23:58:30,164 - INFO: Changes: {
  "echo": "echo"
}
2026-02-01 23:58:30,179 - INFO: Updated file: /Users/zachgonser/clawd/plane-mcp-server/.venv/lib/python3.10/site-packages/pygments/lexers/rebol.py
2026-02-01 23:58:30,179 - INFO: Changes: {
  "echo": "echo"
}
2026-02-01 23:58:30,191 - INFO: Updated file: /Users/zachgonser/clawd/plane-mcp-server/.venv/lib/python3.10/site-packages/pygments/lexers/_scilab_builtins.py
2026-02-01 23:58:30,191 - INFO: Changes: {
  "echo": "echo"
}
2026-02-01 23:58:30,192 - INFO: Updated file: /Users/zachgonser/clawd/plane-mcp-server/.venv/lib/python3.10/site-packages/pygments/lexers/j.py
2026-02-01 23:58:30,192 - INFO: Changes: {
  "echo": "echo"
}
2026-02-01 23:58:30,199 - INFO: Updated file: /Users/zachgonser/clawd/plane-mcp-server/.venv/lib/python3.10/site-packages/pygments/lexers/_php_builtins.py
2026-02-01 23:58:30,199 - INFO: Changes: {
  "echo": "echo"
}
2026-02-01 23:58:30,199 - INFO: Updated file: /Users/zachgonser/clawd/plane-mcp-server/.venv/lib/python3.10/site-packages/pygments/lexers/shell.py
2026-02-01 23:58:30,199 - INFO: Changes: {
  "echo": "echo"
}
2026-02-01 23:58:30,200 - INFO: Updated file: /Users/zachgonser/clawd/plane-mcp-server/.venv/lib/python3.10/site-packages/pygments/lexers/scripting.py
2026-02-01 23:58:30,200 - INFO: Changes: {
  "echo": "echo"
}
2026-02-01 23:58:30,202 - INFO: Updated file: /Users/zachgonser/clawd/plane-mcp-server/.venv/lib/python3.10/site-packages/pygments/lexers/matlab.py
2026-02-01 23:58:30,202 - INFO: Changes: {
  "echo": "echo"
}
2026-02-01 23:58:30,203 - INFO: Updated file: /Users/zachgonser/clawd/plane-mcp-server/.venv/lib/python3.10/site-packages/pygments/lexers/_vim_builtins.py
2026-02-01 23:58:30,203 - INFO: Changes: {
  "echo": "echo"
}
2026-02-01 23:58:30,203 - INFO: Updated file: /Users/zachgonser/clawd/plane-mcp-server/.venv/lib/python3.10/site-packages/pygments/lexers/teraterm.py
2026-02-01 23:58:30,203 - INFO: Changes: {
  "echo": "echo"
}
2026-02-01 23:58:30,205 - INFO: Updated file: /Users/zachgonser/clawd/plane-mcp-server/.venv/lib/python3.10/site-packages/pygments/lexers/ncl.py
2026-02-01 23:58:30,205 - INFO: Changes: {
  "echo": "echo"
}
2026-02-01 23:58:30,209 - INFO: Updated file: /Users/zachgonser/clawd/plane-mcp-server/.venv/lib/python3.10/site-packages/pygments/lexers/_lasso_builtins.py
2026-02-01 23:58:30,209 - INFO: Changes: {
  "echo": "echo"
}
2026-02-01 23:58:30,210 - INFO: Updated file: /Users/zachgonser/clawd/plane-mcp-server/.venv/lib/python3.10/site-packages/pygments/lexers/installers.py
2026-02-01 23:58:30,210 - INFO: Changes: {
  "echo": "echo"
}
2026-02-01 23:58:30,213 - INFO: Updated file: /Users/zachgonser/clawd/plane-mcp-server/.venv/lib/python3.10/site-packages/pygments/lexers/gleam.py
2026-02-01 23:58:30,213 - INFO: Changes: {
  "echo": "echo"
}
2026-02-01 23:58:30,214 - INFO: Updated file: /Users/zachgonser/clawd/plane-mcp-server/.venv/lib/python3.10/site-packages/pygments/lexers/_cl_builtins.py
2026-02-01 23:58:30,214 - INFO: Changes: {
  "echo": "echo"
}
2026-02-01 23:58:30,218 - INFO: Updated file: /Users/zachgonser/clawd/plane-mcp-server/.venv/lib/python3.10/site-packages/pygments/lexers/php.py
2026-02-01 23:58:30,218 - INFO: Changes: {
  "echo": "echo"
}
2026-02-01 23:58:30,219 - INFO: Updated file: /Users/zachgonser/clawd/plane-mcp-server/.venv/lib/python3.10/site-packages/pygments/lexers/praat.py
2026-02-01 23:58:30,219 - INFO: Changes: {
  "echo": "echo"
}
2026-02-01 23:58:30,223 - INFO: Updated file: /Users/zachgonser/clawd/plane-mcp-server/.venv/lib/python3.10/site-packages/pygments/lexers/openscad.py
2026-02-01 23:58:30,223 - INFO: Changes: {
  "echo": "echo"
}
2026-02-01 23:58:30,225 - INFO: Updated file: /Users/zachgonser/clawd/plane-mcp-server/.venv/lib/python3.10/site-packages/pygments/lexers/macaulay2.py
2026-02-01 23:58:30,225 - INFO: Changes: {
  "echo": "echo",
  "Echo": "Echo"
}
2026-02-01 23:58:30,247 - INFO: Updated file: /Users/zachgonser/clawd/plane-mcp-server/.venv/lib/python3.10/site-packages/typer/completion.py
2026-02-01 23:58:30,247 - INFO: Changes: {
  "echo": "echo"
}
2026-02-01 23:58:30,248 - INFO: Updated file: /Users/zachgonser/clawd/plane-mcp-server/.venv/lib/python3.10/site-packages/typer/__init__.py
2026-02-01 23:58:30,248 - INFO: Changes: {
  "echo": "echo"
}
2026-02-01 23:58:30,248 - INFO: Updated file: /Users/zachgonser/clawd/plane-mcp-server/.venv/lib/python3.10/site-packages/typer/core.py
2026-02-01 23:58:30,248 - INFO: Changes: {
  "echo": "echo"
}
2026-02-01 23:58:30,249 - INFO: Updated file: /Users/zachgonser/clawd/plane-mcp-server/.venv/lib/python3.10/site-packages/typer/rich_utils.py
2026-02-01 23:58:30,249 - INFO: Changes: {
  "echo": "echo"
}
2026-02-01 23:58:30,249 - INFO: Updated file: /Users/zachgonser/clawd/plane-mcp-server/.venv/lib/python3.10/site-packages/typer/_completion_shared.py
2026-02-01 23:58:30,249 - INFO: Changes: {
  "echo": "echo"
}
2026-02-01 23:58:30,249 - INFO: Updated file: /Users/zachgonser/clawd/plane-mcp-server/.venv/lib/python3.10/site-packages/typer/cli.py
2026-02-01 23:58:30,249 - INFO: Changes: {
  "echo": "echo"
}
2026-02-01 23:58:30,269 - INFO: Updated file: /Users/zachgonser/clawd/plane-mcp-server/.venv/lib/python3.10/site-packages/docutils/parsers/rst/languages/pl.py
2026-02-01 23:58:30,269 - INFO: Changes: {
  "echo": "echo"
}
2026-02-01 23:58:30,282 - INFO: Updated file: /Users/zachgonser/clawd/plane-mcp-server/.venv/lib/python3.10/site-packages/docutils/languages/pl.py
2026-02-01 23:58:30,282 - INFO: Changes: {
  "echo": "echo"
}
2026-02-01 23:58:30,368 - INFO: Updated file: /Users/zachgonser/clawd/plane-mcp-server/.venv/lib/python3.10/site-packages/redis/commands/core.py
2026-02-01 23:58:30,368 - INFO: Changes: {
  "echo": "echo",
  "Echo": "Echo"
}
2026-02-01 23:58:30,445 - INFO: Updated file: /Users/zachgonser/clawd/plane-mcp-server/.venv/lib/python3.10/site-packages/fastmcp/contrib/bulk_tool_caller/example.py
2026-02-01 23:58:30,445 - INFO: Changes: {
  "echo": "echo",
  "Echo": "Echo"
}
2026-02-01 23:58:30,459 - INFO: Updated file: /Users/zachgonser/clawd/plane-mcp-server/.venv/lib/python3.10/site-packages/click/_winconsole.py
2026-02-01 23:58:30,459 - INFO: Changes: {
  "echo": "echo"
}
2026-02-01 23:58:30,459 - INFO: Updated file: /Users/zachgonser/clawd/plane-mcp-server/.venv/lib/python3.10/site-packages/click/globals.py
2026-02-01 23:58:30,459 - INFO: Changes: {
  "echo": "echo"
}
2026-02-01 23:58:30,459 - INFO: Updated file: /Users/zachgonser/clawd/plane-mcp-server/.venv/lib/python3.10/site-packages/click/__init__.py
2026-02-01 23:58:30,459 - INFO: Changes: {
  "echo": "echo"
}
2026-02-01 23:58:30,459 - INFO: Updated file: /Users/zachgonser/clawd/plane-mcp-server/.venv/lib/python3.10/site-packages/click/core.py
2026-02-01 23:58:30,459 - INFO: Changes: {
  "echo": "echo"
}
2026-02-01 23:58:30,460 - INFO: Updated file: /Users/zachgonser/clawd/plane-mcp-server/.venv/lib/python3.10/site-packages/click/termui.py
2026-02-01 23:58:30,461 - INFO: Changes: {
  "echo": "echo",
  "Echo": "Echo"
}
2026-02-01 23:58:30,461 - INFO: Updated file: /Users/zachgonser/clawd/plane-mcp-server/.venv/lib/python3.10/site-packages/click/utils.py
2026-02-01 23:58:30,461 - INFO: Changes: {
  "echo": "echo"
}
2026-02-01 23:58:30,461 - INFO: Updated file: /Users/zachgonser/clawd/plane-mcp-server/.venv/lib/python3.10/site-packages/click/exceptions.py
2026-02-01 23:58:30,461 - INFO: Changes: {
  "echo": "echo"
}
2026-02-01 23:58:30,462 - INFO: Updated file: /Users/zachgonser/clawd/plane-mcp-server/.venv/lib/python3.10/site-packages/click/shell_completion.py
2026-02-01 23:58:30,462 - INFO: Changes: {
  "echo": "echo"
}
2026-02-01 23:58:30,462 - INFO: Updated file: /Users/zachgonser/clawd/plane-mcp-server/.venv/lib/python3.10/site-packages/click/_termui_impl.py
2026-02-01 23:58:30,462 - INFO: Changes: {
  "echo": "echo"
}
2026-02-01 23:58:30,463 - INFO: Updated file: /Users/zachgonser/clawd/plane-mcp-server/.venv/lib/python3.10/site-packages/click/testing.py
2026-02-01 23:58:30,463 - INFO: Changes: {
  "echo": "echo",
  "Echo": "Echo"
}
2026-02-01 23:58:30,464 - INFO: Updated file: /Users/zachgonser/clawd/plane-mcp-server/.venv/lib/python3.10/site-packages/click/decorators.py
2026-02-01 23:58:30,464 - INFO: Changes: {
  "echo": "echo"
}
2026-02-01 23:58:30,467 - INFO: Updated file: /Users/zachgonser/clawd/plane-mcp-server/.venv/lib/python3.10/site-packages/websockets/protocol.py
2026-02-01 23:58:30,467 - INFO: Changes: {
  "echo": "echo",
  "Echo": "Echo"
}
2026-02-01 23:58:30,470 - INFO: Updated file: /Users/zachgonser/clawd/plane-mcp-server/.venv/lib/python3.10/site-packages/websockets/legacy/protocol.py
2026-02-01 23:58:30,470 - INFO: Changes: {
  "echo": "echo",
  "Echo": "Echo"
}
2026-02-01 23:58:30,546 - INFO: Updated file: /Users/zachgonser/clawd/plane-mcp-server/.venv/lib/python3.10/site-packages/pip/_vendor/chardet/hebrewprober.py
2026-02-01 23:58:30,546 - INFO: Changes: {
  "echo": "echo"
}
2026-02-01 23:58:30,600 - INFO: Updated file: /Users/zachgonser/clawd/plane-mcp-server/.venv/lib/python3.10/site-packages/fakeredis/commands.json
2026-02-01 23:58:30,600 - INFO: Changes: {
  "echo": "echo"
}
2026-02-01 23:58:30,603 - INFO: Updated file: /Users/zachgonser/clawd/plane-mcp-server/.venv/lib/python3.10/site-packages/fakeredis/commands_mixins/connection_mixin.py
2026-02-01 23:58:30,603 - INFO: Changes: {
  "echo": "echo"
}
2026-02-01 23:58:30,676 - INFO: Updated file: /Users/zachgonser/clawd/plane-mcp-server/.venv/lib/python3.10/site-packages/uvicorn/main.py
2026-02-01 23:58:30,676 - INFO: Changes: {
  "echo": "echo"
}
2026-02-01 23:58:30,745 - INFO: Updated file: /Users/zachgonser/clawd/plane-mcp-server/.venv/lib/python3.10/site-packages/setuptools/tests/test_wheel.py
2026-02-01 23:58:30,745 - INFO: Changes: {
  "echo": "echo"
}
2026-02-01 23:58:30,852 - INFO: Updated file: /Users/zachgonser/clawd/plane-mcp-server/.github/workflows/build-branch.yml
2026-02-01 23:58:30,852 - INFO: Changes: {
  "echo": "echo"
}
2026-02-01 23:58:30,852 - INFO: Updated file: /Users/zachgonser/clawd/plane-mcp-server/.github/workflows/publish-pypi.yml
2026-02-01 23:58:30,852 - INFO: Changes: {
  "echo": "echo"
}
2026-02-01 23:58:30,885 - INFO: Updated file: /Users/zachgonser/clawd/plane-mcp-server/venv/lib/python3.9/site-packages/pip/_vendor/chardet/hebrewprober.py
2026-02-01 23:58:30,885 - INFO: Changes: {
  "echo": "echo"
}
2026-02-01 23:58:30,957 - INFO: Updated file: /Users/zachgonser/clawd/.venv/mcp-server/lib/python3.10/site-packages/dotenv/cli.py
2026-02-01 23:58:30,957 - INFO: Changes: {
  "echo": "echo"
}
2026-02-01 23:58:30,966 - INFO: Updated file: /Users/zachgonser/clawd/.venv/mcp-server/lib/python3.10/site-packages/pygments/lexers/rebol.py
2026-02-01 23:58:30,966 - INFO: Changes: {
  "echo": "echo"
}
2026-02-01 23:58:30,976 - INFO: Updated file: /Users/zachgonser/clawd/.venv/mcp-server/lib/python3.10/site-packages/pygments/lexers/_scilab_builtins.py
2026-02-01 23:58:30,976 - INFO: Changes: {
  "echo": "echo"
}
2026-02-01 23:58:30,977 - INFO: Updated file: /Users/zachgonser/clawd/.venv/mcp-server/lib/python3.10/site-packages/pygments/lexers/j.py
2026-02-01 23:58:30,977 - INFO: Changes: {
  "echo": "echo"
}
2026-02-01 23:58:30,982 - INFO: Updated file: /Users/zachgonser/clawd/.venv/mcp-server/lib/python3.10/site-packages/pygments/lexers/_php_builtins.py
2026-02-01 23:58:30,982 - INFO: Changes: {
  "echo": "echo"
}
2026-02-01 23:58:30,982 - INFO: Updated file: /Users/zachgonser/clawd/.venv/mcp-server/lib/python3.10/site-packages/pygments/lexers/shell.py
2026-02-01 23:58:30,982 - INFO: Changes: {
  "echo": "echo"
}
2026-02-01 23:58:30,983 - INFO: Updated file: /Users/zachgonser/clawd/.venv/mcp-server/lib/python3.10/site-packages/pygments/lexers/scripting.py
2026-02-01 23:58:30,983 - INFO: Changes: {
  "echo": "echo"
}
2026-02-01 23:58:30,987 - INFO: Updated file: /Users/zachgonser/clawd/.venv/mcp-server/lib/python3.10/site-packages/pygments/lexers/matlab.py
2026-02-01 23:58:30,987 - INFO: Changes: {
  "echo": "echo"
}
2026-02-01 23:58:30,988 - INFO: Updated file: /Users/zachgonser/clawd/.venv/mcp-server/lib/python3.10/site-packages/pygments/lexers/_vim_builtins.py
2026-02-01 23:58:30,988 - INFO: Changes: {
  "echo": "echo"
}
2026-02-01 23:58:30,988 - INFO: Updated file: /Users/zachgonser/clawd/.venv/mcp-server/lib/python3.10/site-packages/pygments/lexers/teraterm.py
2026-02-01 23:58:30,988 - INFO: Changes: {
  "echo": "echo"
}
2026-02-01 23:58:30,990 - INFO: Updated file: /Users/zachgonser/clawd/.venv/mcp-server/lib/python3.10/site-packages/pygments/lexers/ncl.py
2026-02-01 23:58:30,990 - INFO: Changes: {
  "echo": "echo"
}
2026-02-01 23:58:30,993 - INFO: Updated file: /Users/zachgonser/clawd/.venv/mcp-server/lib/python3.10/site-packages/pygments/lexers/_lasso_builtins.py
2026-02-01 23:58:30,993 - INFO: Changes: {
  "echo": "echo"
}
2026-02-01 23:58:30,995 - INFO: Updated file: /Users/zachgonser/clawd/.venv/mcp-server/lib/python3.10/site-packages/pygments/lexers/installers.py
2026-02-01 23:58:30,995 - INFO: Changes: {
  "echo": "echo"
}
2026-02-01 23:58:30,996 - INFO: Updated file: /Users/zachgonser/clawd/.venv/mcp-server/lib/python3.10/site-packages/pygments/lexers/gleam.py
2026-02-01 23:58:30,996 - INFO: Changes: {
  "echo": "echo"
}
2026-02-01 23:58:30,998 - INFO: Updated file: /Users/zachgonser/clawd/.venv/mcp-server/lib/python3.10/site-packages/pygments/lexers/_cl_builtins.py
2026-02-01 23:58:30,998 - INFO: Changes: {
  "echo": "echo"
}
2026-02-01 23:58:31,001 - INFO: Updated file: /Users/zachgonser/clawd/.venv/mcp-server/lib/python3.10/site-packages/pygments/lexers/php.py
2026-02-01 23:58:31,001 - INFO: Changes: {
  "echo": "echo"
}
2026-02-01 23:58:31,002 - INFO: Updated file: /Users/zachgonser/clawd/.venv/mcp-server/lib/python3.10/site-packages/pygments/lexers/praat.py
2026-02-01 23:58:31,002 - INFO: Changes: {
  "echo": "echo"
}
2026-02-01 23:58:31,005 - INFO: Updated file: /Users/zachgonser/clawd/.venv/mcp-server/lib/python3.10/site-packages/pygments/lexers/openscad.py
2026-02-01 23:58:31,005 - INFO: Changes: {
  "echo": "echo"
}
2026-02-01 23:58:31,006 - INFO: Updated file: /Users/zachgonser/clawd/.venv/mcp-server/lib/python3.10/site-packages/pygments/lexers/macaulay2.py
2026-02-01 23:58:31,006 - INFO: Changes: {
  "echo": "echo",
  "Echo": "Echo"
}
2026-02-01 23:58:31,024 - INFO: Updated file: /Users/zachgonser/clawd/.venv/mcp-server/lib/python3.10/site-packages/typer/completion.py
2026-02-01 23:58:31,024 - INFO: Changes: {
  "echo": "echo"
}
2026-02-01 23:58:31,024 - INFO: Updated file: /Users/zachgonser/clawd/.venv/mcp-server/lib/python3.10/site-packages/typer/__init__.py
2026-02-01 23:58:31,024 - INFO: Changes: {
  "echo": "echo"
}
2026-02-01 23:58:31,024 - INFO: Updated file: /Users/zachgonser/clawd/.venv/mcp-server/lib/python3.10/site-packages/typer/core.py
2026-02-01 23:58:31,024 - INFO: Changes: {
  "echo": "echo"
}
2026-02-01 23:58:31,025 - INFO: Updated file: /Users/zachgonser/clawd/.venv/mcp-server/lib/python3.10/site-packages/typer/rich_utils.py
2026-02-01 23:58:31,025 - INFO: Changes: {
  "echo": "echo"
}
2026-02-01 23:58:31,025 - INFO: Updated file: /Users/zachgonser/clawd/.venv/mcp-server/lib/python3.10/site-packages/typer/_completion_shared.py
2026-02-01 23:58:31,025 - INFO: Changes: {
  "echo": "echo"
}
2026-02-01 23:58:31,025 - INFO: Updated file: /Users/zachgonser/clawd/.venv/mcp-server/lib/python3.10/site-packages/typer/cli.py
2026-02-01 23:58:31,025 - INFO: Changes: {
  "echo": "echo"
}
2026-02-01 23:58:31,037 - INFO: Updated file: /Users/zachgonser/clawd/.venv/mcp-server/lib/python3.10/site-packages/docutils/parsers/rst/languages/pl.py
2026-02-01 23:58:31,037 - INFO: Changes: {
  "echo": "echo"
}
2026-02-01 23:58:31,046 - INFO: Updated file: /Users/zachgonser/clawd/.venv/mcp-server/lib/python3.10/site-packages/docutils/languages/pl.py
2026-02-01 23:58:31,046 - INFO: Changes: {
  "echo": "echo"
}
2026-02-01 23:58:31,120 - INFO: Updated file: /Users/zachgonser/clawd/.venv/mcp-server/lib/python3.10/site-packages/redis/commands/core.py
2026-02-01 23:58:31,120 - INFO: Changes: {
  "echo": "echo",
  "Echo": "Echo"
}
2026-02-01 23:58:31,176 - INFO: Updated file: /Users/zachgonser/clawd/.venv/mcp-server/lib/python3.10/site-packages/fastmcp/contrib/bulk_tool_caller/example.py
2026-02-01 23:58:31,176 - INFO: Changes: {
  "echo": "echo",
  "Echo": "Echo"
}
2026-02-01 23:58:31,189 - INFO: Updated file: /Users/zachgonser/clawd/.venv/mcp-server/lib/python3.10/site-packages/click/_winconsole.py
2026-02-01 23:58:31,189 - INFO: Changes: {
  "echo": "echo"
}
2026-02-01 23:58:31,189 - INFO: Updated file: /Users/zachgonser/clawd/.venv/mcp-server/lib/python3.10/site-packages/click/globals.py
2026-02-01 23:58:31,189 - INFO: Changes: {
  "echo": "echo"
}
2026-02-01 23:58:31,189 - INFO: Updated file: /Users/zachgonser/clawd/.venv/mcp-server/lib/python3.10/site-packages/click/__init__.py
2026-02-01 23:58:31,189 - INFO: Changes: {
  "echo": "echo"
}
2026-02-01 23:58:31,190 - INFO: Updated file: /Users/zachgonser/clawd/.venv/mcp-server/lib/python3.10/site-packages/click/core.py
2026-02-01 23:58:31,190 - INFO: Changes: {
  "echo": "echo"
}
2026-02-01 23:58:31,191 - INFO: Updated file: /Users/zachgonser/clawd/.venv/mcp-server/lib/python3.10/site-packages/click/termui.py
2026-02-01 23:58:31,191 - INFO: Changes: {
  "echo": "echo",
  "Echo": "Echo"
}
2026-02-01 23:58:31,191 - INFO: Updated file: /Users/zachgonser/clawd/.venv/mcp-server/lib/python3.10/site-packages/click/utils.py
2026-02-01 23:58:31,191 - INFO: Changes: {
  "echo": "echo"
}
2026-02-01 23:58:31,191 - INFO: Updated file: /Users/zachgonser/clawd/.venv/mcp-server/lib/python3.10/site-packages/click/exceptions.py
2026-02-01 23:58:31,191 - INFO: Changes: {
  "echo": "echo"
}
2026-02-01 23:58:31,192 - INFO: Updated file: /Users/zachgonser/clawd/.venv/mcp-server/lib/python3.10/site-packages/click/shell_completion.py
2026-02-01 23:58:31,192 - INFO: Changes: {
  "echo": "echo"
}
2026-02-01 23:58:31,192 - INFO: Updated file: /Users/zachgonser/clawd/.venv/mcp-server/lib/python3.10/site-packages/click/_termui_impl.py
2026-02-01 23:58:31,192 - INFO: Changes: {
  "echo": "echo"
}
2026-02-01 23:58:31,192 - INFO: Updated file: /Users/zachgonser/clawd/.venv/mcp-server/lib/python3.10/site-packages/click/testing.py
2026-02-01 23:58:31,192 - INFO: Changes: {
  "echo": "echo",
  "Echo": "Echo"
}
2026-02-01 23:58:31,193 - INFO: Updated file: /Users/zachgonser/clawd/.venv/mcp-server/lib/python3.10/site-packages/click/decorators.py
2026-02-01 23:58:31,193 - INFO: Changes: {
  "echo": "echo"
}
2026-02-01 23:58:31,196 - INFO: Updated file: /Users/zachgonser/clawd/.venv/mcp-server/lib/python3.10/site-packages/websockets/protocol.py
2026-02-01 23:58:31,196 - INFO: Changes: {
  "echo": "echo",
  "Echo": "Echo"
}
2026-02-01 23:58:31,199 - INFO: Updated file: /Users/zachgonser/clawd/.venv/mcp-server/lib/python3.10/site-packages/websockets/legacy/protocol.py
2026-02-01 23:58:31,199 - INFO: Changes: {
  "echo": "echo",
  "Echo": "Echo"
}
2026-02-01 23:58:31,302 - INFO: Updated file: /Users/zachgonser/clawd/.venv/mcp-server/lib/python3.10/site-packages/fakeredis/commands.json
2026-02-01 23:58:31,303 - INFO: Changes: {
  "echo": "echo"
}
2026-02-01 23:58:31,305 - INFO: Updated file: /Users/zachgonser/clawd/.venv/mcp-server/lib/python3.10/site-packages/fakeredis/commands_mixins/connection_mixin.py
2026-02-01 23:58:31,305 - INFO: Changes: {
  "echo": "echo"
}
2026-02-01 23:58:31,371 - INFO: Updated file: /Users/zachgonser/clawd/.venv/mcp-server/lib/python3.10/site-packages/uvicorn/main.py
2026-02-01 23:58:31,371 - INFO: Changes: {
  "echo": "echo"
}
2026-02-01 23:58:31,425 - INFO: Updated file: /Users/zachgonser/clawd/.venv/mcp-server/lib/python3.10/site-packages/setuptools/tests/test_wheel.py
2026-02-01 23:58:31,425 - INFO: Changes: {
  "echo": "echo"
}
2026-02-01 23:58:31,518 - INFO: Updated file: /Users/zachgonser/clawd/scripts/update-stantontimes-jobs.sh
2026-02-01 23:58:31,518 - INFO: Changes: {
  "echo": "echo"
}
2026-02-01 23:58:31,518 - INFO: Updated file: /Users/zachgonser/clawd/scripts/plane-project-automation.sample.json
2026-02-01 23:58:31,518 - INFO: Changes: {
  "Echo": "Echo"
}
2026-02-01 23:58:31,519 - INFO: Updated file: /Users/zachgonser/clawd/scripts/bird-auth.sh
2026-02-01 23:58:31,519 - INFO: Changes: {
  "echo": "echo"
}
2026-02-01 23:58:31,519 - INFO: Updated file: /Users/zachgonser/clawd/scripts/refresh-twitter-cookies.sh
2026-02-01 23:58:31,519 - INFO: Changes: {
  "echo": "echo"
}
2026-02-01 23:58:31,521 - INFO: Updated file: /Users/zachgonser/clawd/queue/PROJECT_EXECUTION_PLAN.md
2026-02-01 23:58:31,521 - INFO: Changes: {
  "echo": "echo"
}
2026-02-01 23:58:31,523 - INFO: Updated file: /Users/zachgonser/clawd/plane/setup.sh
2026-02-01 23:58:31,523 - INFO: Changes: {
  "echo": "echo"
}
2026-02-01 23:58:31,537 - INFO: Updated file: /Users/zachgonser/clawd/plane/.github/workflows/build-branch.yml
2026-02-01 23:58:31,537 - INFO: Changes: {
  "echo": "echo"
}
2026-02-01 23:58:31,537 - INFO: Updated file: /Users/zachgonser/clawd/plane/.github/workflows/feature-deployment.yml
2026-02-01 23:58:31,537 - INFO: Changes: {
  "echo": "echo"
}
2026-02-01 23:58:31,537 - INFO: Updated file: /Users/zachgonser/clawd/plane/.github/workflows/check-version.yml
2026-02-01 23:58:31,538 - INFO: Changes: {
  "echo": "echo"
}
2026-02-01 23:58:31,538 - INFO: Updated file: /Users/zachgonser/clawd/plane/.github/workflows/codeql.yml
2026-02-01 23:58:31,538 - INFO: Changes: {
  "echo": "echo"
}
2026-02-01 23:58:31,538 - INFO: Updated file: /Users/zachgonser/clawd/plane/.github/workflows/pull-request-build-lint-web-apps.yml
2026-02-01 23:58:31,538 - INFO: Changes: {
  "echo": "echo"
}
2026-02-01 23:58:31,538 - INFO: Updated file: /Users/zachgonser/clawd/plane/.github/workflows/sync-repo.yml
2026-02-01 23:58:31,538 - INFO: Changes: {
  "echo": "echo"
}
2026-02-01 23:58:31,538 - INFO: Updated file: /Users/zachgonser/clawd/plane/.github/workflows/sync-repo-pr.yml
2026-02-01 23:58:31,538 - INFO: Changes: {
  "echo": "echo"
}
2026-02-01 23:58:31,538 - INFO: Updated file: /Users/zachgonser/clawd/plane/.github/workflows/copyright-check.yml
2026-02-01 23:58:31,538 - INFO: Changes: {
  "echo": "echo"
}
2026-02-01 23:58:31,543 - INFO: Updated file: /Users/zachgonser/clawd/plane/apps/api/bin/docker-entrypoint-api-local.sh
2026-02-01 23:58:31,543 - INFO: Changes: {
  "echo": "echo"
}
2026-02-01 23:58:31,543 - INFO: Updated file: /Users/zachgonser/clawd/plane/apps/api/bin/docker-entrypoint-api.sh
2026-02-01 23:58:31,543 - INFO: Changes: {
  "echo": "echo"
}
2026-02-01 23:58:31,613 - INFO: Updated file: /Users/zachgonser/clawd/plane/deployments/swarm/community/swarm.sh
2026-02-01 23:58:31,613 - INFO: Changes: {
  "echo": "echo"
}
2026-02-01 23:58:31,613 - INFO: Updated file: /Users/zachgonser/clawd/plane/deployments/aio/community/build.sh
2026-02-01 23:58:31,613 - INFO: Changes: {
  "echo": "echo"
}
2026-02-01 23:58:31,613 - INFO: Updated file: /Users/zachgonser/clawd/plane/deployments/aio/community/start.sh
2026-02-01 23:58:31,613 - INFO: Changes: {
  "echo": "echo"
}
2026-02-01 23:58:31,613 - INFO: Updated file: /Users/zachgonser/clawd/plane/deployments/cli/community/restore-airgapped.sh
2026-02-01 23:58:31,614 - INFO: Changes: {
  "echo": "echo"
}
2026-02-01 23:58:31,614 - INFO: Updated file: /Users/zachgonser/clawd/plane/deployments/cli/community/install.sh
2026-02-01 23:58:31,614 - INFO: Changes: {
  "echo": "echo"
}
2026-02-01 23:58:31,614 - INFO: Updated file: /Users/zachgonser/clawd/plane/deployments/cli/community/restore.sh
2026-02-01 23:58:31,614 - INFO: Changes: {
  "echo": "echo"
}
2026-02-01 23:58:31,614 - INFO: Updated file: /Users/zachgonser/clawd/plane/deployments/cli/community/migration-0.13-0.14.sh
2026-02-01 23:58:31,614 - INFO: Changes: {
  "echo": "echo"
}
2026-02-01 23:58:31,615 - INFO: Updated file: /Users/zachgonser/clawd/skills/README.md
2026-02-01 23:58:31,615 - INFO: Changes: {
  "Echo": "Echo"
}
2026-02-01 23:58:31,616 - INFO: Updated file: /Users/zachgonser/clawd/skills/decision-trees/README.md
2026-02-01 23:58:31,616 - INFO: Changes: {
  "Echo": "Echo"
}
2026-02-01 23:58:31,617 - INFO: Updated file: /Users/zachgonser/clawd/skills/references/security-patterns.md
2026-02-01 23:58:31,617 - INFO: Changes: {
  "echo": "echo"
}
2026-02-01 23:58:31,617 - INFO: Updated file: /Users/zachgonser/clawd/skills/save-money/SKILL.md
2026-02-01 23:58:31,617 - INFO: Changes: {
  "echo": "echo"
}
2026-02-01 23:58:31,617 - INFO: Updated file: /Users/zachgonser/clawd/skills/simmer-copytrading/SKILL.md
2026-02-01 23:58:31,617 - INFO: Changes: {
  "echo": "echo"
}
2026-02-01 23:58:31,618 - INFO: Updated file: /Users/zachgonser/clawd/skills/prezentit/SKILL.md
2026-02-01 23:58:31,618 - INFO: Changes: {
  "echo": "echo",
  "Echo": "Echo"
}
2026-02-01 23:58:31,618 - INFO: Updated file: /Users/zachgonser/clawd/skills/scripts/setup.sh
2026-02-01 23:58:31,618 - INFO: Changes: {
  "echo": "echo",
  "Echo": "Echo"
}
2026-02-01 23:58:31,618 - INFO: Updated file: /Users/zachgonser/clawd/skills/scripts/security-audit.sh
2026-02-01 23:58:31,618 - INFO: Changes: {
  "echo": "echo"
}
2026-02-01 23:58:31,618 - INFO: Updated file: /Users/zachgonser/clawd/skills/proactive-agent/SKILL.md
2026-02-01 23:58:31,618 - INFO: Changes: {
  "echo": "echo",
  "Echo": "Echo"
}
2026-02-01 23:58:31,618 - INFO: Updated file: /Users/zachgonser/clawd/skills/proactive-agent/references/security-patterns.md
2026-02-01 23:58:31,619 - INFO: Changes: {
  "echo": "echo"
}
2026-02-01 23:58:31,619 - INFO: Updated file: /Users/zachgonser/clawd/skills/proactive-agent/scripts/security-audit.sh
2026-02-01 23:58:31,619 - INFO: Changes: {
  "echo": "echo"
}
2026-02-01 23:58:31,619 - INFO: Updated file: /Users/zachgonser/clawd/skills/proactive-agent/assets/HEARTBEAT.md
2026-02-01 23:58:31,619 - INFO: Changes: {
  "echo": "echo"
}
2026-02-01 23:58:31,619 - INFO: Updated file: /Users/zachgonser/clawd/skills/adhd-daily-planner/SKILL.md
2026-02-01 23:58:31,619 - INFO: Changes: {
  "echo": "echo"
}
2026-02-01 23:58:31,620 - INFO: Updated file: /Users/zachgonser/clawd/skills/project-management-guru-adhd/SKILL.md
2026-02-01 23:58:31,620 - INFO: Changes: {
  "echo": "echo"
}
2026-02-01 23:58:31,620 - INFO: Updated file: /Users/zachgonser/clawd/skills/para-second-brain/SKILL.md
2026-02-01 23:58:31,620 - INFO: Changes: {
  "Echo": "Echo"
}
2026-02-01 23:58:31,620 - INFO: Updated file: /Users/zachgonser/clawd/skills/para-second-brain/scripts/setup.sh
2026-02-01 23:58:31,620 - INFO: Changes: {
  "echo": "echo",
  "Echo": "Echo"
}
2026-02-01 23:58:31,621 - INFO: Updated file: /Users/zachgonser/clawd/skills/assets/HEARTBEAT.md
2026-02-01 23:58:31,621 - INFO: Changes: {
  "echo": "echo"
}
2026-02-01 23:58:31,621 - INFO: Updated file: /Users/zachgonser/clawd/validation/infrastructure-methodology.md
2026-02-01 23:58:31,621 - INFO: Changes: {
  "echo": "echo",
  "Echo": "Echo"
}
2026-02-01 23:58:31,622 - INFO: Updated file: /Users/zachgonser/clawd/validation/business-units-methodology.md
2026-02-01 23:58:31,622 - INFO: Changes: {
  "echo": "echo",
  "Echo": "Echo"
}
2026-02-01 23:58:31,623 - INFO: Updated file: /Users/zachgonser/clawd/validation/data-integrity-methodology.md
2026-02-01 23:58:31,623 - INFO: Changes: {
  "echo": "echo"
}
2026-02-01 23:58:31,623 - INFO: Updated file: /Users/zachgonser/clawd/validation/PHASE-ZERO-SUMMARY.md
2026-02-01 23:58:31,623 - INFO: Changes: {
  "echo": "echo"
}
2026-02-01 23:58:31,624 - INFO: Updated file: /Users/zachgonser/clawd/plane-project-tracker/setup.sh
2026-02-01 23:58:31,624 - INFO: Changes: {
  "echo": "echo"
}
2026-02-01 23:58:31,637 - INFO: Updated file: /Users/zachgonser/clawd/plane-project-tracker/.github/workflows/build-branch.yml
2026-02-01 23:58:31,637 - INFO: Changes: {
  "echo": "echo"
}
2026-02-01 23:58:31,637 - INFO: Updated file: /Users/zachgonser/clawd/plane-project-tracker/.github/workflows/feature-deployment.yml
2026-02-01 23:58:31,637 - INFO: Changes: {
  "echo": "echo"
}
2026-02-01 23:58:31,637 - INFO: Updated file: /Users/zachgonser/clawd/plane-project-tracker/.github/workflows/check-version.yml
2026-02-01 23:58:31,637 - INFO: Changes: {
  "echo": "echo"
}
2026-02-01 23:58:31,637 - INFO: Updated file: /Users/zachgonser/clawd/plane-project-tracker/.github/workflows/codeql.yml
2026-02-01 23:58:31,637 - INFO: Changes: {
  "echo": "echo"
}
2026-02-01 23:58:31,637 - INFO: Updated file: /Users/zachgonser/clawd/plane-project-tracker/.github/workflows/pull-request-build-lint-web-apps.yml
2026-02-01 23:58:31,637 - INFO: Changes: {
  "echo": "echo"
}
2026-02-01 23:58:31,637 - INFO: Updated file: /Users/zachgonser/clawd/plane-project-tracker/.github/workflows/sync-repo.yml
2026-02-01 23:58:31,637 - INFO: Changes: {
  "echo": "echo"
}
2026-02-01 23:58:31,637 - INFO: Updated file: /Users/zachgonser/clawd/plane-project-tracker/.github/workflows/sync-repo-pr.yml
2026-02-01 23:58:31,637 - INFO: Changes: {
  "echo": "echo"
}
2026-02-01 23:58:31,638 - INFO: Updated file: /Users/zachgonser/clawd/plane-project-tracker/.github/workflows/copyright-check.yml
2026-02-01 23:58:31,638 - INFO: Changes: {
  "echo": "echo"
}
2026-02-01 23:58:31,641 - INFO: Updated file: /Users/zachgonser/clawd/plane-project-tracker/apps/api/bin/docker-entrypoint-api-local.sh
2026-02-01 23:58:31,641 - INFO: Changes: {
  "echo": "echo"
}
2026-02-01 23:58:31,642 - INFO: Updated file: /Users/zachgonser/clawd/plane-project-tracker/apps/api/bin/docker-entrypoint-api.sh
2026-02-01 23:58:31,642 - INFO: Changes: {
  "echo": "echo"
}
2026-02-01 23:58:31,712 - INFO: Updated file: /Users/zachgonser/clawd/plane-project-tracker/deployments/swarm/community/swarm.sh
2026-02-01 23:58:31,712 - INFO: Changes: {
  "echo": "echo"
}
2026-02-01 23:58:31,713 - INFO: Updated file: /Users/zachgonser/clawd/plane-project-tracker/deployments/aio/community/build.sh
2026-02-01 23:58:31,713 - INFO: Changes: {
  "echo": "echo"
}
2026-02-01 23:58:31,713 - INFO: Updated file: /Users/zachgonser/clawd/plane-project-tracker/deployments/aio/community/start.sh
2026-02-01 23:58:31,713 - INFO: Changes: {
  "echo": "echo"
}
2026-02-01 23:58:31,713 - INFO: Updated file: /Users/zachgonser/clawd/plane-project-tracker/deployments/cli/community/restore-airgapped.sh
2026-02-01 23:58:31,713 - INFO: Changes: {
  "echo": "echo"
}
2026-02-01 23:58:31,714 - INFO: Updated file: /Users/zachgonser/clawd/plane-project-tracker/deployments/cli/community/install.sh
2026-02-01 23:58:31,714 - INFO: Changes: {
  "echo": "echo"
}
2026-02-01 23:58:31,714 - INFO: Updated file: /Users/zachgonser/clawd/plane-project-tracker/deployments/cli/community/restore.sh
2026-02-01 23:58:31,714 - INFO: Changes: {
  "echo": "echo"
}
2026-02-01 23:58:31,714 - INFO: Updated file: /Users/zachgonser/clawd/plane-project-tracker/deployments/cli/community/migration-0.13-0.14.sh
2026-02-01 23:58:31,714 - INFO: Changes: {
  "echo": "echo"
}
2026-02-01 23:58:31,715 - INFO: Updated file: /Users/zachgonser/clawd/queue-management-system/setup_project.sh
2026-02-01 23:58:31,715 - INFO: Changes: {
  "echo": "echo"
}
2026-02-01 23:58:31,732 - ERROR: Error processing /Users/zachgonser/Library/Application Support/discord/Service Worker/CacheStorage/63fc7e4cfcc88165b53fe27bdbf48bdde7611b44/index.txt: 'utf-8' codec can't decode byte 0x80 in position 54: invalid start byte
2026-02-01 23:58:31,732 - ERROR: Error processing /Users/zachgonser/Library/Application Support/discord/Service Worker/CacheStorage/7d571773fef4871f82ca0457379cf2a39317562f/index.txt: 'utf-8' codec can't decode byte 0x80 in position 54: invalid start byte
2026-02-01 23:58:31,745 - INFO: Updated file: /Users/zachgonser/Library/Application Support/discord/0.0.374/modules/discord_spellcheck/node_modules/node-addon-api/doc/async_worker.md
2026-02-01 23:58:31,745 - INFO: Changes: {
  "echo": "echo",
  "Echo": "Echo"
}
2026-02-01 23:58:31,752 - INFO: Updated file: /Users/zachgonser/Library/Application Support/discord/0.0.374/modules/discord_spellcheck/node_modules/glob/README.md
2026-02-01 23:58:31,752 - INFO: Changes: {
  "echo": "echo"
}
2026-02-01 23:58:31,755 - INFO: Updated file: /Users/zachgonser/Library/Application Support/discord/0.0.374/modules/discord_rpc/node_modules/ws/README.md
2026-02-01 23:58:31,755 - INFO: Changes: {
  "echo": "echo"
}
2026-02-01 23:58:31,769 - INFO: Updated file: /Users/zachgonser/Library/Application Support/com.openai.atlas/browser-data/host/ZxcvbnData/3/english_wikipedia.txt
2026-02-01 23:58:31,769 - INFO: Changes: {
  "echo": "echo"
}
2026-02-01 23:58:31,770 - INFO: Updated file: /Users/zachgonser/Library/Application Support/com.openai.atlas/browser-data/host/ZxcvbnData/3/female_names.txt
2026-02-01 23:58:31,770 - INFO: Changes: {
  "echo": "echo"
}
2026-02-01 23:58:31,771 - INFO: Updated file: /Users/zachgonser/Library/Application Support/com.openai.atlas/browser-data/host/ZxcvbnData/3/passwords.txt
2026-02-01 23:58:31,771 - INFO: Changes: {
  "echo": "echo"
}
2026-02-01 23:58:31,771 - INFO: Updated file: /Users/zachgonser/Library/Application Support/com.openai.atlas/browser-data/host/ZxcvbnData/3/us_tv_and_film.txt
2026-02-01 23:58:31,771 - INFO: Changes: {
  "echo": "echo"
}
2026-02-01 23:58:31,772 - INFO: Updated file: /Users/zachgonser/Library/Application Support/com.openai.atlas/browser-data/host/ZxcvbnData/3/surnames.txt
2026-02-01 23:58:31,772 - INFO: Changes: {
  "echo": "echo"
}
2026-02-01 23:58:31,790 - ERROR: Error processing /Users/zachgonser/Library/Application Support/Google/Chrome/Default/Service Worker/CacheStorage/bd1c4d03a881bd4b56183475e9bd7806830c983b/index.txt: 'utf-8' codec can't decode byte 0x89 in position 1: invalid start byte
2026-02-01 23:58:31,807 - INFO: Updated file: /Users/zachgonser/Library/Application Support/Google/Chrome/Default/Extensions/fdpohaocaechififmbbbbbknoalclacl/8.6_0/_locales/es/messages.json
2026-02-01 23:58:31,807 - INFO: Changes: {
  "echo": "echo"
}
2026-02-01 23:58:31,813 - INFO: Updated file: /Users/zachgonser/Library/Application Support/Google/Chrome/Default/Extensions/dnhpnfgdlenaccegplpojghhmaamnnfp/4.6.1_0/localization/compiled/pl.json
2026-02-01 23:58:31,813 - INFO: Changes: {
  "echo": "echo"
}
2026-02-01 23:58:31,837 - INFO: Updated file: /Users/zachgonser/Library/Application Support/Google/Chrome/Default/Extensions/mmioliijnhnoblpgimnlajmefafdfilb/2.5.0_0/_locales/pt_BR/messages.json
2026-02-01 23:58:31,837 - INFO: Changes: {
  "echo": "echo"
}
2026-02-01 23:58:31,862 - INFO: Updated file: /Users/zachgonser/Library/Application Support/Google/Chrome/Default/Extensions/nkbihfbeogaeaoehlefnkodbefgpgknn/13.15.0_0/snaps/gator-permissions-snap.json
2026-02-01 23:58:31,862 - INFO: Changes: {
  "Echo": "Echo"
}
2026-02-01 23:58:31,873 - INFO: Updated file: /Users/zachgonser/Library/Application Support/Google/Chrome/Default/Extensions/nkbihfbeogaeaoehlefnkodbefgpgknn/13.15.0_0/snaps/bitcoin-wallet-snap.json
2026-02-01 23:58:31,873 - INFO: Changes: {
  "echo": "echo"
}
2026-02-01 23:58:31,893 - INFO: Updated file: /Users/zachgonser/Library/Application Support/Google/Chrome/Default/Extensions/nkbihfbeogaeaoehlefnkodbefgpgknn/13.15.0_0/_locales/es_419/messages.json
2026-02-01 23:58:31,893 - INFO: Changes: {
  "echo": "echo"
}
2026-02-01 23:58:31,900 - INFO: Updated file: /Users/zachgonser/Library/Application Support/Google/Chrome/Default/Extensions/nkbihfbeogaeaoehlefnkodbefgpgknn/13.15.0_0/_locales/es/messages.json
2026-02-01 23:58:31,900 - INFO: Changes: {
  "echo": "echo"
}
2026-02-01 23:58:31,909 - INFO: Updated file: /Users/zachgonser/Library/Application Support/Google/Chrome/ZxcvbnData/3/english_wikipedia.txt
2026-02-01 23:58:31,909 - INFO: Changes: {
  "echo": "echo"
}
2026-02-01 23:58:31,910 - INFO: Updated file: /Users/zachgonser/Library/Application Support/Google/Chrome/ZxcvbnData/3/female_names.txt
2026-02-01 23:58:31,910 - INFO: Changes: {
  "echo": "echo"
}
2026-02-01 23:58:31,911 - INFO: Updated file: /Users/zachgonser/Library/Application Support/Google/Chrome/ZxcvbnData/3/passwords.txt
2026-02-01 23:58:31,911 - INFO: Changes: {
  "echo": "echo"
}
2026-02-01 23:58:31,911 - INFO: Updated file: /Users/zachgonser/Library/Application Support/Google/Chrome/ZxcvbnData/3/us_tv_and_film.txt
2026-02-01 23:58:31,911 - INFO: Changes: {
  "echo": "echo"
}
2026-02-01 23:58:31,912 - INFO: Updated file: /Users/zachgonser/Library/Application Support/Google/Chrome/ZxcvbnData/3/surnames.txt
2026-02-01 23:58:31,912 - INFO: Changes: {
  "echo": "echo"
}
2026-02-01 23:58:31,924 - INFO: Updated file: /Users/zachgonser/Library/Application Support/Claude/Claude Extensions/ant.dir.gh.wonderwhy-er.desktopcommandermcp/README.md
2026-02-01 23:58:31,924 - INFO: Changes: {
  "echo": "echo"
}
2026-02-01 23:58:31,936 - INFO: Updated file: /Users/zachgonser/Library/Application Support/Claude/Claude Extensions/ant.dir.gh.wonderwhy-er.desktopcommandermcp/node_modules/lodash.flatten/package.json
2026-02-01 23:58:31,936 - INFO: Changes: {
  "echo": "echo"
}
2026-02-01 23:58:31,940 - INFO: Updated file: /Users/zachgonser/Library/Application Support/Claude/Claude Extensions/ant.dir.gh.wonderwhy-er.desktopcommandermcp/node_modules/get-stdin/readme.md
2026-02-01 23:58:31,940 - INFO: Changes: {
  "echo": "echo"
}
2026-02-01 23:58:31,940 - INFO: Updated file: /Users/zachgonser/Library/Application Support/Claude/Claude Extensions/ant.dir.gh.wonderwhy-er.desktopcommandermcp/node_modules/get-stdin/package.json
2026-02-01 23:58:31,940 - INFO: Changes: {
  "echo": "echo"
}
2026-02-01 23:58:31,943 - INFO: Updated file: /Users/zachgonser/Library/Application Support/Claude/Claude Extensions/ant.dir.gh.wonderwhy-er.desktopcommandermcp/node_modules/duplexer2/node_modules/safe-buffer/README.md
2026-02-01 23:58:31,943 - INFO: Changes: {
  "echo": "echo"
}
2026-02-01 23:58:31,952 - INFO: Updated file: /Users/zachgonser/Library/Application Support/Claude/Claude Extensions/ant.dir.gh.wonderwhy-er.desktopcommandermcp/node_modules/lodash.groupby/package.json
2026-02-01 23:58:31,952 - INFO: Changes: {
  "echo": "echo"
}
2026-02-01 23:58:31,958 - INFO: Updated file: /Users/zachgonser/Library/Application Support/Claude/Claude Extensions/ant.dir.gh.wonderwhy-er.desktopcommandermcp/node_modules/lodash.union/package.json
2026-02-01 23:58:31,958 - INFO: Changes: {
  "echo": "echo"
}
2026-02-01 23:58:31,962 - INFO: Updated file: /Users/zachgonser/Library/Application Support/Claude/Claude Extensions/ant.dir.gh.wonderwhy-er.desktopcommandermcp/node_modules/lodash.isfunction/package.json
2026-02-01 23:58:31,962 - INFO: Changes: {
  "echo": "echo"
}
2026-02-01 23:58:31,969 - INFO: Updated file: /Users/zachgonser/Library/Application Support/Claude/Claude Extensions/ant.dir.gh.wonderwhy-er.desktopcommandermcp/node_modules/rimraf/node_modules/glob/README.md
2026-02-01 23:58:31,969 - INFO: Changes: {
  "echo": "echo"
}
2026-02-01 23:58:31,990 - INFO: Updated file: /Users/zachgonser/Library/Application Support/Claude/Claude Extensions/ant.dir.gh.wonderwhy-er.desktopcommandermcp/node_modules/lodash.isboolean/package.json
2026-02-01 23:58:31,990 - INFO: Changes: {
  "echo": "echo"
}
2026-02-01 23:58:31,992 - INFO: Updated file: /Users/zachgonser/Library/Application Support/Claude/Claude Extensions/ant.dir.gh.wonderwhy-er.desktopcommandermcp/node_modules/crc-32/README.md
2026-02-01 23:58:31,992 - INFO: Changes: {
  "echo": "echo"
}
2026-02-01 23:58:32,001 - INFO: Updated file: /Users/zachgonser/Library/Application Support/Claude/Claude Extensions/ant.dir.gh.wonderwhy-er.desktopcommandermcp/node_modules/safe-buffer/README.md
2026-02-01 23:58:32,001 - INFO: Changes: {
  "echo": "echo"
}
2026-02-01 23:58:32,007 - INFO: Updated file: /Users/zachgonser/Library/Application Support/Claude/Claude Extensions/ant.dir.gh.wonderwhy-er.desktopcommandermcp/node_modules/marked/man/marked.1.txt
2026-02-01 23:58:32,007 - INFO: Changes: {
  "echo": "echo"
}
2026-02-01 23:58:32,007 - INFO: Updated file: /Users/zachgonser/Library/Application Support/Claude/Claude Extensions/ant.dir.gh.wonderwhy-er.desktopcommandermcp/node_modules/socks-proxy-agent/README.md
2026-02-01 23:58:32,007 - INFO: Changes: {
  "echo": "echo"
}
2026-02-01 23:58:32,011 - INFO: Updated file: /Users/zachgonser/Library/Application Support/Claude/Claude Extensions/ant.dir.gh.wonderwhy-er.desktopcommandermcp/node_modules/date-fns/package.json
2026-02-01 23:58:32,011 - INFO: Changes: {
  "echo": "echo"
}
2026-02-01 23:58:32,039 - INFO: Updated file: /Users/zachgonser/Library/Application Support/Claude/Claude Extensions/ant.dir.gh.wonderwhy-er.desktopcommandermcp/node_modules/chokidar/README.md
2026-02-01 23:58:32,039 - INFO: Changes: {
  "echo": "echo"
}
2026-02-01 23:58:32,054 - INFO: Updated file: /Users/zachgonser/Library/Application Support/Claude/Claude Extensions/ant.dir.gh.wonderwhy-er.desktopcommandermcp/node_modules/devtools-protocol/json/browser_protocol.json
2026-02-01 23:58:32,054 - INFO: Changes: {
  "echo": "echo"
}
2026-02-01 23:58:32,085 - INFO: Updated file: /Users/zachgonser/Library/Application Support/Claude/Claude Extensions/ant.dir.gh.wonderwhy-er.desktopcommandermcp/node_modules/lodash.difference/package.json
2026-02-01 23:58:32,085 - INFO: Changes: {
  "echo": "echo"
}
2026-02-01 23:58:32,086 - INFO: Updated file: /Users/zachgonser/Library/Application Support/Claude/Claude Extensions/ant.dir.gh.wonderwhy-er.desktopcommandermcp/node_modules/util-deprecate/package.json
2026-02-01 23:58:32,086 - INFO: Changes: {
  "echo": "echo"
}
2026-02-01 23:58:32,091 - INFO: Updated file: /Users/zachgonser/Library/Application Support/Claude/Claude Extensions/ant.dir.gh.wonderwhy-er.desktopcommandermcp/node_modules/lodash.isnil/package.json
2026-02-01 23:58:32,091 - INFO: Changes: {
  "echo": "echo"
}
2026-02-01 23:58:32,099 - INFO: Updated file: /Users/zachgonser/Library/Application Support/Claude/Claude Extensions/ant.dir.gh.wonderwhy-er.desktopcommandermcp/node_modules/lodash.isundefined/package.json
2026-02-01 23:58:32,099 - INFO: Changes: {
  "echo": "echo"
}
2026-02-01 23:58:32,101 - INFO: Updated file: /Users/zachgonser/Library/Application Support/Claude/Claude Extensions/ant.dir.gh.wonderwhy-er.desktopcommandermcp/node_modules/@modelcontextprotocol/sdk/package.json
2026-02-01 23:58:32,101 - INFO: Changes: {
  "echo": "echo"
}
2026-02-01 23:58:32,110 - INFO: Updated file: /Users/zachgonser/Library/Application Support/Claude/Claude Extensions/ant.dir.gh.wonderwhy-er.desktopcommandermcp/node_modules/xmlchars/package.json
2026-02-01 23:58:32,110 - INFO: Changes: {
  "echo": "echo"
}
2026-02-01 23:58:32,113 - INFO: Updated file: /Users/zachgonser/Library/Application Support/Claude/Claude Extensions/ant.dir.gh.wonderwhy-er.desktopcommandermcp/node_modules/unzipper/node_modules/safe-buffer/README.md
2026-02-01 23:58:32,113 - INFO: Changes: {
  "echo": "echo"
}
2026-02-01 23:58:32,115 - INFO: Updated file: /Users/zachgonser/Library/Application Support/Claude/Claude Extensions/ant.dir.gh.wonderwhy-er.desktopcommandermcp/node_modules/micromark-extension-gfm-table/readme.md
2026-02-01 23:58:32,115 - INFO: Changes: {
  "Echo": "Echo"
}
2026-02-01 23:58:32,124 - INFO: Updated file: /Users/zachgonser/Library/Application Support/Claude/Claude Extensions/ant.dir.gh.wonderwhy-er.desktopcommandermcp/node_modules/jszip/node_modules/safe-buffer/README.md
2026-02-01 23:58:32,124 - INFO: Changes: {
  "echo": "echo"
}
2026-02-01 23:58:32,128 - INFO: Updated file: /Users/zachgonser/Library/Application Support/Claude/Claude Extensions/ant.dir.gh.wonderwhy-er.desktopcommandermcp/node_modules/lodash.isplainobject/package.json
2026-02-01 23:58:32,128 - INFO: Changes: {
  "echo": "echo"
}
2026-02-01 23:58:32,132 - INFO: Updated file: /Users/zachgonser/Library/Application Support/Claude/Claude Extensions/ant.dir.gh.wonderwhy-er.desktopcommandermcp/node_modules/zip-stream/node_modules/glob/README.md
2026-02-01 23:58:32,132 - INFO: Changes: {
  "echo": "echo"
}
2026-02-01 23:58:32,134 - INFO: Updated file: /Users/zachgonser/Library/Application Support/Claude/Claude Extensions/ant.dir.gh.wonderwhy-er.desktopcommandermcp/node_modules/lodash.escaperegexp/package.json
2026-02-01 23:58:32,134 - INFO: Changes: {
  "echo": "echo"
}
2026-02-01 23:58:32,151 - INFO: Updated file: /Users/zachgonser/Library/Application Support/Claude/Claude Extensions/ant.dir.gh.wonderwhy-er.desktopcommandermcp/node_modules/lodash.isequal/package.json
2026-02-01 23:58:32,151 - INFO: Changes: {
  "echo": "echo"
}
2026-02-01 23:58:32,154 - INFO: Updated file: /Users/zachgonser/Library/Application Support/Claude/Claude Extensions/ant.dir.gh.wonderwhy-er.desktopcommandermcp/node_modules/glob/README.md
2026-02-01 23:58:32,154 - INFO: Changes: {
  "echo": "echo"
}
2026-02-01 23:58:32,160 - INFO: Updated file: /Users/zachgonser/Library/Application Support/Claude/Claude Extensions/ant.dir.gh.wonderwhy-er.desktopcommandermcp/node_modules/@pdf-lib/standard-fonts/lib/Times-Italic.compressed.json
2026-02-01 23:58:32,160 - INFO: Changes: {
  "echo": "echo"
}
2026-02-01 23:58:32,161 - INFO: Updated file: /Users/zachgonser/Library/Application Support/Claude/Claude Extensions/ant.dir.gh.wonderwhy-er.desktopcommandermcp/node_modules/@pdf-lib/standard-fonts/es/Times-Italic.compressed.json
2026-02-01 23:58:32,161 - INFO: Changes: {
  "echo": "echo"
}
2026-02-01 23:58:32,170 - INFO: Updated file: /Users/zachgonser/Library/Application Support/Claude/Claude Extensions/ant.dir.gh.wonderwhy-er.desktopcommandermcp/node_modules/https-proxy-agent/README.md
2026-02-01 23:58:32,170 - INFO: Changes: {
  "echo": "echo"
}
2026-02-01 23:58:32,171 - INFO: Updated file: /Users/zachgonser/Library/Application Support/Claude/Claude Extensions/ant.dir.gh.wonderwhy-er.desktopcommandermcp/node_modules/streamx/README.md
2026-02-01 23:58:32,171 - INFO: Changes: {
  "echo": "echo"
}
2026-02-01 23:58:32,173 - INFO: Updated file: /Users/zachgonser/Library/Application Support/Claude/Claude Extensions/ant.dir.gh.wonderwhy-er.desktopcommandermcp/node_modules/lazystream/node_modules/safe-buffer/README.md
2026-02-01 23:58:32,173 - INFO: Changes: {
  "echo": "echo"
}
2026-02-01 23:58:32,177 - INFO: Updated file: /Users/zachgonser/Library/Application Support/Claude/Claude Extensions/ant.dir.gh.wonderwhy-er.desktopcommandermcp/node_modules/yauzl/README.md
2026-02-01 23:58:32,177 - INFO: Changes: {
  "echo": "echo"
}
2026-02-01 23:58:32,182 - INFO: Updated file: /Users/zachgonser/Library/Application Support/Claude/Claude Extensions/ant.dir.gh.wonderwhy-er.desktopcommandermcp/node_modules/archiver-utils/node_modules/safe-buffer/README.md
2026-02-01 23:58:32,182 - INFO: Changes: {
  "echo": "echo"
}
2026-02-01 23:58:32,183 - INFO: Updated file: /Users/zachgonser/Library/Application Support/Claude/Claude Extensions/ant.dir.gh.wonderwhy-er.desktopcommandermcp/node_modules/archiver-utils/node_modules/glob/README.md
2026-02-01 23:58:32,183 - INFO: Changes: {
  "echo": "echo"
}
2026-02-01 23:58:32,190 - INFO: Updated file: /Users/zachgonser/Library/Application Support/Claude/Claude Extensions/ant.dir.gh.wonderwhy-er.desktopcommandermcp/node_modules/lodash.defaults/package.json
2026-02-01 23:58:32,190 - INFO: Changes: {
  "echo": "echo"
}
2026-02-01 23:58:32,190 - INFO: Updated file: /Users/zachgonser/Library/Application Support/Claude/Claude Extensions/ant.dir.gh.wonderwhy-er.desktopcommandermcp/node_modules/dequal/package.json
2026-02-01 23:58:32,190 - INFO: Changes: {
  "echo": "echo"
}
2026-02-01 23:58:32,192 - INFO: Updated file: /Users/zachgonser/Library/Application Support/Claude/Claude Extensions/ant.dir.gh.wonderwhy-er.desktopcommandermcp/node_modules/braces/README.md
2026-02-01 23:58:32,192 - INFO: Changes: {
  "echo": "echo"
}
2026-02-01 23:58:32,204 - INFO: Updated file: /Users/zachgonser/Library/Application Support/Claude/Claude Extensions/ant.dir.gh.wonderwhy-er.desktopcommandermcp/node_modules/ws/README.md
2026-02-01 23:58:32,204 - INFO: Changes: {
  "echo": "echo"
}
2026-02-01 23:58:32,210 - INFO: Updated file: /Users/zachgonser/Library/Application Support/Claude/Claude Extensions/ant.dir.gh.wonderwhy-er.desktopcommandermcp/node_modules/lodash.uniq/package.json
2026-02-01 23:58:32,210 - INFO: Changes: {
  "echo": "echo"
}
2026-02-01 23:58:32,216 - INFO: Updated file: /Users/zachgonser/Library/Application Support/Claude/Claude Extensions/context7/package.json
2026-02-01 23:58:32,216 - INFO: Changes: {
  "echo": "echo"
}
2026-02-01 23:58:32,226 - INFO: Updated file: /Users/zachgonser/Library/Application Support/Claude/Claude Extensions/context7/node_modules/undici/package.json
2026-02-01 23:58:32,226 - INFO: Changes: {
  "echo": "echo"
}
2026-02-01 23:58:32,229 - INFO: Updated file: /Users/zachgonser/Library/Application Support/Claude/Claude Extensions/context7/node_modules/@modelcontextprotocol/sdk/package.json
2026-02-01 23:58:32,229 - INFO: Changes: {
  "echo": "echo"
}
2026-02-01 23:58:32,236 - INFO: Updated file: /Users/zachgonser/Library/Application Support/Claude/Claude Extensions/context7/.github/workflows/release.yml
2026-02-01 23:58:32,236 - INFO: Changes: {
  "echo": "echo"
}
2026-02-01 23:58:32,258 - INFO: Updated file: /Users/zachgonser/Library/Application Support/Claude/Claude Extensions/ant.dir.gh.explorium-ai.agentsource/node_modules/safe-buffer/README.md
2026-02-01 23:58:32,258 - INFO: Changes: {
  "echo": "echo"
}
2026-02-01 23:58:32,262 - INFO: Updated file: /Users/zachgonser/Library/Application Support/Claude/Claude Extensions/ant.dir.gh.explorium-ai.agentsource/node_modules/undici/package.json
2026-02-01 23:58:32,262 - INFO: Changes: {
  "echo": "echo"
}
2026-02-01 23:58:32,263 - INFO: Updated file: /Users/zachgonser/Library/Application Support/Claude/Claude Extensions/ant.dir.gh.explorium-ai.agentsource/node_modules/undici/docs/docs/api/Debug.md
2026-02-01 23:58:32,263 - INFO: Changes: {
  "echo": "echo"
}
2026-02-01 23:58:32,264 - INFO: Updated file: /Users/zachgonser/Library/Application Support/Claude/Claude Extensions/ant.dir.gh.explorium-ai.agentsource/node_modules/undici/docs/docs/api/WebSocket.md
2026-02-01 23:58:32,264 - INFO: Changes: {
  "echo": "echo"
}
2026-02-01 23:58:32,266 - INFO: Updated file: /Users/zachgonser/Library/Application Support/Claude/Claude Extensions/ant.dir.gh.explorium-ai.agentsource/node_modules/undici/docs/docs/api/MockPool.md
2026-02-01 23:58:32,266 - INFO: Changes: {
  "echo": "echo"
}
2026-02-01 23:58:32,267 - INFO: Updated file: /Users/zachgonser/Library/Application Support/Claude/Claude Extensions/ant.dir.gh.explorium-ai.agentsource/node_modules/undici/docs/docs/api/Dispatcher.md
2026-02-01 23:58:32,267 - INFO: Changes: {
  "echo": "echo",
  "Echo": "Echo"
}
2026-02-01 23:58:32,294 - INFO: Updated file: /Users/zachgonser/Library/Application Support/Claude/Claude Extensions/ant.dir.gh.explorium-ai.agentsource/node_modules/@modelcontextprotocol/sdk/package.json
2026-02-01 23:58:32,294 - INFO: Changes: {
  "echo": "echo"
}
2026-02-01 23:58:32,328 - INFO: Updated file: /Users/zachgonser/Library/Application Support/Claude/Claude Extensions/ant.dir.gh.explorium-ai.agentsource/.github/workflows/release.yml
2026-02-01 23:58:32,328 - INFO: Changes: {
  "echo": "echo"
}
2026-02-01 23:58:32,337 - INFO: Updated file: /Users/zachgonser/Library/Application Support/Claude/Claude Extensions/ant.dir.gh.docling-project.docling-mcp/lib/click/_winconsole.py
2026-02-01 23:58:32,337 - INFO: Changes: {
  "echo": "echo"
}
2026-02-01 23:58:32,337 - INFO: Updated file: /Users/zachgonser/Library/Application Support/Claude/Claude Extensions/ant.dir.gh.docling-project.docling-mcp/lib/click/globals.py
2026-02-01 23:58:32,337 - INFO: Changes: {
  "echo": "echo"
}
2026-02-01 23:58:32,338 - INFO: Updated file: /Users/zachgonser/Library/Application Support/Claude/Claude Extensions/ant.dir.gh.docling-project.docling-mcp/lib/click/__init__.py
2026-02-01 23:58:32,338 - INFO: Changes: {
  "echo": "echo"
}
2026-02-01 23:58:32,339 - INFO: Updated file: /Users/zachgonser/Library/Application Support/Claude/Claude Extensions/ant.dir.gh.docling-project.docling-mcp/lib/click/core.py
2026-02-01 23:58:32,339 - INFO: Changes: {
  "echo": "echo"
}
2026-02-01 23:58:32,340 - INFO: Updated file: /Users/zachgonser/Library/Application Support/Claude/Claude Extensions/ant.dir.gh.docling-project.docling-mcp/lib/click/termui.py
2026-02-01 23:58:32,340 - INFO: Changes: {
  "echo": "echo",
  "Echo": "Echo"
}
2026-02-01 23:58:32,341 - INFO: Updated file: /Users/zachgonser/Library/Application Support/Claude/Claude Extensions/ant.dir.gh.docling-project.docling-mcp/lib/click/utils.py
2026-02-01 23:58:32,341 - INFO: Changes: {
  "echo": "echo"
}
2026-02-01 23:58:32,341 - INFO: Updated file: /Users/zachgonser/Library/Application Support/Claude/Claude Extensions/ant.dir.gh.docling-project.docling-mcp/lib/click/exceptions.py
2026-02-01 23:58:32,341 - INFO: Changes: {
  "echo": "echo"
}
2026-02-01 23:58:32,341 - INFO: Updated file: /Users/zachgonser/Library/Application Support/Claude/Claude Extensions/ant.dir.gh.docling-project.docling-mcp/lib/click/shell_completion.py
2026-02-01 23:58:32,342 - INFO: Changes: {
  "echo": "echo"
}
2026-02-01 23:58:32,342 - INFO: Updated file: /Users/zachgonser/Library/Application Support/Claude/Claude Extensions/ant.dir.gh.docling-project.docling-mcp/lib/click/_termui_impl.py
2026-02-01 23:58:32,342 - INFO: Changes: {
  "echo": "echo"
}
2026-02-01 23:58:32,342 - INFO: Updated file: /Users/zachgonser/Library/Application Support/Claude/Claude Extensions/ant.dir.gh.docling-project.docling-mcp/lib/click/testing.py
2026-02-01 23:58:32,342 - INFO: Changes: {
  "echo": "echo",
  "Echo": "Echo"
}
2026-02-01 23:58:32,343 - INFO: Updated file: /Users/zachgonser/Library/Application Support/Claude/Claude Extensions/ant.dir.gh.docling-project.docling-mcp/lib/click/decorators.py
2026-02-01 23:58:32,343 - INFO: Changes: {
  "echo": "echo"
}
2026-02-01 23:58:32,344 - INFO: Updated file: /Users/zachgonser/Library/Application Support/Claude/Claude Extensions/ant.dir.gh.docling-project.docling-mcp/lib/userpath/shells.py
2026-02-01 23:58:32,344 - INFO: Changes: {
  "echo": "echo"
}
2026-02-01 23:58:32,344 - INFO: Updated file: /Users/zachgonser/Library/Application Support/Claude/Claude Extensions/ant.dir.gh.docling-project.docling-mcp/lib/userpath/cli.py
2026-02-01 23:58:32,344 - INFO: Changes: {
  "echo": "echo"
}
2026-02-01 23:58:32,363 - INFO: Updated file: /Users/zachgonser/Library/Application Support/Claude/local-agent-mode-sessions/12365c22-48ee-482a-a6b1-b4eafdd99dda/ecd5b55b-e9e9-409e-ae0d-36e5cb9ff463/local_6b2fba18-2e26-4ef3-a427-29bee97ad819/.claude/shell-snapshots/snapshot-bash-1769747806190-b7g49u.sh
2026-02-01 23:58:32,363 - INFO: Changes: {
  "echo": "echo"
}
2026-02-01 23:58:32,399 - INFO: Updated file: /Users/zachgonser/Library/Application Support/obsidian/adblock/easyprivacy.txt
2026-02-01 23:58:32,399 - INFO: Changes: {
  "echo": "echo"
}
2026-02-01 23:58:32,404 - INFO: Updated file: /Users/zachgonser/Library/Application Support/obsidian/adblock/easylist.txt
2026-02-01 23:58:32,404 - INFO: Changes: {
  "echo": "echo"
}
2026-02-01 23:58:32,405 - ERROR: Error processing /Users/zachgonser/Library/Application Support/obsidian/Service Worker/CacheStorage/c5da713306265d3ddb39d7826332dee09cc35b7d/index.txt: 'utf-8' codec can't decode byte 0x80 in position 61: invalid start byte
2026-02-01 23:58:32,407 - ERROR: Error processing /Users/zachgonser/Library/Daemon Containers/47155CAC-D33D-4816-9C66-B29BCC5C5BD8/Data/Library/Caches/com.apple.AppleMediaServices/sap-setup-cert.txt: 'utf-8' codec can't decode byte 0x82 in position 7: invalid start byte
2026-02-01 23:58:32,421 - INFO: Updated file: /Users/zachgonser/Library/Python/3.9/lib/python/site-packages/docker/models/containers.py
2026-02-01 23:58:32,421 - INFO: Changes: {
  "echo": "echo"
}
2026-02-01 23:58:32,425 - INFO: Updated file: /Users/zachgonser/Library/Python/3.9/lib/python/site-packages/dotenv/cli.py
2026-02-01 23:58:32,425 - INFO: Changes: {
  "echo": "echo"
}
2026-02-01 23:58:32,517 - INFO: Updated file: /Users/zachgonser/Library/Mobile Documents/iCloud~md~obsidian/Documents/Projects/SlurpNet/00_Project_Overview.md
2026-02-01 23:58:32,517 - INFO: Changes: {
  "echo": "echo"
}
2026-02-01 23:58:32,519 - ERROR: Error processing /Users/zachgonser/Library/Mobile Documents/com~apple~CloudDocs/carta-backup-codes.txt: [Errno 11] Resource deadlock avoided
2026-02-01 23:58:32,519 - ERROR: Error processing /Users/zachgonser/Library/Mobile Documents/com~apple~CloudDocs/configuration.yml: [Errno 11] Resource deadlock avoided
2026-02-01 23:58:32,519 - ERROR: Error processing /Users/zachgonser/Library/Mobile Documents/com~apple~CloudDocs/text.txt: [Errno 11] Resource deadlock avoided
2026-02-01 23:58:32,519 - ERROR: Error processing /Users/zachgonser/Library/Mobile Documents/com~apple~CloudDocs/movies.yml: [Errno 11] Resource deadlock avoided
2026-02-01 23:58:32,519 - ERROR: Error processing /Users/zachgonser/Library/Mobile Documents/com~apple~CloudDocs/Downloads/[BakaBT.166649v0] [REVO] The Borrower Arrietty [BD,1080p,FLAC-Dual][10bit].txt: [Errno 11] Resource deadlock avoided
2026-02-01 23:58:32,519 - ERROR: Error processing /Users/zachgonser/Library/Mobile Documents/com~apple~CloudDocs/Downloads/secrets.yaml: [Errno 11] Resource deadlock avoided
2026-02-01 23:58:32,519 - ERROR: Error processing /Users/zachgonser/Library/Mobile Documents/com~apple~CloudDocs/Downloads/configuration.yaml: [Errno 11] Resource deadlock avoided
2026-02-01 23:58:32,520 - ERROR: Error processing /Users/zachgonser/Library/Mobile Documents/com~apple~CloudDocs/Downloads/Legends/1.0.0/atmosphere/contents/01001F5010DFA000/cheats/7FCAD279539DE183.txt: [Errno 11] Resource deadlock avoided
2026-02-01 23:58:32,520 - ERROR: Error processing /Users/zachgonser/Library/Mobile Documents/com~apple~CloudDocs/Downloads/Legends/1.0.1/atmosphere/contents/01001F5010DFA000/cheats/5E42071600D2BF1D.txt: [Errno 11] Resource deadlock avoided
2026-02-01 23:58:32,520 - ERROR: Error processing /Users/zachgonser/Library/Mobile Documents/com~apple~CloudDocs/Downloads/Legends/1.1.0/atmosphere/contents/01001F5010DFA000/cheats/66F15C281EFA7ADD.txt: [Errno 11] Resource deadlock avoided
2026-02-01 23:58:32,520 - ERROR: Error processing /Users/zachgonser/Library/Mobile Documents/com~apple~CloudDocs/Downloads/Legends/1.0.2/atmosphere/contents/01001F5010DFA000/cheats/BEF291F2639F7AFE.txt: [Errno 11] Resource deadlock avoided
2026-02-01 23:58:32,520 - ERROR: Error processing /Users/zachgonser/Library/Mobile Documents/com~apple~CloudDocs/Downloads/switch/tinfoil/socket.json: [Errno 11] Resource deadlock avoided
2026-02-01 23:58:32,520 - ERROR: Error processing /Users/zachgonser/Library/Mobile Documents/com~apple~CloudDocs/Downloads/switch/tinfoil/db/cheats.json: [Errno 11] Resource deadlock avoided
2026-02-01 23:58:32,520 - ERROR: Error processing /Users/zachgonser/Library/Mobile Documents/com~apple~CloudDocs/Downloads/switch/tinfoil/db/titles.US.en.json: [Errno 11] Resource deadlock avoided
2026-02-01 23:58:32,520 - ERROR: Error processing /Users/zachgonser/Library/Mobile Documents/iCloud~is~workflow~my~workflows/Documents/UpdateKit/Configuration.json: [Errno 11] Resource deadlock avoided
2026-02-01 23:58:32,520 - ERROR: Error processing /Users/zachgonser/Library/Mobile Documents/iCloud~is~workflow~my~workflows/Documents/Swing Updater/Configuration.json: [Errno 11] Resource deadlock avoided
2026-02-01 23:58:32,520 - ERROR: Error processing /Users/zachgonser/Library/Mobile Documents/iCloud~is~workflow~my~workflows/Documents/Swing Updater/Version.txt: [Errno 11] Resource deadlock avoided
2026-02-01 23:58:32,521 - ERROR: Error processing /Users/zachgonser/Library/Mobile Documents/iCloud~is~workflow~my~workflows/Documents/Swing Updater/SFU/Swing Updater.json: [Errno 11] Resource deadlock avoided
2026-02-01 23:58:32,525 - ERROR: Error processing /Users/zachgonser/Library/Containers/com.apple.weather.widget/Data/Library/Caches/com.apple.AppleMediaServices/sap-setup-cert.txt: 'utf-8' codec can't decode byte 0x82 in position 7: invalid start byte
2026-02-01 23:58:32,525 - ERROR: Error processing /Users/zachgonser/Library/Containers/com.apple.Safari/Data/Library/Caches/com.apple.AppleMediaServices/sap-setup-cert.txt: 'utf-8' codec can't decode byte 0x82 in position 7: invalid start byte
2026-02-01 23:58:32,525 - ERROR: Error processing /Users/zachgonser/Library/Containers/com.apple.AppStore/Data/Library/Caches/com.apple.AppleMediaServices/sap-setup-cert.txt: 'utf-8' codec can't decode byte 0x82 in position 7: invalid start byte
2026-02-01 23:58:32,531 - INFO: Updated file: /Users/zachgonser/Library/Containers/com.apple.AppleMediaServicesUI.UtilityExtension/Data/tmp/bundle/5C418294-DACD-4F25-B319-A529BB79A60E.bundle/JetPackResourceBundles/7B3E3EF0-30AD-45A0-B0DD-92C9F4438E07/A346CA28-DB13-4EE3-80EC-51578CEF66B2/localizations.json
2026-02-01 23:58:32,531 - INFO: Changes: {
  "echo": "echo"
}
2026-02-01 23:58:32,559 - INFO: Updated file: /Users/zachgonser/Library/Containers/com.apple.AppleMediaServicesUI.UtilityExtension/Data/tmp/bundle/5C418294-DACD-4F25-B319-A529BB79A60E.bundle/JetPackResourceBundles/7B3E3EF0-30AD-45A0-B0DD-92C9F4438E07/A346CA28-DB13-4EE3-80EC-51578CEF66B2/localizationV2/pl.json
2026-02-01 23:58:32,560 - INFO: Changes: {
  "echo": "echo"
}
2026-02-01 23:58:32,580 - INFO: Updated file: /Users/zachgonser/Library/Containers/com.apple.AppleMediaServicesUI.UtilityExtension/Data/tmp/bundle/5C418294-DACD-4F25-B319-A529BB79A60E.bundle/JetPackResourceBundles/7B3E3EF0-30AD-45A0-B0DD-92C9F4438E07/A346CA28-DB13-4EE3-80EC-51578CEF66B2/localizationV2/pl-pl.json
2026-02-01 23:58:32,580 - INFO: Changes: {
  "echo": "echo"
}
2026-02-01 23:58:32,599 - ERROR: Error processing /Users/zachgonser/Library/Containers/com.apple.stocks.widget/Data/Library/Caches/com.apple.AppleMediaServices/sap-setup-cert.txt: 'utf-8' codec can't decode byte 0x82 in position 7: invalid start byte
2026-02-01 23:58:32,686 - INFO: Updated file: /Users/zachgonser/Library/Metadata/CoreSpotlight/NSFileProtectionCompleteUntilFirstUserAuthentication/index.spotlightV3/Cache/2ab02f9c/2ab02f9c9c98a4d5.txt
2026-02-01 23:58:32,686 - INFO: Changes: {
  "echo": "echo"
}
2026-02-01 23:58:32,703 - INFO: Updated file: /Users/zachgonser/Library/Metadata/CoreSpotlight/NSFileProtectionCompleteUntilFirstUserAuthentication/index.spotlightV3/Cache/2ab02f9c/2ab02f9cfb0dca94.txt
2026-02-01 23:58:32,703 - INFO: Changes: {
  "echo": "echo"
}
2026-02-01 23:58:32,709 - INFO: Updated file: /Users/zachgonser/Library/Metadata/CoreSpotlight/NSFileProtectionCompleteUntilFirstUserAuthentication/index.spotlightV3/Cache/2ab02f9c/2ab02f9c5e7e425e.txt
2026-02-01 23:58:32,709 - INFO: Changes: {
  "echo": "echo"
}
2026-02-01 23:58:32,741 - INFO: Updated file: /Users/zachgonser/Library/Metadata/CoreSpotlight/NSFileProtectionCompleteUntilFirstUserAuthentication/index.spotlightV3/Cache/2ab02f9c/2ab02f9c6d2bb8d4.txt
2026-02-01 23:58:32,741 - INFO: Changes: {
  "Echo": "Echo"
}
2026-02-01 23:58:32,758 - INFO: Updated file: /Users/zachgonser/Library/Metadata/CoreSpotlight/NSFileProtectionCompleteUntilFirstUserAuthentication/index.spotlightV3/Cache/2ab02f9c/2ab02f9c7e70fbc0.txt
2026-02-01 23:58:32,758 - INFO: Changes: {
  "echo": "echo"
}
2026-02-01 23:58:32,764 - INFO: Updated file: /Users/zachgonser/Library/Metadata/CoreSpotlight/NSFileProtectionCompleteUntilFirstUserAuthentication/index.spotlightV3/Cache/2ab02f9c/2ab02f9c49bf7044.txt
2026-02-01 23:58:32,764 - INFO: Changes: {
  "echo": "echo"
}
2026-02-01 23:58:32,774 - INFO: Updated file: /Users/zachgonser/Library/Metadata/CoreSpotlight/NSFileProtectionCompleteUntilFirstUserAuthentication/index.spotlightV3/Cache/2ab02f9c/2ab02f9c9ce6c4a9.txt
2026-02-01 23:58:32,774 - INFO: Changes: {
  "echo": "echo"
}
2026-02-01 23:58:32,785 - INFO: Updated file: /Users/zachgonser/Library/Metadata/CoreSpotlight/NSFileProtectionCompleteUntilFirstUserAuthentication/index.spotlightV3/Cache/2ab02f9c/2ab02f9c5eff5d70.txt
2026-02-01 23:58:32,785 - INFO: Changes: {
  "echo": "echo"
}
2026-02-01 23:58:32,803 - INFO: Updated file: /Users/zachgonser/Library/Metadata/CoreSpotlight/NSFileProtectionCompleteUntilFirstUserAuthentication/index.spotlightV3/Cache/2ab02f9c/2ab02f9c65489285.txt
2026-02-01 23:58:32,803 - INFO: Changes: {
  "echo": "echo"
}
2026-02-01 23:58:32,813 - INFO: Updated file: /Users/zachgonser/Library/Metadata/CoreSpotlight/NSFileProtectionCompleteUntilFirstUserAuthentication/index.spotlightV3/Cache/2ab02f9c/2ab02f9c5aff475d.txt
2026-02-01 23:58:32,813 - INFO: Changes: {
  "echo": "echo"
}
2026-02-01 23:58:32,816 - INFO: Updated file: /Users/zachgonser/Library/Metadata/CoreSpotlight/NSFileProtectionCompleteUntilFirstUserAuthentication/index.spotlightV3/Cache/2ab02f9c/2ab02f9c8ce95b59.txt
2026-02-01 23:58:32,816 - INFO: Changes: {
  "echo": "echo"
}
2026-02-01 23:58:32,849 - INFO: Updated file: /Users/zachgonser/Library/Metadata/CoreSpotlight/NSFileProtectionCompleteUntilFirstUserAuthentication/index.spotlightV3/Cache/2ab02f9c/2ab02f9c3d6579aa.txt
2026-02-01 23:58:32,849 - INFO: Changes: {
  "echo": "echo"
}
2026-02-01 23:58:32,851 - INFO: Updated file: /Users/zachgonser/Library/Metadata/CoreSpotlight/NSFileProtectionCompleteUntilFirstUserAuthentication/index.spotlightV3/Cache/2ab02f9c/2ab02f9cbaeed497.txt
2026-02-01 23:58:32,851 - INFO: Changes: {
  "echo": "echo"
}
2026-02-01 23:58:32,859 - INFO: Updated file: /Users/zachgonser/Library/Metadata/CoreSpotlight/NSFileProtectionCompleteUntilFirstUserAuthentication/index.spotlightV3/Cache/2ab02f9c/2ab02f9c0b3e40cb.txt
2026-02-01 23:58:32,859 - INFO: Changes: {
  "echo": "echo"
}
2026-02-01 23:58:32,887 - INFO: Updated file: /Users/zachgonser/Library/Metadata/CoreSpotlight/NSFileProtectionCompleteUntilFirstUserAuthentication/index.spotlightV3/Cache/2ab02f9c/2ab02f9cf3fd3cb6.txt
2026-02-01 23:58:32,887 - INFO: Changes: {
  "echo": "echo"
}
2026-02-01 23:58:32,888 - INFO: Updated file: /Users/zachgonser/Library/Metadata/CoreSpotlight/NSFileProtectionCompleteUntilFirstUserAuthentication/index.spotlightV3/Cache/2ab02f9c/2ab02f9ca2ad35ad.txt
2026-02-01 23:58:32,888 - INFO: Changes: {
  "echo": "echo"
}
2026-02-01 23:58:32,893 - INFO: Updated file: /Users/zachgonser/Library/Metadata/CoreSpotlight/NSFileProtectionCompleteUntilFirstUserAuthentication/index.spotlightV3/Cache/2ab02f9c/2ab02f9c594caba4.txt
2026-02-01 23:58:32,893 - INFO: Changes: {
  "echo": "echo"
}
2026-02-01 23:58:32,894 - INFO: Updated file: /Users/zachgonser/Library/Metadata/CoreSpotlight/NSFileProtectionCompleteUntilFirstUserAuthentication/index.spotlightV3/Cache/2ab02f9c/2ab02f9c718c7058.txt
2026-02-01 23:58:32,894 - INFO: Changes: {
  "echo": "echo"
}
2026-02-01 23:58:32,904 - INFO: Updated file: /Users/zachgonser/Library/Metadata/CoreSpotlight/NSFileProtectionCompleteUntilFirstUserAuthentication/index.spotlightV3/Cache/2ab02f9c/2ab02f9c21d28500.txt
2026-02-01 23:58:32,904 - INFO: Changes: {
  "echo": "echo"
}
2026-02-01 23:58:32,935 - INFO: Updated file: /Users/zachgonser/Library/Metadata/CoreSpotlight/NSFileProtectionCompleteUntilFirstUserAuthentication/index.spotlightV3/Cache/2ab02f9c/2ab02f9cac0f18f3.txt
2026-02-01 23:58:32,935 - INFO: Changes: {
  "echo": "echo"
}
2026-02-01 23:58:32,961 - INFO: Updated file: /Users/zachgonser/Library/Metadata/CoreSpotlight/NSFileProtectionCompleteUntilFirstUserAuthentication/index.spotlightV3/Cache/2ab02f9c/2ab02f9c3910509c.txt
2026-02-01 23:58:32,961 - INFO: Changes: {
  "echo": "echo"
}
2026-02-01 23:58:32,983 - INFO: Updated file: /Users/zachgonser/Library/Metadata/CoreSpotlight/NSFileProtectionCompleteUntilFirstUserAuthentication/index.spotlightV3/Cache/2ab02f9c/2ab02f9c2c2b8fe3.txt
2026-02-01 23:58:32,983 - INFO: Changes: {
  "echo": "echo"
}
2026-02-01 23:58:32,984 - INFO: Updated file: /Users/zachgonser/Library/Metadata/CoreSpotlight/NSFileProtectionCompleteUntilFirstUserAuthentication/index.spotlightV3/Cache/2ab02f9c/2ab02f9c9231228d.txt
2026-02-01 23:58:32,984 - INFO: Changes: {
  "echo": "echo"
}
2026-02-01 23:58:33,033 - INFO: Updated file: /Users/zachgonser/Library/Caches/Homebrew/api/formula.jws.json
2026-02-01 23:58:33,033 - INFO: Changes: {
  "echo": "echo"
}
2026-02-01 23:58:33,067 - INFO: Updated file: /Users/zachgonser/Library/Caches/Homebrew/api/cask.jws.json
2026-02-01 23:58:33,067 - INFO: Changes: {
  "echo": "echo",
  "Echo": "Echo"
}
2026-02-01 23:58:33,074 - INFO: Updated file: /Users/zachgonser/Library/Caches/Homebrew/api/cask_names.before.txt
2026-02-01 23:58:33,074 - INFO: Changes: {
  "echo": "echo"
}
2026-02-01 23:58:33,075 - INFO: Updated file: /Users/zachgonser/Library/Caches/Homebrew/api/cask_names.txt
2026-02-01 23:58:33,075 - INFO: Changes: {
  "echo": "echo"
}
2026-02-01 23:58:33,233 - ERROR: Error processing /Users/zachgonser/Library/Caches/com.apple.AppleMediaServices/sap-setup-cert.txt: 'utf-8' codec can't decode byte 0x82 in position 7: invalid start byte
2026-02-01 23:58:33,236 - INFO: Update complete. Report saved to /Users/zachgonser/clawd/bot_reference_update_report.json
2026-02-01 23:59:24,473 - INFO: Updated file: /Users/zachgonser/clawd/plane_project_setup.sh
2026-02-01 23:59:24,473 - INFO: Changes: {
  "echo": "openclaw"
}
2026-02-01 23:59:24,473 - INFO: Updated file: /Users/zachgonser/clawd/retrieve-plane-items.sh
2026-02-01 23:59:24,473 - INFO: Changes: {
  "echo": "openclaw"
}
2026-02-01 23:59:24,474 - INFO: Updated file: /Users/zachgonser/clawd/plane_project_resolution_strategy.py
2026-02-01 23:59:24,474 - INFO: Changes: {
  "echo": "openclaw"
}
2026-02-01 23:59:24,474 - INFO: Updated file: /Users/zachgonser/clawd/mcp-setup.sh
2026-02-01 23:59:24,474 - INFO: Changes: {
  "echo": "openclaw"
}
2026-02-01 23:59:24,475 - INFO: Updated file: /Users/zachgonser/clawd/COMPLETE-PHASE-REVIEW.md
2026-02-01 23:59:24,475 - INFO: Changes: {
  "Echo": "OpenClaw"
}
2026-02-01 23:59:24,475 - INFO: Updated file: /Users/zachgonser/clawd/START-HERE.md
2026-02-01 23:59:24,475 - INFO: Changes: {
  "echo": "openclaw",
  "Echo": "OpenClaw"
}
2026-02-01 23:59:24,476 - INFO: Updated file: /Users/zachgonser/clawd/plane_project_backup.sh
2026-02-01 23:59:24,476 - INFO: Changes: {
  "echo": "openclaw"
}
2026-02-01 23:59:24,476 - INFO: Updated file: /Users/zachgonser/clawd/ECHO-GRAND-VISION.md
2026-02-01 23:59:24,476 - INFO: Changes: {
  "Echo": "OpenClaw"
}
2026-02-01 23:59:24,477 - INFO: Updated file: /Users/zachgonser/clawd/SKILLS-AUDIT-INDEX.md
2026-02-01 23:59:24,477 - INFO: Changes: {
  "Echo": "OpenClaw"
}
2026-02-01 23:59:24,477 - INFO: Updated file: /Users/zachgonser/clawd/plane_post_deployment_report_20260201_223309.json
2026-02-01 23:59:24,477 - INFO: Changes: {
  "Echo": "OpenClaw"
}
2026-02-01 23:59:24,478 - INFO: Updated file: /Users/zachgonser/clawd/plane_comprehensive_workflow.sh
2026-02-01 23:59:24,478 - INFO: Changes: {
  "echo": "openclaw"
}
2026-02-01 23:59:24,478 - INFO: Updated file: /Users/zachgonser/clawd/plane_autonomous_project_resolver.py
2026-02-01 23:59:24,478 - INFO: Changes: {
  "echo": "openclaw"
}
2026-02-01 23:59:24,478 - INFO: Updated file: /Users/zachgonser/clawd/bot_reference_update_report.json
2026-02-01 23:59:24,478 - INFO: Changes: {
  "echo": "openclaw",
  "Echo": "OpenClaw"
}
2026-02-01 23:59:24,478 - INFO: Updated file: /Users/zachgonser/clawd/QUALITY-REVIEW-REPORT.md
2026-02-01 23:59:24,478 - INFO: Changes: {
  "Echo": "OpenClaw"
}
2026-02-01 23:59:24,479 - INFO: Updated file: /Users/zachgonser/clawd/migration-notes.md
2026-02-01 23:59:24,479 - INFO: Changes: {
  "clawdbot": "openclaw",
  "Clawdbot": "OpenClaw",
  "Echo": "OpenClaw"
}
2026-02-01 23:59:24,479 - INFO: Updated file: /Users/zachgonser/clawd/migration_log.txt
2026-02-01 23:59:24,479 - INFO: Changes: {
  "echo": "openclaw"
}
2026-02-01 23:59:24,479 - INFO: Updated file: /Users/zachgonser/clawd/plane_mcp_test.py
2026-02-01 23:59:24,479 - INFO: Changes: {
  "echo": "openclaw"
}
2026-02-01 23:59:24,480 - INFO: Updated file: /Users/zachgonser/clawd/ECHO-STAGE-BASED-ROADMAP.md
2026-02-01 23:59:24,480 - INFO: Changes: {
  "Echo": "OpenClaw"
}
2026-02-01 23:59:24,480 - INFO: Updated file: /Users/zachgonser/clawd/VALIDATION-AUTONOMY-IMPLEMENTATION.md
2026-02-01 23:59:24,480 - INFO: Changes: {
  "Echo": "OpenClaw"
}
2026-02-01 23:59:24,480 - INFO: Updated file: /Users/zachgonser/clawd/migration_report_20260201_224614.json
2026-02-01 23:59:24,480 - INFO: Changes: {
  "echo": "openclaw"
}
2026-02-01 23:59:24,481 - INFO: Updated file: /Users/zachgonser/clawd/PHASE-4-EXECUTION.md
2026-02-01 23:59:24,481 - INFO: Changes: {
  "echo": "openclaw",
  "Echo": "OpenClaw"
}
2026-02-01 23:59:24,481 - INFO: Updated file: /Users/zachgonser/clawd/AUDIT-COMPLETION-REPORT.md
2026-02-01 23:59:24,481 - INFO: Changes: {
  "Echo": "OpenClaw"
}
2026-02-01 23:59:24,482 - INFO: Updated file: /Users/zachgonser/clawd/PHASE-3-EXECUTION.md
2026-02-01 23:59:24,482 - INFO: Changes: {
  "Echo": "OpenClaw"
}
2026-02-01 23:59:24,482 - INFO: Updated file: /Users/zachgonser/clawd/STAGE-0-VALIDATION-REPORT.md
2026-02-01 23:59:24,482 - INFO: Changes: {
  "Echo": "OpenClaw"
}
2026-02-01 23:59:24,482 - INFO: Updated file: /Users/zachgonser/clawd/MODEL-ORCHESTRATION-IMPLEMENTATION-PLAN.md
2026-02-01 23:59:24,482 - INFO: Changes: {
  "echo": "openclaw",
  "Echo": "OpenClaw"
}
2026-02-01 23:59:24,483 - INFO: Updated file: /Users/zachgonser/clawd/plane-mcp-comprehensive-setup.sh
2026-02-01 23:59:24,483 - INFO: Changes: {
  "echo": "openclaw"
}
2026-02-01 23:59:24,484 - INFO: Updated file: /Users/zachgonser/clawd/PHASE-ZERO-EXECUTION.md
2026-02-01 23:59:24,484 - INFO: Changes: {
  "echo": "openclaw",
  "Echo": "OpenClaw"
}
2026-02-01 23:59:24,484 - INFO: Updated file: /Users/zachgonser/clawd/migration_report_20260201_235815.json
2026-02-01 23:59:24,484 - INFO: Changes: {
  "echo": "openclaw"
}
2026-02-01 23:59:24,484 - INFO: Updated file: /Users/zachgonser/clawd/audit-skills.sh
2026-02-01 23:59:24,484 - INFO: Changes: {
  "echo": "openclaw",
  "Echo": "OpenClaw"
}
2026-02-01 23:59:24,484 - INFO: Updated file: /Users/zachgonser/clawd/HEARTBEAT.md
2026-02-01 23:59:24,484 - INFO: Changes: {
  "echo": "openclaw"
}
2026-02-01 23:59:24,485 - INFO: Updated file: /Users/zachgonser/clawd/FINANCIAL-MODELS.md
2026-02-01 23:59:24,485 - INFO: Changes: {
  "Echo": "OpenClaw"
}
2026-02-01 23:59:24,486 - INFO: Updated file: /Users/zachgonser/clawd/PHASE-2-EXECUTION.md
2026-02-01 23:59:24,486 - INFO: Changes: {
  "Echo": "OpenClaw"
}
2026-02-01 23:59:24,487 - INFO: Updated file: /Users/zachgonser/clawd/PHASE-5-EXECUTION.md
2026-02-01 23:59:24,487 - INFO: Changes: {
  "Echo": "OpenClaw"
}
2026-02-01 23:59:24,491 - INFO: Updated file: /Users/zachgonser/clawd/comprehensive_migration_script.py
2026-02-01 23:59:24,491 - INFO: Changes: {
  "echo": "openclaw"
}
2026-02-01 23:59:24,492 - INFO: Updated file: /Users/zachgonser/clawd/financial-data.json
2026-02-01 23:59:24,492 - INFO: Changes: {
  "Echo": "OpenClaw"
}
2026-02-01 23:59:24,492 - INFO: Updated file: /Users/zachgonser/clawd/PHASE-1-STRATEGIC-PLAN.md
2026-02-01 23:59:24,492 - INFO: Changes: {
  "echo": "openclaw",
  "Echo": "OpenClaw"
}
2026-02-01 23:59:24,492 - INFO: Updated file: /Users/zachgonser/clawd/MODEL-ORCHESTRATION-MONITORING.md
2026-02-01 23:59:24,492 - INFO: Changes: {
  "echo": "openclaw"
}
2026-02-01 23:59:24,493 - INFO: Updated file: /Users/zachgonser/clawd/migration_report_20260201_224548.json
2026-02-01 23:59:24,493 - INFO: Changes: {
  "echo": "openclaw"
}
2026-02-01 23:59:24,493 - INFO: Updated file: /Users/zachgonser/clawd/DOCUMENTATION-STATUS.md
2026-02-01 23:59:24,493 - INFO: Changes: {
  "Echo": "OpenClaw"
}
2026-02-01 23:59:24,493 - INFO: Updated file: /Users/zachgonser/clawd/migration_report_20260201_224749.json
2026-02-01 23:59:24,493 - INFO: Changes: {
  "echo": "openclaw"
}
2026-02-01 23:59:24,494 - INFO: Updated file: /Users/zachgonser/clawd/PHASE-7-EXECUTION.md
2026-02-01 23:59:24,494 - INFO: Changes: {
  "echo": "openclaw",
  "Echo": "OpenClaw"
}
2026-02-01 23:59:24,494 - INFO: Updated file: /Users/zachgonser/clawd/ECHO-STRATEGIC-PLAN.md
2026-02-01 23:59:24,494 - INFO: Changes: {
  "Echo": "OpenClaw"
}
2026-02-01 23:59:24,495 - INFO: Updated file: /Users/zachgonser/clawd/SKILLS-QUICK-REF.md
2026-02-01 23:59:24,495 - INFO: Changes: {
  "Echo": "OpenClaw"
}
2026-02-01 23:59:24,495 - INFO: Updated file: /Users/zachgonser/clawd/PHASE-ZERO-COORDINATOR-REPORT.md
2026-02-01 23:59:24,495 - INFO: Changes: {
  "echo": "openclaw"
}
2026-02-01 23:59:24,495 - INFO: Updated file: /Users/zachgonser/clawd/update_cron_jobs.py
2026-02-01 23:59:24,495 - INFO: Changes: {
  "echo": "openclaw",
  "Echo": "OpenClaw"
}
2026-02-01 23:59:24,495 - INFO: Updated file: /Users/zachgonser/clawd/SKILLS-DETAILED-BREAKDOWN.md
2026-02-01 23:59:24,495 - INFO: Changes: {
  "Echo": "OpenClaw"
}
2026-02-01 23:59:24,496 - INFO: Updated file: /Users/zachgonser/clawd/CODING-AGENT-INTEGRATION.md
2026-02-01 23:59:24,496 - INFO: Changes: {
  "echo": "openclaw",
  "Echo": "OpenClaw"
}
2026-02-01 23:59:24,496 - INFO: Updated file: /Users/zachgonser/clawd/plane-mcp-startup.sh
2026-02-01 23:59:24,496 - INFO: Changes: {
  "echo": "openclaw"
}
2026-02-01 23:59:24,496 - INFO: Updated file: /Users/zachgonser/clawd/SKILLS-AUDIT-SUMMARY.md
2026-02-01 23:59:24,496 - INFO: Changes: {
  "echo": "openclaw",
  "Echo": "OpenClaw"
}
2026-02-01 23:59:24,496 - INFO: Updated file: /Users/zachgonser/clawd/PHASE-1-EXECUTION.md
2026-02-01 23:59:24,496 - INFO: Changes: {
  "echo": "openclaw"
}
2026-02-01 23:59:24,497 - INFO: Updated file: /Users/zachgonser/clawd/PHASE-6-EXECUTION.md
2026-02-01 23:59:24,497 - INFO: Changes: {
  "Echo": "OpenClaw"
}
2026-02-01 23:59:24,497 - INFO: Updated file: /Users/zachgonser/clawd/plane_mcp_client.py
2026-02-01 23:59:24,497 - INFO: Changes: {
  "echo": "openclaw"
}
2026-02-01 23:59:24,497 - INFO: Updated file: /Users/zachgonser/clawd/VALIDATION-REPORT.md
2026-02-01 23:59:24,497 - INFO: Changes: {
  "Echo": "OpenClaw"
}
2026-02-01 23:59:24,500 - INFO: Updated file: /Users/zachgonser/clawd/plane_post_deployment_report_20260201_224318.json
2026-02-01 23:59:24,500 - INFO: Changes: {
  "Echo": "OpenClaw"
}
2026-02-01 23:59:24,500 - INFO: Updated file: /Users/zachgonser/clawd/SKILLS-AUDIT-REPORT.md
2026-02-01 23:59:24,500 - INFO: Changes: {
  "Echo": "OpenClaw"
}
2026-02-01 23:59:24,503 - INFO: Updated file: /Users/zachgonser/clawd/STAGE-1-BUSINESS-ANALYSIS.md
2026-02-01 23:59:24,503 - INFO: Changes: {
  "Echo": "OpenClaw"
}
2026-02-01 23:59:24,503 - INFO: Updated file: /Users/zachgonser/clawd/plane-mcp-list-items.json
2026-02-01 23:59:24,503 - INFO: Changes: {
  "Echo": "OpenClaw"
}
2026-02-01 23:59:24,504 - INFO: Updated file: /Users/zachgonser/clawd/DUAL-TRACK-EXECUTION-PLAN.md
2026-02-01 23:59:24,504 - INFO: Changes: {
  "Echo": "OpenClaw"
}
2026-02-01 23:59:24,504 - INFO: Updated file: /Users/zachgonser/clawd/update_bot_references.py
2026-02-01 23:59:24,504 - INFO: Changes: {
  "clawdbot": "openclaw",
  "Clawdbot": "OpenClaw",
  "moltbot": "openclaw",
  "Moltbot": "OpenClaw",
  "echo": "openclaw",
  "Echo": "OpenClaw"
}
2026-02-01 23:59:24,504 - INFO: Updated file: /Users/zachgonser/clawd/memory_migration_script.py
2026-02-01 23:59:24,504 - INFO: Changes: {
  "clawdbot": "openclaw",
  "Clawdbot": "OpenClaw"
}
2026-02-01 23:59:24,504 - INFO: Updated file: /Users/zachgonser/clawd/YOUR-MULTIMODEL-ARSENAL.md
2026-02-01 23:59:24,504 - INFO: Changes: {
  "Echo": "OpenClaw"
}
2026-02-01 23:59:24,505 - INFO: Updated file: /Users/zachgonser/clawd/OVERNIGHT-WORK-SUMMARY.md
2026-02-01 23:59:24,505 - INFO: Changes: {
  "Echo": "OpenClaw"
}
2026-02-01 23:59:24,505 - INFO: Updated file: /Users/zachgonser/clawd/INTEGRATION-SUMMARY.md
2026-02-01 23:59:24,505 - INFO: Changes: {
  "Echo": "OpenClaw"
}
2026-02-01 23:59:24,505 - INFO: Updated file: /Users/zachgonser/clawd/mcp-comprehensive-setup.sh
2026-02-01 23:59:24,505 - INFO: Changes: {
  "echo": "openclaw"
}
2026-02-01 23:59:24,506 - INFO: Updated file: /Users/zachgonser/clawd/PRIVACY-FRAMEWORK.md
2026-02-01 23:59:24,506 - INFO: Changes: {
  "Echo": "OpenClaw"
}
2026-02-01 23:59:24,507 - INFO: Updated file: /Users/zachgonser/clawd/VALIDATION-SELF-HEALING-ARCHITECTURE.md
2026-02-01 23:59:24,507 - INFO: Changes: {
  "echo": "openclaw",
  "Echo": "OpenClaw"
}
2026-02-01 23:59:24,507 - INFO: Updated file: /Users/zachgonser/clawd/audit-skills.py
2026-02-01 23:59:24,507 - INFO: Changes: {
  "echo": "openclaw",
  "Echo": "OpenClaw"
}
2026-02-01 23:59:24,507 - INFO: Updated file: /Users/zachgonser/clawd/documentation/plane-mcp-troubleshooting.md
2026-02-01 23:59:24,507 - INFO: Changes: {
  "Echo": "OpenClaw"
}
2026-02-01 23:59:24,507 - INFO: Updated file: /Users/zachgonser/clawd/monitor/DAY-7-DEPLOYMENT-COMPLETE.md
2026-02-01 23:59:24,507 - INFO: Changes: {
  "echo": "openclaw",
  "Echo": "OpenClaw"
}
2026-02-01 23:59:24,508 - INFO: Updated file: /Users/zachgonser/clawd/monitor/GO-LIVE-PLAN.md
2026-02-01 23:59:24,508 - INFO: Changes: {
  "echo": "openclaw"
}
2026-02-01 23:59:24,508 - INFO: Updated file: /Users/zachgonser/clawd/monitor/QUALITY-REVIEW.md
2026-02-01 23:59:24,508 - INFO: Changes: {
  "Echo": "OpenClaw"
}
2026-02-01 23:59:24,508 - INFO: Updated file: /Users/zachgonser/clawd/monitor/DEPLOYMENT-CHECKLIST.md
2026-02-01 23:59:24,508 - INFO: Changes: {
  "Echo": "OpenClaw"
}
2026-02-01 23:59:24,508 - INFO: Updated file: /Users/zachgonser/clawd/monitor/DEEP-CODE-REVIEW.md
2026-02-01 23:59:24,508 - INFO: Changes: {
  "Echo": "OpenClaw"
}
2026-02-01 23:59:24,509 - INFO: Updated file: /Users/zachgonser/clawd/monitor/manage.sh
2026-02-01 23:59:24,509 - INFO: Changes: {
  "echo": "openclaw"
}
2026-02-01 23:59:24,509 - INFO: Updated file: /Users/zachgonser/clawd/monitor/STATUS.md
2026-02-01 23:59:24,509 - INFO: Changes: {
  "Echo": "OpenClaw"
}
2026-02-01 23:59:24,509 - INFO: Updated file: /Users/zachgonser/clawd/monitor/DAY-7-SAFETY-ANALYSIS.md
2026-02-01 23:59:24,509 - INFO: Changes: {
  "echo": "openclaw"
}
2026-02-01 23:59:24,509 - INFO: Updated file: /Users/zachgonser/clawd/monitor/CRITICAL-BUG-FIXED.md
2026-02-01 23:59:24,509 - INFO: Changes: {
  "Echo": "OpenClaw"
}
2026-02-01 23:59:24,509 - INFO: Updated file: /Users/zachgonser/clawd/monitor/test_deployment.sh
2026-02-01 23:59:24,509 - INFO: Changes: {
  "echo": "openclaw"
}
2026-02-01 23:59:24,509 - INFO: Updated file: /Users/zachgonser/clawd/monitor/README.md
2026-02-01 23:59:24,509 - INFO: Changes: {
  "Echo": "OpenClaw"
}
2026-02-01 23:59:24,509 - INFO: Updated file: /Users/zachgonser/clawd/monitor/setup.py
2026-02-01 23:59:24,509 - INFO: Changes: {
  "Echo": "OpenClaw"
}
2026-02-01 23:59:24,510 - INFO: Updated file: /Users/zachgonser/clawd/monitor/DEPLOYMENT.md
2026-02-01 23:59:24,510 - INFO: Changes: {
  "echo": "openclaw"
}
2026-02-01 23:59:24,510 - INFO: Updated file: /Users/zachgonser/clawd/monitor/ALL-ISSUES-RESOLVED.md
2026-02-01 23:59:24,510 - INFO: Changes: {
  "echo": "openclaw"
}
2026-02-01 23:59:24,510 - INFO: Updated file: /Users/zachgonser/clawd/monitor/DEPLOYMENT-SUCCESS.md
2026-02-01 23:59:24,510 - INFO: Changes: {
  "echo": "openclaw"
}
2026-02-01 23:59:24,510 - INFO: Updated file: /Users/zachgonser/clawd/monitor/test_dry_run.sh
2026-02-01 23:59:24,510 - INFO: Changes: {
  "echo": "openclaw"
}
2026-02-01 23:59:24,510 - INFO: Updated file: /Users/zachgonser/clawd/monitor/deploy.sh
2026-02-01 23:59:24,510 - INFO: Changes: {
  "echo": "openclaw"
}
2026-02-01 23:59:24,510 - INFO: Updated file: /Users/zachgonser/clawd/monitor/VERIFICATION-COMPLETE.md
2026-02-01 23:59:24,510 - INFO: Changes: {
  "Echo": "OpenClaw"
}
2026-02-01 23:59:24,511 - INFO: Updated file: /Users/zachgonser/clawd/monitor/monitor/healers/cron_healer.py
2026-02-01 23:59:24,511 - INFO: Changes: {
  "echo": "openclaw"
}
2026-02-01 23:59:24,511 - INFO: Updated file: /Users/zachgonser/clawd/monitor/monitor/healers/gateway_healer.py
2026-02-01 23:59:24,511 - INFO: Changes: {
  "echo": "openclaw"
}
2026-02-01 23:59:24,511 - INFO: Updated file: /Users/zachgonser/clawd/monitor/monitor/healers/disk_healer.py
2026-02-01 23:59:24,511 - INFO: Changes: {
  "echo": "openclaw"
}
2026-02-01 23:59:24,511 - INFO: Updated file: /Users/zachgonser/clawd/monitor/monitor/detectors/gateway_detector.py
2026-02-01 23:59:24,511 - INFO: Changes: {
  "echo": "openclaw",
  "Echo": "OpenClaw"
}
2026-02-01 23:59:24,512 - INFO: Updated file: /Users/zachgonser/clawd/monitor/monitor/detectors/cron_detector.py
2026-02-01 23:59:24,512 - INFO: Changes: {
  "echo": "openclaw",
  "Echo": "OpenClaw"
}
2026-02-01 23:59:24,512 - INFO: Updated file: /Users/zachgonser/clawd/monitor/config/config.yaml
2026-02-01 23:59:24,512 - INFO: Changes: {
  "echo": "openclaw"
}
2026-02-01 23:59:24,512 - INFO: Updated file: /Users/zachgonser/clawd/monitor/scripts/start-monitor.sh
2026-02-01 23:59:24,512 - INFO: Changes: {
  "echo": "openclaw"
}
2026-02-01 23:59:24,512 - INFO: Updated file: /Users/zachgonser/clawd/monitor/scripts/status-monitor.sh
2026-02-01 23:59:24,512 - INFO: Changes: {
  "echo": "openclaw"
}
2026-02-01 23:59:24,512 - INFO: Updated file: /Users/zachgonser/clawd/monitor/scripts/stop-monitor.sh
2026-02-01 23:59:24,512 - INFO: Changes: {
  "echo": "openclaw"
}
2026-02-01 23:59:24,516 - INFO: Updated file: /Users/zachgonser/clawd/monitor/venv/lib/python3.9/site-packages/dotenv/cli.py
2026-02-01 23:59:24,516 - INFO: Changes: {
  "echo": "openclaw"
}
2026-02-01 23:59:24,520 - INFO: Updated file: /Users/zachgonser/clawd/monitor/venv/lib/python3.9/site-packages/pygments/lexers/rebol.py
2026-02-01 23:59:24,520 - INFO: Changes: {
  "echo": "openclaw"
}
2026-02-01 23:59:24,522 - INFO: Updated file: /Users/zachgonser/clawd/monitor/venv/lib/python3.9/site-packages/pygments/lexers/_scilab_builtins.py
2026-02-01 23:59:24,522 - INFO: Changes: {
  "echo": "openclaw"
}
2026-02-01 23:59:24,523 - INFO: Updated file: /Users/zachgonser/clawd/monitor/venv/lib/python3.9/site-packages/pygments/lexers/j.py
2026-02-01 23:59:24,523 - INFO: Changes: {
  "echo": "openclaw"
}
2026-02-01 23:59:24,530 - INFO: Updated file: /Users/zachgonser/clawd/monitor/venv/lib/python3.9/site-packages/pygments/lexers/_php_builtins.py
2026-02-01 23:59:24,530 - INFO: Changes: {
  "echo": "openclaw"
}
2026-02-01 23:59:24,531 - INFO: Updated file: /Users/zachgonser/clawd/monitor/venv/lib/python3.9/site-packages/pygments/lexers/shell.py
2026-02-01 23:59:24,531 - INFO: Changes: {
  "echo": "openclaw"
}
2026-02-01 23:59:24,535 - INFO: Updated file: /Users/zachgonser/clawd/monitor/venv/lib/python3.9/site-packages/pygments/lexers/scripting.py
2026-02-01 23:59:24,535 - INFO: Changes: {
  "echo": "openclaw"
}
2026-02-01 23:59:24,539 - INFO: Updated file: /Users/zachgonser/clawd/monitor/venv/lib/python3.9/site-packages/pygments/lexers/matlab.py
2026-02-01 23:59:24,539 - INFO: Changes: {
  "echo": "openclaw"
}
2026-02-01 23:59:24,540 - INFO: Updated file: /Users/zachgonser/clawd/monitor/venv/lib/python3.9/site-packages/pygments/lexers/_vim_builtins.py
2026-02-01 23:59:24,540 - INFO: Changes: {
  "echo": "openclaw"
}
2026-02-01 23:59:24,540 - INFO: Updated file: /Users/zachgonser/clawd/monitor/venv/lib/python3.9/site-packages/pygments/lexers/teraterm.py
2026-02-01 23:59:24,540 - INFO: Changes: {
  "echo": "openclaw"
}
2026-02-01 23:59:24,542 - INFO: Updated file: /Users/zachgonser/clawd/monitor/venv/lib/python3.9/site-packages/pygments/lexers/ncl.py
2026-02-01 23:59:24,542 - INFO: Changes: {
  "echo": "openclaw"
}
2026-02-01 23:59:24,543 - INFO: Updated file: /Users/zachgonser/clawd/monitor/venv/lib/python3.9/site-packages/pygments/lexers/_lasso_builtins.py
2026-02-01 23:59:24,543 - INFO: Changes: {
  "echo": "openclaw"
}
2026-02-01 23:59:24,544 - INFO: Updated file: /Users/zachgonser/clawd/monitor/venv/lib/python3.9/site-packages/pygments/lexers/installers.py
2026-02-01 23:59:24,544 - INFO: Changes: {
  "echo": "openclaw"
}
2026-02-01 23:59:24,547 - INFO: Updated file: /Users/zachgonser/clawd/monitor/venv/lib/python3.9/site-packages/pygments/lexers/gleam.py
2026-02-01 23:59:24,547 - INFO: Changes: {
  "echo": "openclaw"
}
2026-02-01 23:59:24,548 - INFO: Updated file: /Users/zachgonser/clawd/monitor/venv/lib/python3.9/site-packages/pygments/lexers/_cl_builtins.py
2026-02-01 23:59:24,548 - INFO: Changes: {
  "echo": "openclaw"
}
2026-02-01 23:59:24,549 - INFO: Updated file: /Users/zachgonser/clawd/monitor/venv/lib/python3.9/site-packages/pygments/lexers/php.py
2026-02-01 23:59:24,549 - INFO: Changes: {
  "echo": "openclaw"
}
2026-02-01 23:59:24,550 - INFO: Updated file: /Users/zachgonser/clawd/monitor/venv/lib/python3.9/site-packages/pygments/lexers/praat.py
2026-02-01 23:59:24,550 - INFO: Changes: {
  "echo": "openclaw"
}
2026-02-01 23:59:24,551 - INFO: Updated file: /Users/zachgonser/clawd/monitor/venv/lib/python3.9/site-packages/pygments/lexers/openscad.py
2026-02-01 23:59:24,551 - INFO: Changes: {
  "echo": "openclaw"
}
2026-02-01 23:59:24,552 - INFO: Updated file: /Users/zachgonser/clawd/monitor/venv/lib/python3.9/site-packages/pygments/lexers/macaulay2.py
2026-02-01 23:59:24,553 - INFO: Changes: {
  "echo": "openclaw",
  "Echo": "OpenClaw"
}
2026-02-01 23:59:24,572 - INFO: Updated file: /Users/zachgonser/clawd/monitor/venv/lib/python3.9/site-packages/pip/_vendor/chardet/hebrewprober.py
2026-02-01 23:59:24,572 - INFO: Changes: {
  "echo": "openclaw"
}
2026-02-01 23:59:24,606 - INFO: Updated file: /Users/zachgonser/clawd/monitor/venv/lib/python3.9/site-packages/_pytest/_argcomplete.py
2026-02-01 23:59:24,606 - INFO: Changes: {
  "echo": "openclaw"
}
2026-02-01 23:59:24,607 - INFO: Updated file: /Users/zachgonser/clawd/monitor/venv/lib/python3.9/site-packages/_pytest/capture.py
2026-02-01 23:59:24,607 - INFO: Changes: {
  "echo": "openclaw"
}
2026-02-01 23:59:24,611 - INFO: Updated file: /Users/zachgonser/clawd/memory/bloom-cron-jobs-draft.md
2026-02-01 23:59:24,611 - INFO: Changes: {
  "echo": "openclaw"
}
2026-02-01 23:59:24,611 - INFO: Updated file: /Users/zachgonser/clawd/memory/2026-02-01-plane-api-exploration.md
2026-02-01 23:59:24,611 - INFO: Changes: {
  "Echo": "OpenClaw"
}
2026-02-01 23:59:24,611 - INFO: Updated file: /Users/zachgonser/clawd/memory/2026-01-29.md
2026-02-01 23:59:24,611 - INFO: Changes: {
  "echo": "openclaw"
}
2026-02-01 23:59:24,612 - INFO: Updated file: /Users/zachgonser/clawd/memory/2026-01-30-memory-optimization-analysis.md
2026-02-01 23:59:24,612 - INFO: Changes: {
  "echo": "openclaw"
}
2026-02-01 23:59:24,612 - INFO: Updated file: /Users/zachgonser/clawd/memory/2026-01-30-ai-hardware-roadmap.md
2026-02-01 23:59:24,612 - INFO: Changes: {
  "Echo": "OpenClaw"
}
2026-02-01 23:59:24,612 - INFO: Updated file: /Users/zachgonser/clawd/memory/2026-01-29-mac-migration.md
2026-02-01 23:59:24,612 - INFO: Changes: {
  "echo": "openclaw",
  "Echo": "OpenClaw"
}
2026-02-01 23:59:24,612 - INFO: Updated file: /Users/zachgonser/clawd/memory/2026-02-01-project-tracking-tool-selection.md
2026-02-01 23:59:24,612 - INFO: Changes: {
  "echo": "openclaw",
  "Echo": "OpenClaw"
}
2026-02-01 23:59:24,613 - INFO: Updated file: /Users/zachgonser/clawd/memory/2026-01-31.md
2026-02-01 23:59:24,613 - INFO: Changes: {
  "echo": "openclaw",
  "Echo": "OpenClaw"
}
2026-02-01 23:59:24,614 - INFO: Updated file: /Users/zachgonser/clawd/memory/2026-01-30-model-defaults.md
2026-02-01 23:59:24,614 - INFO: Changes: {
  "echo": "openclaw"
}
2026-02-01 23:59:24,614 - INFO: Updated file: /Users/zachgonser/clawd/memory/zach-principles.md
2026-02-01 23:59:24,614 - INFO: Changes: {
  "Echo": "OpenClaw"
}
2026-02-01 23:59:24,614 - INFO: Updated file: /Users/zachgonser/clawd/memory/audits/windows-deep-audit-2026-01-29.md
2026-02-01 23:59:24,614 - INFO: Changes: {
  "echo": "openclaw",
  "Echo": "OpenClaw"
}
2026-02-01 23:59:24,614 - INFO: Updated file: /Users/zachgonser/clawd/memory/audits/windows-remediation-results-2026-01-30.md
2026-02-01 23:59:24,614 - INFO: Changes: {
  "echo": "openclaw",
  "Echo": "OpenClaw"
}
2026-02-01 23:59:24,614 - INFO: Updated file: /Users/zachgonser/clawd/memory/audits/windows-config-audit-2026-01-30.md
2026-02-01 23:59:24,614 - INFO: Changes: {
  "echo": "openclaw",
  "Echo": "OpenClaw"
}
2026-02-01 23:59:24,615 - INFO: Updated file: /Users/zachgonser/clawd/memory/audits/windows-remediation-summary-2026-01-30.md
2026-02-01 23:59:24,615 - INFO: Changes: {
  "echo": "openclaw"
}
2026-02-01 23:59:24,615 - INFO: Updated file: /Users/zachgonser/clawd/memory/projects/richness-upgrade.md
2026-02-01 23:59:24,615 - INFO: Changes: {
  "Echo": "OpenClaw"
}
2026-02-01 23:59:24,619 - INFO: Updated file: /Users/zachgonser/clawd/memory/archives/2026-01-migration-complete.md
2026-02-01 23:59:24,619 - INFO: Changes: {
  "Echo": "OpenClaw"
}
2026-02-01 23:59:24,619 - INFO: Updated file: /Users/zachgonser/clawd/memory/archives/2026-01/2026-01-30-early-morning-work.md
2026-02-01 23:59:24,619 - INFO: Changes: {
  "echo": "openclaw"
}
2026-02-01 23:59:24,619 - INFO: Updated file: /Users/zachgonser/clawd/memory/stanton-times/reaction-handler.md
2026-02-01 23:59:24,619 - INFO: Changes: {
  "Echo": "OpenClaw"
}
2026-02-01 23:59:24,619 - INFO: Updated file: /Users/zachgonser/clawd/memory/stanton-times/spectrum-sources.md
2026-02-01 23:59:24,619 - INFO: Changes: {
  "echo": "openclaw"
}
2026-02-01 23:59:24,619 - INFO: Updated file: /Users/zachgonser/clawd/memory/bloom-audit/BLOOM-RECOMMENDATIONS-2026-01-28.md
2026-02-01 23:59:24,619 - INFO: Changes: {
  "Echo": "OpenClaw"
}
2026-02-01 23:59:24,621 - INFO: Updated file: /Users/zachgonser/clawd/memory/bloom-audit/DEEP-DOCUMENTATION-ANALYSIS.md
2026-02-01 23:59:24,621 - INFO: Changes: {
  "echo": "openclaw"
}
2026-02-01 23:59:24,622 - INFO: Updated file: /Users/zachgonser/clawd/memory/bloom-audit/deep-dive-multiplayer.md
2026-02-01 23:59:24,622 - INFO: Changes: {
  "Echo": "OpenClaw"
}
2026-02-01 23:59:24,622 - INFO: Updated file: /Users/zachgonser/clawd/memory/bloom-audit/AUDIT-SUMMARY.md
2026-02-01 23:59:24,622 - INFO: Changes: {
  "Echo": "OpenClaw"
}
2026-02-01 23:59:24,623 - INFO: Updated file: /Users/zachgonser/clawd/memory/bloom-audit/DEEP-DIVE-VALIDATION-3.md
2026-02-01 23:59:24,623 - INFO: Changes: {
  "Echo": "OpenClaw"
}
2026-02-01 23:59:24,623 - INFO: Updated file: /Users/zachgonser/clawd/memory/bloom-audit/DEEP-DIVE-VALIDATION-2.md
2026-02-01 23:59:24,623 - INFO: Changes: {
  "Echo": "OpenClaw"
}
2026-02-01 23:59:24,624 - INFO: Updated file: /Users/zachgonser/clawd/dashboard-integration/docs/integration_plan.md
2026-02-01 23:59:24,624 - INFO: Changes: {
  "echo": "openclaw",
  "Echo": "OpenClaw"
}
2026-02-01 23:59:24,624 - INFO: Updated file: /Users/zachgonser/clawd/dashboard-integration/docs/architecture.txt
2026-02-01 23:59:24,624 - INFO: Changes: {
  "Echo": "OpenClaw"
}
2026-02-01 23:59:24,625 - INFO: Updated file: /Users/zachgonser/clawd/projects/stanton-times-agent/IDENTITY.md
2026-02-01 23:59:24,625 - INFO: Changes: {
  "echo": "openclaw"
}
2026-02-01 23:59:24,625 - INFO: Updated file: /Users/zachgonser/clawd/projects/stanton-times-agent/JOBS-UPDATE-COMPLETE.md
2026-02-01 23:59:24,625 - INFO: Changes: {
  "echo": "openclaw"
}
2026-02-01 23:59:24,625 - INFO: Updated file: /Users/zachgonser/clawd/projects/stanton-times-agent/HEARTBEAT.md
2026-02-01 23:59:24,625 - INFO: Changes: {
  "echo": "openclaw"
}
2026-02-01 23:59:24,625 - INFO: Updated file: /Users/zachgonser/clawd/projects/stanton-times-agent/SOUL.md
2026-02-01 23:59:24,625 - INFO: Changes: {
  "echo": "openclaw"
}
2026-02-01 23:59:24,625 - INFO: Updated file: /Users/zachgonser/clawd/projects/stanton-times-agent/COMPREHENSIVE-REVIEW.md
2026-02-01 23:59:24,625 - INFO: Changes: {
  "echo": "openclaw"
}
2026-02-01 23:59:24,626 - INFO: Updated file: /Users/zachgonser/clawd/projects/stanton-times-agent/config/reaction-handler.md
2026-02-01 23:59:24,626 - INFO: Changes: {
  "Echo": "OpenClaw"
}
2026-02-01 23:59:24,626 - INFO: Updated file: /Users/zachgonser/clawd/projects/stanton-times-agent/config/spectrum-sources.md
2026-02-01 23:59:24,626 - INFO: Changes: {
  "echo": "openclaw"
}
2026-02-01 23:59:24,626 - INFO: Updated file: /Users/zachgonser/clawd/tests/model-orchestration/test-1-monitoring.sh
2026-02-01 23:59:24,626 - INFO: Changes: {
  "echo": "openclaw"
}
2026-02-01 23:59:24,626 - INFO: Updated file: /Users/zachgonser/clawd/tests/model-orchestration/run-all-tests.sh
2026-02-01 23:59:24,626 - INFO: Changes: {
  "echo": "openclaw"
}
2026-02-01 23:59:24,627 - INFO: Updated file: /Users/zachgonser/clawd/tests/model-orchestration/PHASE-1-DEPLOYMENT.md
2026-02-01 23:59:24,627 - INFO: Changes: {
  "echo": "openclaw"
}
2026-02-01 23:59:24,627 - INFO: Updated file: /Users/zachgonser/clawd/tests/model-orchestration/test-1-simple.sh
2026-02-01 23:59:24,627 - INFO: Changes: {
  "echo": "openclaw"
}
2026-02-01 23:59:24,627 - INFO: Updated file: /Users/zachgonser/clawd/tests/model-orchestration/safe-ollama-call.sh
2026-02-01 23:59:24,627 - INFO: Changes: {
  "echo": "openclaw"
}
2026-02-01 23:59:24,627 - INFO: Updated file: /Users/zachgonser/clawd/tests/model-orchestration/test1-8b.sh
2026-02-01 23:59:24,627 - INFO: Changes: {
  "echo": "openclaw"
}
2026-02-01 23:59:24,627 - INFO: Updated file: /Users/zachgonser/clawd/tests/model-orchestration/SAFEGUARDS.md
2026-02-01 23:59:24,627 - INFO: Changes: {
  "Echo": "OpenClaw"
}
2026-02-01 23:59:24,628 - INFO: Updated file: /Users/zachgonser/clawd/life/areas/README.md
2026-02-01 23:59:24,628 - INFO: Changes: {
  "Clawdbot": "OpenClaw"
}
2026-02-01 23:59:24,643 - INFO: Updated file: /Users/zachgonser/clawd/plane-mcp-server/.venv/lib/python3.10/site-packages/dotenv/cli.py
2026-02-01 23:59:24,643 - INFO: Changes: {
  "echo": "openclaw"
}
2026-02-01 23:59:24,651 - INFO: Updated file: /Users/zachgonser/clawd/plane-mcp-server/.venv/lib/python3.10/site-packages/pygments/lexers/rebol.py
2026-02-01 23:59:24,651 - INFO: Changes: {
  "echo": "openclaw"
}
2026-02-01 23:59:24,656 - INFO: Updated file: /Users/zachgonser/clawd/plane-mcp-server/.venv/lib/python3.10/site-packages/pygments/lexers/_scilab_builtins.py
2026-02-01 23:59:24,656 - INFO: Changes: {
  "echo": "openclaw"
}
2026-02-01 23:59:24,657 - INFO: Updated file: /Users/zachgonser/clawd/plane-mcp-server/.venv/lib/python3.10/site-packages/pygments/lexers/j.py
2026-02-01 23:59:24,657 - INFO: Changes: {
  "echo": "openclaw"
}
2026-02-01 23:59:24,660 - INFO: Updated file: /Users/zachgonser/clawd/plane-mcp-server/.venv/lib/python3.10/site-packages/pygments/lexers/_php_builtins.py
2026-02-01 23:59:24,660 - INFO: Changes: {
  "echo": "openclaw"
}
2026-02-01 23:59:24,663 - INFO: Updated file: /Users/zachgonser/clawd/plane-mcp-server/.venv/lib/python3.10/site-packages/pygments/lexers/shell.py
2026-02-01 23:59:24,663 - INFO: Changes: {
  "echo": "openclaw"
}
2026-02-01 23:59:24,663 - INFO: Updated file: /Users/zachgonser/clawd/plane-mcp-server/.venv/lib/python3.10/site-packages/pygments/lexers/scripting.py
2026-02-01 23:59:24,663 - INFO: Changes: {
  "echo": "openclaw"
}
2026-02-01 23:59:24,665 - INFO: Updated file: /Users/zachgonser/clawd/plane-mcp-server/.venv/lib/python3.10/site-packages/pygments/lexers/matlab.py
2026-02-01 23:59:24,665 - INFO: Changes: {
  "echo": "openclaw"
}
2026-02-01 23:59:24,666 - INFO: Updated file: /Users/zachgonser/clawd/plane-mcp-server/.venv/lib/python3.10/site-packages/pygments/lexers/_vim_builtins.py
2026-02-01 23:59:24,666 - INFO: Changes: {
  "echo": "openclaw"
}
2026-02-01 23:59:24,666 - INFO: Updated file: /Users/zachgonser/clawd/plane-mcp-server/.venv/lib/python3.10/site-packages/pygments/lexers/teraterm.py
2026-02-01 23:59:24,666 - INFO: Changes: {
  "echo": "openclaw"
}
2026-02-01 23:59:24,668 - INFO: Updated file: /Users/zachgonser/clawd/plane-mcp-server/.venv/lib/python3.10/site-packages/pygments/lexers/ncl.py
2026-02-01 23:59:24,668 - INFO: Changes: {
  "echo": "openclaw"
}
2026-02-01 23:59:24,672 - INFO: Updated file: /Users/zachgonser/clawd/plane-mcp-server/.venv/lib/python3.10/site-packages/pygments/lexers/_lasso_builtins.py
2026-02-01 23:59:24,672 - INFO: Changes: {
  "echo": "openclaw"
}
2026-02-01 23:59:24,672 - INFO: Updated file: /Users/zachgonser/clawd/plane-mcp-server/.venv/lib/python3.10/site-packages/pygments/lexers/installers.py
2026-02-01 23:59:24,672 - INFO: Changes: {
  "echo": "openclaw"
}
2026-02-01 23:59:24,673 - INFO: Updated file: /Users/zachgonser/clawd/plane-mcp-server/.venv/lib/python3.10/site-packages/pygments/lexers/gleam.py
2026-02-01 23:59:24,673 - INFO: Changes: {
  "echo": "openclaw"
}
2026-02-01 23:59:24,674 - INFO: Updated file: /Users/zachgonser/clawd/plane-mcp-server/.venv/lib/python3.10/site-packages/pygments/lexers/_cl_builtins.py
2026-02-01 23:59:24,674 - INFO: Changes: {
  "echo": "openclaw"
}
2026-02-01 23:59:24,676 - INFO: Updated file: /Users/zachgonser/clawd/plane-mcp-server/.venv/lib/python3.10/site-packages/pygments/lexers/php.py
2026-02-01 23:59:24,676 - INFO: Changes: {
  "echo": "openclaw"
}
2026-02-01 23:59:24,676 - INFO: Updated file: /Users/zachgonser/clawd/plane-mcp-server/.venv/lib/python3.10/site-packages/pygments/lexers/praat.py
2026-02-01 23:59:24,676 - INFO: Changes: {
  "echo": "openclaw"
}
2026-02-01 23:59:24,678 - INFO: Updated file: /Users/zachgonser/clawd/plane-mcp-server/.venv/lib/python3.10/site-packages/pygments/lexers/openscad.py
2026-02-01 23:59:24,678 - INFO: Changes: {
  "echo": "openclaw"
}
2026-02-01 23:59:24,679 - INFO: Updated file: /Users/zachgonser/clawd/plane-mcp-server/.venv/lib/python3.10/site-packages/pygments/lexers/macaulay2.py
2026-02-01 23:59:24,679 - INFO: Changes: {
  "echo": "openclaw",
  "Echo": "OpenClaw"
}
2026-02-01 23:59:24,689 - INFO: Updated file: /Users/zachgonser/clawd/plane-mcp-server/.venv/lib/python3.10/site-packages/typer/completion.py
2026-02-01 23:59:24,689 - INFO: Changes: {
  "echo": "openclaw"
}
2026-02-01 23:59:24,689 - INFO: Updated file: /Users/zachgonser/clawd/plane-mcp-server/.venv/lib/python3.10/site-packages/typer/__init__.py
2026-02-01 23:59:24,689 - INFO: Changes: {
  "echo": "openclaw"
}
2026-02-01 23:59:24,690 - INFO: Updated file: /Users/zachgonser/clawd/plane-mcp-server/.venv/lib/python3.10/site-packages/typer/core.py
2026-02-01 23:59:24,690 - INFO: Changes: {
  "echo": "openclaw"
}
2026-02-01 23:59:24,690 - INFO: Updated file: /Users/zachgonser/clawd/plane-mcp-server/.venv/lib/python3.10/site-packages/typer/rich_utils.py
2026-02-01 23:59:24,690 - INFO: Changes: {
  "echo": "openclaw"
}
2026-02-01 23:59:24,690 - INFO: Updated file: /Users/zachgonser/clawd/plane-mcp-server/.venv/lib/python3.10/site-packages/typer/_completion_shared.py
2026-02-01 23:59:24,690 - INFO: Changes: {
  "echo": "openclaw"
}
2026-02-01 23:59:24,690 - INFO: Updated file: /Users/zachgonser/clawd/plane-mcp-server/.venv/lib/python3.10/site-packages/typer/cli.py
2026-02-01 23:59:24,690 - INFO: Changes: {
  "echo": "openclaw"
}
2026-02-01 23:59:24,702 - INFO: Updated file: /Users/zachgonser/clawd/plane-mcp-server/.venv/lib/python3.10/site-packages/docutils/parsers/rst/languages/pl.py
2026-02-01 23:59:24,702 - INFO: Changes: {
  "echo": "openclaw"
}
2026-02-01 23:59:24,709 - INFO: Updated file: /Users/zachgonser/clawd/plane-mcp-server/.venv/lib/python3.10/site-packages/docutils/languages/pl.py
2026-02-01 23:59:24,709 - INFO: Changes: {
  "echo": "openclaw"
}
2026-02-01 23:59:24,747 - INFO: Updated file: /Users/zachgonser/clawd/plane-mcp-server/.venv/lib/python3.10/site-packages/redis/commands/core.py
2026-02-01 23:59:24,747 - INFO: Changes: {
  "echo": "openclaw",
  "Echo": "OpenClaw"
}
2026-02-01 23:59:24,774 - INFO: Updated file: /Users/zachgonser/clawd/plane-mcp-server/.venv/lib/python3.10/site-packages/fastmcp/contrib/bulk_tool_caller/example.py
2026-02-01 23:59:24,774 - INFO: Changes: {
  "echo": "openclaw",
  "Echo": "OpenClaw"
}
2026-02-01 23:59:24,780 - INFO: Updated file: /Users/zachgonser/clawd/plane-mcp-server/.venv/lib/python3.10/site-packages/click/_winconsole.py
2026-02-01 23:59:24,780 - INFO: Changes: {
  "echo": "openclaw"
}
2026-02-01 23:59:24,780 - INFO: Updated file: /Users/zachgonser/clawd/plane-mcp-server/.venv/lib/python3.10/site-packages/click/globals.py
2026-02-01 23:59:24,780 - INFO: Changes: {
  "echo": "openclaw"
}
2026-02-01 23:59:24,781 - INFO: Updated file: /Users/zachgonser/clawd/plane-mcp-server/.venv/lib/python3.10/site-packages/click/__init__.py
2026-02-01 23:59:24,781 - INFO: Changes: {
  "echo": "openclaw"
}
2026-02-01 23:59:24,781 - INFO: Updated file: /Users/zachgonser/clawd/plane-mcp-server/.venv/lib/python3.10/site-packages/click/core.py
2026-02-01 23:59:24,781 - INFO: Changes: {
  "echo": "openclaw"
}
2026-02-01 23:59:24,782 - INFO: Updated file: /Users/zachgonser/clawd/plane-mcp-server/.venv/lib/python3.10/site-packages/click/termui.py
2026-02-01 23:59:24,782 - INFO: Changes: {
  "echo": "openclaw",
  "Echo": "OpenClaw"
}
2026-02-01 23:59:24,783 - INFO: Updated file: /Users/zachgonser/clawd/plane-mcp-server/.venv/lib/python3.10/site-packages/click/utils.py
2026-02-01 23:59:24,783 - INFO: Changes: {
  "echo": "openclaw"
}
2026-02-01 23:59:24,783 - INFO: Updated file: /Users/zachgonser/clawd/plane-mcp-server/.venv/lib/python3.10/site-packages/click/exceptions.py
2026-02-01 23:59:24,783 - INFO: Changes: {
  "echo": "openclaw"
}
2026-02-01 23:59:24,784 - INFO: Updated file: /Users/zachgonser/clawd/plane-mcp-server/.venv/lib/python3.10/site-packages/click/shell_completion.py
2026-02-01 23:59:24,784 - INFO: Changes: {
  "echo": "openclaw"
}
2026-02-01 23:59:24,785 - INFO: Updated file: /Users/zachgonser/clawd/plane-mcp-server/.venv/lib/python3.10/site-packages/click/_termui_impl.py
2026-02-01 23:59:24,785 - INFO: Changes: {
  "echo": "openclaw"
}
2026-02-01 23:59:24,785 - INFO: Updated file: /Users/zachgonser/clawd/plane-mcp-server/.venv/lib/python3.10/site-packages/click/testing.py
2026-02-01 23:59:24,785 - INFO: Changes: {
  "echo": "openclaw",
  "Echo": "OpenClaw"
}
2026-02-01 23:59:24,785 - INFO: Updated file: /Users/zachgonser/clawd/plane-mcp-server/.venv/lib/python3.10/site-packages/click/decorators.py
2026-02-01 23:59:24,785 - INFO: Changes: {
  "echo": "openclaw"
}
2026-02-01 23:59:24,787 - INFO: Updated file: /Users/zachgonser/clawd/plane-mcp-server/.venv/lib/python3.10/site-packages/websockets/protocol.py
2026-02-01 23:59:24,787 - INFO: Changes: {
  "echo": "openclaw",
  "Echo": "OpenClaw"
}
2026-02-01 23:59:24,788 - INFO: Updated file: /Users/zachgonser/clawd/plane-mcp-server/.venv/lib/python3.10/site-packages/websockets/legacy/protocol.py
2026-02-01 23:59:24,788 - INFO: Changes: {
  "echo": "openclaw",
  "Echo": "OpenClaw"
}
2026-02-01 23:59:24,815 - INFO: Updated file: /Users/zachgonser/clawd/plane-mcp-server/.venv/lib/python3.10/site-packages/pip/_vendor/chardet/hebrewprober.py
2026-02-01 23:59:24,815 - INFO: Changes: {
  "echo": "openclaw"
}
2026-02-01 23:59:24,836 - INFO: Updated file: /Users/zachgonser/clawd/plane-mcp-server/.venv/lib/python3.10/site-packages/fakeredis/commands.json
2026-02-01 23:59:24,836 - INFO: Changes: {
  "echo": "openclaw"
}
2026-02-01 23:59:24,837 - INFO: Updated file: /Users/zachgonser/clawd/plane-mcp-server/.venv/lib/python3.10/site-packages/fakeredis/commands_mixins/connection_mixin.py
2026-02-01 23:59:24,837 - INFO: Changes: {
  "echo": "openclaw"
}
2026-02-01 23:59:24,861 - INFO: Updated file: /Users/zachgonser/clawd/plane-mcp-server/.venv/lib/python3.10/site-packages/uvicorn/main.py
2026-02-01 23:59:24,861 - INFO: Changes: {
  "echo": "openclaw"
}
2026-02-01 23:59:24,881 - INFO: Updated file: /Users/zachgonser/clawd/plane-mcp-server/.venv/lib/python3.10/site-packages/setuptools/tests/test_wheel.py
2026-02-01 23:59:24,881 - INFO: Changes: {
  "echo": "openclaw"
}
2026-02-01 23:59:24,914 - INFO: Updated file: /Users/zachgonser/clawd/plane-mcp-server/.github/workflows/build-branch.yml
2026-02-01 23:59:24,914 - INFO: Changes: {
  "echo": "openclaw"
}
2026-02-01 23:59:24,914 - INFO: Updated file: /Users/zachgonser/clawd/plane-mcp-server/.github/workflows/publish-pypi.yml
2026-02-01 23:59:24,914 - INFO: Changes: {
  "echo": "openclaw"
}
2026-02-01 23:59:24,925 - INFO: Updated file: /Users/zachgonser/clawd/plane-mcp-server/venv/lib/python3.9/site-packages/pip/_vendor/chardet/hebrewprober.py
2026-02-01 23:59:24,925 - INFO: Changes: {
  "echo": "openclaw"
}
2026-02-01 23:59:24,950 - INFO: Updated file: /Users/zachgonser/clawd/.venv/mcp-server/lib/python3.10/site-packages/dotenv/cli.py
2026-02-01 23:59:24,950 - INFO: Changes: {
  "echo": "openclaw"
}
2026-02-01 23:59:24,953 - INFO: Updated file: /Users/zachgonser/clawd/.venv/mcp-server/lib/python3.10/site-packages/pygments/lexers/rebol.py
2026-02-01 23:59:24,953 - INFO: Changes: {
  "echo": "openclaw"
}
2026-02-01 23:59:24,955 - INFO: Updated file: /Users/zachgonser/clawd/.venv/mcp-server/lib/python3.10/site-packages/pygments/lexers/_scilab_builtins.py
2026-02-01 23:59:24,955 - INFO: Changes: {
  "echo": "openclaw"
}
2026-02-01 23:59:24,956 - INFO: Updated file: /Users/zachgonser/clawd/.venv/mcp-server/lib/python3.10/site-packages/pygments/lexers/j.py
2026-02-01 23:59:24,956 - INFO: Changes: {
  "echo": "openclaw"
}
2026-02-01 23:59:24,958 - INFO: Updated file: /Users/zachgonser/clawd/.venv/mcp-server/lib/python3.10/site-packages/pygments/lexers/_php_builtins.py
2026-02-01 23:59:24,958 - INFO: Changes: {
  "echo": "openclaw"
}
2026-02-01 23:59:24,959 - INFO: Updated file: /Users/zachgonser/clawd/.venv/mcp-server/lib/python3.10/site-packages/pygments/lexers/shell.py
2026-02-01 23:59:24,959 - INFO: Changes: {
  "echo": "openclaw"
}
2026-02-01 23:59:24,960 - INFO: Updated file: /Users/zachgonser/clawd/.venv/mcp-server/lib/python3.10/site-packages/pygments/lexers/scripting.py
2026-02-01 23:59:24,960 - INFO: Changes: {
  "echo": "openclaw"
}
2026-02-01 23:59:24,961 - INFO: Updated file: /Users/zachgonser/clawd/.venv/mcp-server/lib/python3.10/site-packages/pygments/lexers/matlab.py
2026-02-01 23:59:24,961 - INFO: Changes: {
  "echo": "openclaw"
}
2026-02-01 23:59:24,962 - INFO: Updated file: /Users/zachgonser/clawd/.venv/mcp-server/lib/python3.10/site-packages/pygments/lexers/_vim_builtins.py
2026-02-01 23:59:24,962 - INFO: Changes: {
  "echo": "openclaw"
}
2026-02-01 23:59:24,962 - INFO: Updated file: /Users/zachgonser/clawd/.venv/mcp-server/lib/python3.10/site-packages/pygments/lexers/teraterm.py
2026-02-01 23:59:24,962 - INFO: Changes: {
  "echo": "openclaw"
}
2026-02-01 23:59:24,963 - INFO: Updated file: /Users/zachgonser/clawd/.venv/mcp-server/lib/python3.10/site-packages/pygments/lexers/ncl.py
2026-02-01 23:59:24,963 - INFO: Changes: {
  "echo": "openclaw"
}
2026-02-01 23:59:24,965 - INFO: Updated file: /Users/zachgonser/clawd/.venv/mcp-server/lib/python3.10/site-packages/pygments/lexers/_lasso_builtins.py
2026-02-01 23:59:24,965 - INFO: Changes: {
  "echo": "openclaw"
}
2026-02-01 23:59:24,966 - INFO: Updated file: /Users/zachgonser/clawd/.venv/mcp-server/lib/python3.10/site-packages/pygments/lexers/installers.py
2026-02-01 23:59:24,966 - INFO: Changes: {
  "echo": "openclaw"
}
2026-02-01 23:59:24,966 - INFO: Updated file: /Users/zachgonser/clawd/.venv/mcp-server/lib/python3.10/site-packages/pygments/lexers/gleam.py
2026-02-01 23:59:24,966 - INFO: Changes: {
  "echo": "openclaw"
}
2026-02-01 23:59:24,967 - INFO: Updated file: /Users/zachgonser/clawd/.venv/mcp-server/lib/python3.10/site-packages/pygments/lexers/_cl_builtins.py
2026-02-01 23:59:24,967 - INFO: Changes: {
  "echo": "openclaw"
}
2026-02-01 23:59:24,968 - INFO: Updated file: /Users/zachgonser/clawd/.venv/mcp-server/lib/python3.10/site-packages/pygments/lexers/php.py
2026-02-01 23:59:24,968 - INFO: Changes: {
  "echo": "openclaw"
}
2026-02-01 23:59:24,969 - INFO: Updated file: /Users/zachgonser/clawd/.venv/mcp-server/lib/python3.10/site-packages/pygments/lexers/praat.py
2026-02-01 23:59:24,969 - INFO: Changes: {
  "echo": "openclaw"
}
2026-02-01 23:59:24,970 - INFO: Updated file: /Users/zachgonser/clawd/.venv/mcp-server/lib/python3.10/site-packages/pygments/lexers/openscad.py
2026-02-01 23:59:24,970 - INFO: Changes: {
  "echo": "openclaw"
}
2026-02-01 23:59:24,971 - INFO: Updated file: /Users/zachgonser/clawd/.venv/mcp-server/lib/python3.10/site-packages/pygments/lexers/macaulay2.py
2026-02-01 23:59:24,971 - INFO: Changes: {
  "echo": "openclaw",
  "Echo": "OpenClaw"
}
2026-02-01 23:59:24,977 - INFO: Updated file: /Users/zachgonser/clawd/.venv/mcp-server/lib/python3.10/site-packages/typer/completion.py
2026-02-01 23:59:24,977 - INFO: Changes: {
  "echo": "openclaw"
}
2026-02-01 23:59:24,977 - INFO: Updated file: /Users/zachgonser/clawd/.venv/mcp-server/lib/python3.10/site-packages/typer/__init__.py
2026-02-01 23:59:24,977 - INFO: Changes: {
  "echo": "openclaw"
}
2026-02-01 23:59:24,977 - INFO: Updated file: /Users/zachgonser/clawd/.venv/mcp-server/lib/python3.10/site-packages/typer/core.py
2026-02-01 23:59:24,977 - INFO: Changes: {
  "echo": "openclaw"
}
2026-02-01 23:59:24,977 - INFO: Updated file: /Users/zachgonser/clawd/.venv/mcp-server/lib/python3.10/site-packages/typer/rich_utils.py
2026-02-01 23:59:24,977 - INFO: Changes: {
  "echo": "openclaw"
}
2026-02-01 23:59:24,978 - INFO: Updated file: /Users/zachgonser/clawd/.venv/mcp-server/lib/python3.10/site-packages/typer/_completion_shared.py
2026-02-01 23:59:24,978 - INFO: Changes: {
  "echo": "openclaw"
}
2026-02-01 23:59:24,978 - INFO: Updated file: /Users/zachgonser/clawd/.venv/mcp-server/lib/python3.10/site-packages/typer/cli.py
2026-02-01 23:59:24,978 - INFO: Changes: {
  "echo": "openclaw"
}
2026-02-01 23:59:24,982 - INFO: Updated file: /Users/zachgonser/clawd/.venv/mcp-server/lib/python3.10/site-packages/docutils/parsers/rst/languages/pl.py
2026-02-01 23:59:24,982 - INFO: Changes: {
  "echo": "openclaw"
}
2026-02-01 23:59:24,986 - INFO: Updated file: /Users/zachgonser/clawd/.venv/mcp-server/lib/python3.10/site-packages/docutils/languages/pl.py
2026-02-01 23:59:24,986 - INFO: Changes: {
  "echo": "openclaw"
}
2026-02-01 23:59:25,012 - INFO: Updated file: /Users/zachgonser/clawd/.venv/mcp-server/lib/python3.10/site-packages/redis/commands/core.py
2026-02-01 23:59:25,012 - INFO: Changes: {
  "echo": "openclaw",
  "Echo": "OpenClaw"
}
2026-02-01 23:59:25,028 - INFO: Updated file: /Users/zachgonser/clawd/.venv/mcp-server/lib/python3.10/site-packages/fastmcp/contrib/bulk_tool_caller/example.py
2026-02-01 23:59:25,028 - INFO: Changes: {
  "echo": "openclaw",
  "Echo": "OpenClaw"
}
2026-02-01 23:59:25,033 - INFO: Updated file: /Users/zachgonser/clawd/.venv/mcp-server/lib/python3.10/site-packages/click/_winconsole.py
2026-02-01 23:59:25,033 - INFO: Changes: {
  "echo": "openclaw"
}
2026-02-01 23:59:25,033 - INFO: Updated file: /Users/zachgonser/clawd/.venv/mcp-server/lib/python3.10/site-packages/click/globals.py
2026-02-01 23:59:25,033 - INFO: Changes: {
  "echo": "openclaw"
}
2026-02-01 23:59:25,033 - INFO: Updated file: /Users/zachgonser/clawd/.venv/mcp-server/lib/python3.10/site-packages/click/__init__.py
2026-02-01 23:59:25,033 - INFO: Changes: {
  "echo": "openclaw"
}
2026-02-01 23:59:25,034 - INFO: Updated file: /Users/zachgonser/clawd/.venv/mcp-server/lib/python3.10/site-packages/click/core.py
2026-02-01 23:59:25,034 - INFO: Changes: {
  "echo": "openclaw"
}
2026-02-01 23:59:25,034 - INFO: Updated file: /Users/zachgonser/clawd/.venv/mcp-server/lib/python3.10/site-packages/click/termui.py
2026-02-01 23:59:25,034 - INFO: Changes: {
  "echo": "openclaw",
  "Echo": "OpenClaw"
}
2026-02-01 23:59:25,035 - INFO: Updated file: /Users/zachgonser/clawd/.venv/mcp-server/lib/python3.10/site-packages/click/utils.py
2026-02-01 23:59:25,035 - INFO: Changes: {
  "echo": "openclaw"
}
2026-02-01 23:59:25,035 - INFO: Updated file: /Users/zachgonser/clawd/.venv/mcp-server/lib/python3.10/site-packages/click/exceptions.py
2026-02-01 23:59:25,035 - INFO: Changes: {
  "echo": "openclaw"
}
2026-02-01 23:59:25,035 - INFO: Updated file: /Users/zachgonser/clawd/.venv/mcp-server/lib/python3.10/site-packages/click/shell_completion.py
2026-02-01 23:59:25,035 - INFO: Changes: {
  "echo": "openclaw"
}
2026-02-01 23:59:25,036 - INFO: Updated file: /Users/zachgonser/clawd/.venv/mcp-server/lib/python3.10/site-packages/click/_termui_impl.py
2026-02-01 23:59:25,036 - INFO: Changes: {
  "echo": "openclaw"
}
2026-02-01 23:59:25,036 - INFO: Updated file: /Users/zachgonser/clawd/.venv/mcp-server/lib/python3.10/site-packages/click/testing.py
2026-02-01 23:59:25,036 - INFO: Changes: {
  "echo": "openclaw",
  "Echo": "OpenClaw"
}
2026-02-01 23:59:25,036 - INFO: Updated file: /Users/zachgonser/clawd/.venv/mcp-server/lib/python3.10/site-packages/click/decorators.py
2026-02-01 23:59:25,036 - INFO: Changes: {
  "echo": "openclaw"
}
2026-02-01 23:59:25,037 - INFO: Updated file: /Users/zachgonser/clawd/.venv/mcp-server/lib/python3.10/site-packages/websockets/protocol.py
2026-02-01 23:59:25,037 - INFO: Changes: {
  "echo": "openclaw",
  "Echo": "OpenClaw"
}
2026-02-01 23:59:25,038 - INFO: Updated file: /Users/zachgonser/clawd/.venv/mcp-server/lib/python3.10/site-packages/websockets/legacy/protocol.py
2026-02-01 23:59:25,038 - INFO: Changes: {
  "echo": "openclaw",
  "Echo": "OpenClaw"
}
2026-02-01 23:59:25,075 - INFO: Updated file: /Users/zachgonser/clawd/.venv/mcp-server/lib/python3.10/site-packages/fakeredis/commands.json
2026-02-01 23:59:25,076 - INFO: Changes: {
  "echo": "openclaw"
}
2026-02-01 23:59:25,076 - INFO: Updated file: /Users/zachgonser/clawd/.venv/mcp-server/lib/python3.10/site-packages/fakeredis/commands_mixins/connection_mixin.py
2026-02-01 23:59:25,076 - INFO: Changes: {
  "echo": "openclaw"
}
2026-02-01 23:59:25,096 - INFO: Updated file: /Users/zachgonser/clawd/.venv/mcp-server/lib/python3.10/site-packages/uvicorn/main.py
2026-02-01 23:59:25,096 - INFO: Changes: {
  "echo": "openclaw"
}
2026-02-01 23:59:25,112 - INFO: Updated file: /Users/zachgonser/clawd/.venv/mcp-server/lib/python3.10/site-packages/setuptools/tests/test_wheel.py
2026-02-01 23:59:25,112 - INFO: Changes: {
  "echo": "openclaw"
}
2026-02-01 23:59:25,142 - INFO: Updated file: /Users/zachgonser/clawd/scripts/update-stantontimes-jobs.sh
2026-02-01 23:59:25,142 - INFO: Changes: {
  "echo": "openclaw"
}
2026-02-01 23:59:25,142 - INFO: Updated file: /Users/zachgonser/clawd/scripts/plane-project-automation.sample.json
2026-02-01 23:59:25,142 - INFO: Changes: {
  "Echo": "OpenClaw"
}
2026-02-01 23:59:25,142 - INFO: Updated file: /Users/zachgonser/clawd/scripts/bird-auth.sh
2026-02-01 23:59:25,142 - INFO: Changes: {
  "echo": "openclaw"
}
2026-02-01 23:59:25,143 - INFO: Updated file: /Users/zachgonser/clawd/scripts/refresh-twitter-cookies.sh
2026-02-01 23:59:25,143 - INFO: Changes: {
  "echo": "openclaw"
}
2026-02-01 23:59:25,143 - INFO: Updated file: /Users/zachgonser/clawd/queue/PROJECT_EXECUTION_PLAN.md
2026-02-01 23:59:25,143 - INFO: Changes: {
  "echo": "openclaw"
}
2026-02-01 23:59:25,144 - INFO: Updated file: /Users/zachgonser/clawd/plane/setup.sh
2026-02-01 23:59:25,144 - INFO: Changes: {
  "echo": "openclaw"
}
2026-02-01 23:59:25,148 - INFO: Updated file: /Users/zachgonser/clawd/plane/.github/workflows/build-branch.yml
2026-02-01 23:59:25,148 - INFO: Changes: {
  "echo": "openclaw"
}
2026-02-01 23:59:25,148 - INFO: Updated file: /Users/zachgonser/clawd/plane/.github/workflows/feature-deployment.yml
2026-02-01 23:59:25,148 - INFO: Changes: {
  "echo": "openclaw"
}
2026-02-01 23:59:25,148 - INFO: Updated file: /Users/zachgonser/clawd/plane/.github/workflows/check-version.yml
2026-02-01 23:59:25,148 - INFO: Changes: {
  "echo": "openclaw"
}
2026-02-01 23:59:25,148 - INFO: Updated file: /Users/zachgonser/clawd/plane/.github/workflows/codeql.yml
2026-02-01 23:59:25,148 - INFO: Changes: {
  "echo": "openclaw"
}
2026-02-01 23:59:25,148 - INFO: Updated file: /Users/zachgonser/clawd/plane/.github/workflows/pull-request-build-lint-web-apps.yml
2026-02-01 23:59:25,148 - INFO: Changes: {
  "echo": "openclaw"
}
2026-02-01 23:59:25,149 - INFO: Updated file: /Users/zachgonser/clawd/plane/.github/workflows/sync-repo.yml
2026-02-01 23:59:25,149 - INFO: Changes: {
  "echo": "openclaw"
}
2026-02-01 23:59:25,149 - INFO: Updated file: /Users/zachgonser/clawd/plane/.github/workflows/sync-repo-pr.yml
2026-02-01 23:59:25,149 - INFO: Changes: {
  "echo": "openclaw"
}
2026-02-01 23:59:25,149 - INFO: Updated file: /Users/zachgonser/clawd/plane/.github/workflows/copyright-check.yml
2026-02-01 23:59:25,149 - INFO: Changes: {
  "echo": "openclaw"
}
2026-02-01 23:59:25,149 - INFO: Updated file: /Users/zachgonser/clawd/plane/apps/api/bin/docker-entrypoint-api-local.sh
2026-02-01 23:59:25,149 - INFO: Changes: {
  "echo": "openclaw"
}
2026-02-01 23:59:25,149 - INFO: Updated file: /Users/zachgonser/clawd/plane/apps/api/bin/docker-entrypoint-api.sh
2026-02-01 23:59:25,149 - INFO: Changes: {
  "echo": "openclaw"
}
2026-02-01 23:59:25,170 - INFO: Updated file: /Users/zachgonser/clawd/plane/deployments/swarm/community/swarm.sh
2026-02-01 23:59:25,170 - INFO: Changes: {
  "echo": "openclaw"
}
2026-02-01 23:59:25,171 - INFO: Updated file: /Users/zachgonser/clawd/plane/deployments/aio/community/build.sh
2026-02-01 23:59:25,171 - INFO: Changes: {
  "echo": "openclaw"
}
2026-02-01 23:59:25,171 - INFO: Updated file: /Users/zachgonser/clawd/plane/deployments/aio/community/start.sh
2026-02-01 23:59:25,171 - INFO: Changes: {
  "echo": "openclaw"
}
2026-02-01 23:59:25,171 - INFO: Updated file: /Users/zachgonser/clawd/plane/deployments/cli/community/restore-airgapped.sh
2026-02-01 23:59:25,171 - INFO: Changes: {
  "echo": "openclaw"
}
2026-02-01 23:59:25,171 - INFO: Updated file: /Users/zachgonser/clawd/plane/deployments/cli/community/install.sh
2026-02-01 23:59:25,171 - INFO: Changes: {
  "echo": "openclaw"
}
2026-02-01 23:59:25,171 - INFO: Updated file: /Users/zachgonser/clawd/plane/deployments/cli/community/restore.sh
2026-02-01 23:59:25,171 - INFO: Changes: {
  "echo": "openclaw"
}
2026-02-01 23:59:25,172 - INFO: Updated file: /Users/zachgonser/clawd/plane/deployments/cli/community/migration-0.13-0.14.sh
2026-02-01 23:59:25,172 - INFO: Changes: {
  "echo": "openclaw"
}
2026-02-01 23:59:25,172 - INFO: Updated file: /Users/zachgonser/clawd/skills/README.md
2026-02-01 23:59:25,172 - INFO: Changes: {
  "Echo": "OpenClaw"
}
2026-02-01 23:59:25,173 - INFO: Updated file: /Users/zachgonser/clawd/skills/decision-trees/README.md
2026-02-01 23:59:25,173 - INFO: Changes: {
  "Echo": "OpenClaw"
}
2026-02-01 23:59:25,174 - INFO: Updated file: /Users/zachgonser/clawd/skills/references/security-patterns.md
2026-02-01 23:59:25,174 - INFO: Changes: {
  "echo": "openclaw"
}
2026-02-01 23:59:25,174 - INFO: Updated file: /Users/zachgonser/clawd/skills/save-money/SKILL.md
2026-02-01 23:59:25,174 - INFO: Changes: {
  "echo": "openclaw"
}
2026-02-01 23:59:25,175 - INFO: Updated file: /Users/zachgonser/clawd/skills/simmer-copytrading/SKILL.md
2026-02-01 23:59:25,175 - INFO: Changes: {
  "echo": "openclaw"
}
2026-02-01 23:59:25,175 - INFO: Updated file: /Users/zachgonser/clawd/skills/prezentit/SKILL.md
2026-02-01 23:59:25,175 - INFO: Changes: {
  "echo": "openclaw",
  "Echo": "OpenClaw"
}
2026-02-01 23:59:25,175 - INFO: Updated file: /Users/zachgonser/clawd/skills/scripts/setup.sh
2026-02-01 23:59:25,175 - INFO: Changes: {
  "echo": "openclaw",
  "Echo": "OpenClaw"
}
2026-02-01 23:59:25,175 - INFO: Updated file: /Users/zachgonser/clawd/skills/scripts/security-audit.sh
2026-02-01 23:59:25,175 - INFO: Changes: {
  "echo": "openclaw"
}
2026-02-01 23:59:25,175 - INFO: Updated file: /Users/zachgonser/clawd/skills/proactive-agent/SKILL.md
2026-02-01 23:59:25,175 - INFO: Changes: {
  "echo": "openclaw",
  "Echo": "OpenClaw"
}
2026-02-01 23:59:25,176 - INFO: Updated file: /Users/zachgonser/clawd/skills/proactive-agent/references/security-patterns.md
2026-02-01 23:59:25,176 - INFO: Changes: {
  "echo": "openclaw"
}
2026-02-01 23:59:25,176 - INFO: Updated file: /Users/zachgonser/clawd/skills/proactive-agent/scripts/security-audit.sh
2026-02-01 23:59:25,176 - INFO: Changes: {
  "echo": "openclaw"
}
2026-02-01 23:59:25,176 - INFO: Updated file: /Users/zachgonser/clawd/skills/proactive-agent/assets/HEARTBEAT.md
2026-02-01 23:59:25,176 - INFO: Changes: {
  "echo": "openclaw"
}
2026-02-01 23:59:25,176 - INFO: Updated file: /Users/zachgonser/clawd/skills/adhd-daily-planner/SKILL.md
2026-02-01 23:59:25,176 - INFO: Changes: {
  "echo": "openclaw"
}
2026-02-01 23:59:25,177 - INFO: Updated file: /Users/zachgonser/clawd/skills/project-management-guru-adhd/SKILL.md
2026-02-01 23:59:25,177 - INFO: Changes: {
  "echo": "openclaw"
}
2026-02-01 23:59:25,177 - INFO: Updated file: /Users/zachgonser/clawd/skills/para-second-brain/SKILL.md
2026-02-01 23:59:25,177 - INFO: Changes: {
  "Echo": "OpenClaw"
}
2026-02-01 23:59:25,177 - INFO: Updated file: /Users/zachgonser/clawd/skills/para-second-brain/scripts/setup.sh
2026-02-01 23:59:25,177 - INFO: Changes: {
  "echo": "openclaw",
  "Echo": "OpenClaw"
}
2026-02-01 23:59:25,177 - INFO: Updated file: /Users/zachgonser/clawd/skills/assets/HEARTBEAT.md
2026-02-01 23:59:25,177 - INFO: Changes: {
  "echo": "openclaw"
}
2026-02-01 23:59:25,178 - INFO: Updated file: /Users/zachgonser/clawd/validation/infrastructure-methodology.md
2026-02-01 23:59:25,178 - INFO: Changes: {
  "echo": "openclaw",
  "Echo": "OpenClaw"
}
2026-02-01 23:59:25,178 - INFO: Updated file: /Users/zachgonser/clawd/validation/business-units-methodology.md
2026-02-01 23:59:25,178 - INFO: Changes: {
  "echo": "openclaw",
  "Echo": "OpenClaw"
}
2026-02-01 23:59:25,179 - INFO: Updated file: /Users/zachgonser/clawd/validation/data-integrity-methodology.md
2026-02-01 23:59:25,179 - INFO: Changes: {
  "echo": "openclaw"
}
2026-02-01 23:59:25,179 - INFO: Updated file: /Users/zachgonser/clawd/validation/PHASE-ZERO-SUMMARY.md
2026-02-01 23:59:25,179 - INFO: Changes: {
  "echo": "openclaw"
}
2026-02-01 23:59:25,180 - INFO: Updated file: /Users/zachgonser/clawd/plane-project-tracker/setup.sh
2026-02-01 23:59:25,180 - INFO: Changes: {
  "echo": "openclaw"
}
2026-02-01 23:59:25,184 - INFO: Updated file: /Users/zachgonser/clawd/plane-project-tracker/.github/workflows/build-branch.yml
2026-02-01 23:59:25,184 - INFO: Changes: {
  "echo": "openclaw"
}
2026-02-01 23:59:25,184 - INFO: Updated file: /Users/zachgonser/clawd/plane-project-tracker/.github/workflows/feature-deployment.yml
2026-02-01 23:59:25,184 - INFO: Changes: {
  "echo": "openclaw"
}
2026-02-01 23:59:25,184 - INFO: Updated file: /Users/zachgonser/clawd/plane-project-tracker/.github/workflows/check-version.yml
2026-02-01 23:59:25,184 - INFO: Changes: {
  "echo": "openclaw"
}
2026-02-01 23:59:25,184 - INFO: Updated file: /Users/zachgonser/clawd/plane-project-tracker/.github/workflows/codeql.yml
2026-02-01 23:59:25,184 - INFO: Changes: {
  "echo": "openclaw"
}
2026-02-01 23:59:25,184 - INFO: Updated file: /Users/zachgonser/clawd/plane-project-tracker/.github/workflows/pull-request-build-lint-web-apps.yml
2026-02-01 23:59:25,184 - INFO: Changes: {
  "echo": "openclaw"
}
2026-02-01 23:59:25,184 - INFO: Updated file: /Users/zachgonser/clawd/plane-project-tracker/.github/workflows/sync-repo.yml
2026-02-01 23:59:25,184 - INFO: Changes: {
  "echo": "openclaw"
}
2026-02-01 23:59:25,184 - INFO: Updated file: /Users/zachgonser/clawd/plane-project-tracker/.github/workflows/sync-repo-pr.yml
2026-02-01 23:59:25,184 - INFO: Changes: {
  "echo": "openclaw"
}
2026-02-01 23:59:25,184 - INFO: Updated file: /Users/zachgonser/clawd/plane-project-tracker/.github/workflows/copyright-check.yml
2026-02-01 23:59:25,184 - INFO: Changes: {
  "echo": "openclaw"
}
2026-02-01 23:59:25,185 - INFO: Updated file: /Users/zachgonser/clawd/plane-project-tracker/apps/api/bin/docker-entrypoint-api-local.sh
2026-02-01 23:59:25,185 - INFO: Changes: {
  "echo": "openclaw"
}
2026-02-01 23:59:25,185 - INFO: Updated file: /Users/zachgonser/clawd/plane-project-tracker/apps/api/bin/docker-entrypoint-api.sh
2026-02-01 23:59:25,185 - INFO: Changes: {
  "echo": "openclaw"
}
2026-02-01 23:59:25,208 - INFO: Updated file: /Users/zachgonser/clawd/plane-project-tracker/deployments/swarm/community/swarm.sh
2026-02-01 23:59:25,208 - INFO: Changes: {
  "echo": "openclaw"
}
2026-02-01 23:59:25,208 - INFO: Updated file: /Users/zachgonser/clawd/plane-project-tracker/deployments/aio/community/build.sh
2026-02-01 23:59:25,208 - INFO: Changes: {
  "echo": "openclaw"
}
2026-02-01 23:59:25,208 - INFO: Updated file: /Users/zachgonser/clawd/plane-project-tracker/deployments/aio/community/start.sh
2026-02-01 23:59:25,208 - INFO: Changes: {
  "echo": "openclaw"
}
2026-02-01 23:59:25,208 - INFO: Updated file: /Users/zachgonser/clawd/plane-project-tracker/deployments/cli/community/restore-airgapped.sh
2026-02-01 23:59:25,208 - INFO: Changes: {
  "echo": "openclaw"
}
2026-02-01 23:59:25,208 - INFO: Updated file: /Users/zachgonser/clawd/plane-project-tracker/deployments/cli/community/install.sh
2026-02-01 23:59:25,208 - INFO: Changes: {
  "echo": "openclaw"
}
2026-02-01 23:59:25,209 - INFO: Updated file: /Users/zachgonser/clawd/plane-project-tracker/deployments/cli/community/restore.sh
2026-02-01 23:59:25,209 - INFO: Changes: {
  "echo": "openclaw"
}
2026-02-01 23:59:25,209 - INFO: Updated file: /Users/zachgonser/clawd/plane-project-tracker/deployments/cli/community/migration-0.13-0.14.sh
2026-02-01 23:59:25,209 - INFO: Changes: {
  "echo": "openclaw"
}
2026-02-01 23:59:25,209 - INFO: Updated file: /Users/zachgonser/clawd/queue-management-system/setup_project.sh
2026-02-01 23:59:25,209 - INFO: Changes: {
  "echo": "openclaw"
}
2026-02-01 23:59:25,211 - INFO: Updated file: /Users/zachgonser/Library/Application Support/Firefox/Profiles/9ez1stn7.default-release/targeting.snapshot.json
2026-02-01 23:59:25,211 - INFO: Changes: {
  "Clawdbot": "OpenClaw"
}
2026-02-01 23:59:25,216 - ERROR: Error processing /Users/zachgonser/Library/Application Support/discord/Service Worker/CacheStorage/63fc7e4cfcc88165b53fe27bdbf48bdde7611b44/index.txt: 'utf-8' codec can't decode byte 0x80 in position 54: invalid start byte
2026-02-01 23:59:25,216 - ERROR: Error processing /Users/zachgonser/Library/Application Support/discord/Service Worker/CacheStorage/7d571773fef4871f82ca0457379cf2a39317562f/index.txt: 'utf-8' codec can't decode byte 0x80 in position 54: invalid start byte
2026-02-01 23:59:25,216 - INFO: Updated file: /Users/zachgonser/Library/Application Support/discord/sentry/scope_v3.json
2026-02-01 23:59:25,216 - INFO: Changes: {
  "Moltbot": "OpenClaw"
}
2026-02-01 23:59:25,219 - INFO: Updated file: /Users/zachgonser/Library/Application Support/discord/0.0.374/modules/discord_spellcheck/node_modules/node-addon-api/doc/async_worker.md
2026-02-01 23:59:25,219 - INFO: Changes: {
  "echo": "openclaw",
  "Echo": "OpenClaw"
}
2026-02-01 23:59:25,221 - INFO: Updated file: /Users/zachgonser/Library/Application Support/discord/0.0.374/modules/discord_spellcheck/node_modules/glob/README.md
2026-02-01 23:59:25,221 - INFO: Changes: {
  "echo": "openclaw"
}
2026-02-01 23:59:25,221 - INFO: Updated file: /Users/zachgonser/Library/Application Support/discord/0.0.374/modules/discord_rpc/node_modules/ws/README.md
2026-02-01 23:59:25,221 - INFO: Changes: {
  "echo": "openclaw"
}
2026-02-01 23:59:25,229 - INFO: Updated file: /Users/zachgonser/Library/Application Support/com.openai.atlas/browser-data/host/ZxcvbnData/3/english_wikipedia.txt
2026-02-01 23:59:25,229 - INFO: Changes: {
  "echo": "openclaw"
}
2026-02-01 23:59:25,230 - INFO: Updated file: /Users/zachgonser/Library/Application Support/com.openai.atlas/browser-data/host/ZxcvbnData/3/female_names.txt
2026-02-01 23:59:25,230 - INFO: Changes: {
  "echo": "openclaw"
}
2026-02-01 23:59:25,231 - INFO: Updated file: /Users/zachgonser/Library/Application Support/com.openai.atlas/browser-data/host/ZxcvbnData/3/passwords.txt
2026-02-01 23:59:25,231 - INFO: Changes: {
  "echo": "openclaw"
}
2026-02-01 23:59:25,233 - INFO: Updated file: /Users/zachgonser/Library/Application Support/com.openai.atlas/browser-data/host/ZxcvbnData/3/us_tv_and_film.txt
2026-02-01 23:59:25,233 - INFO: Changes: {
  "echo": "openclaw"
}
2026-02-01 23:59:25,235 - INFO: Updated file: /Users/zachgonser/Library/Application Support/com.openai.atlas/browser-data/host/ZxcvbnData/3/surnames.txt
2026-02-01 23:59:25,235 - INFO: Changes: {
  "echo": "openclaw"
}
2026-02-01 23:59:25,243 - ERROR: Error processing /Users/zachgonser/Library/Application Support/Google/Chrome/Default/Service Worker/CacheStorage/bd1c4d03a881bd4b56183475e9bd7806830c983b/index.txt: 'utf-8' codec can't decode byte 0x89 in position 1: invalid start byte
2026-02-01 23:59:25,247 - INFO: Updated file: /Users/zachgonser/Library/Application Support/Google/Chrome/Default/Extensions/fdpohaocaechififmbbbbbknoalclacl/8.6_0/_locales/es/messages.json
2026-02-01 23:59:25,247 - INFO: Changes: {
  "echo": "openclaw"
}
2026-02-01 23:59:25,252 - INFO: Updated file: /Users/zachgonser/Library/Application Support/Google/Chrome/Default/Extensions/dnhpnfgdlenaccegplpojghhmaamnnfp/4.6.1_0/localization/compiled/pl.json
2026-02-01 23:59:25,252 - INFO: Changes: {
  "echo": "openclaw"
}
2026-02-01 23:59:25,259 - INFO: Updated file: /Users/zachgonser/Library/Application Support/Google/Chrome/Default/Extensions/mmioliijnhnoblpgimnlajmefafdfilb/2.5.0_0/_locales/pt_BR/messages.json
2026-02-01 23:59:25,259 - INFO: Changes: {
  "echo": "openclaw"
}
2026-02-01 23:59:25,299 - INFO: Updated file: /Users/zachgonser/Library/Application Support/Google/Chrome/Default/Extensions/nkbihfbeogaeaoehlefnkodbefgpgknn/13.15.0_0/snaps/gator-permissions-snap.json
2026-02-01 23:59:25,300 - INFO: Changes: {
  "Echo": "OpenClaw"
}
2026-02-01 23:59:25,324 - INFO: Updated file: /Users/zachgonser/Library/Application Support/Google/Chrome/Default/Extensions/nkbihfbeogaeaoehlefnkodbefgpgknn/13.15.0_0/snaps/bitcoin-wallet-snap.json
2026-02-01 23:59:25,324 - INFO: Changes: {
  "echo": "openclaw"
}
2026-02-01 23:59:25,339 - INFO: Updated file: /Users/zachgonser/Library/Application Support/Google/Chrome/Default/Extensions/nkbihfbeogaeaoehlefnkodbefgpgknn/13.15.0_0/_locales/es_419/messages.json
2026-02-01 23:59:25,339 - INFO: Changes: {
  "echo": "openclaw"
}
2026-02-01 23:59:25,373 - INFO: Updated file: /Users/zachgonser/Library/Application Support/Google/Chrome/Default/Extensions/nkbihfbeogaeaoehlefnkodbefgpgknn/13.15.0_0/_locales/es/messages.json
2026-02-01 23:59:25,373 - INFO: Changes: {
  "echo": "openclaw"
}
2026-02-01 23:59:25,379 - INFO: Updated file: /Users/zachgonser/Library/Application Support/Google/Chrome/ZxcvbnData/3/english_wikipedia.txt
2026-02-01 23:59:25,379 - INFO: Changes: {
  "echo": "openclaw"
}
2026-02-01 23:59:25,381 - INFO: Updated file: /Users/zachgonser/Library/Application Support/Google/Chrome/ZxcvbnData/3/female_names.txt
2026-02-01 23:59:25,381 - INFO: Changes: {
  "echo": "openclaw"
}
2026-02-01 23:59:25,382 - INFO: Updated file: /Users/zachgonser/Library/Application Support/Google/Chrome/ZxcvbnData/3/passwords.txt
2026-02-01 23:59:25,382 - INFO: Changes: {
  "echo": "openclaw"
}
2026-02-01 23:59:25,383 - INFO: Updated file: /Users/zachgonser/Library/Application Support/Google/Chrome/ZxcvbnData/3/us_tv_and_film.txt
2026-02-01 23:59:25,383 - INFO: Changes: {
  "echo": "openclaw"
}
2026-02-01 23:59:25,384 - INFO: Updated file: /Users/zachgonser/Library/Application Support/Google/Chrome/ZxcvbnData/3/surnames.txt
2026-02-01 23:59:25,384 - INFO: Changes: {
  "echo": "openclaw"
}
2026-02-01 23:59:25,386 - INFO: Updated file: /Users/zachgonser/Library/Application Support/Claude/Claude Extensions/ant.dir.gh.wonderwhy-er.desktopcommandermcp/README.md
2026-02-01 23:59:25,386 - INFO: Changes: {
  "echo": "openclaw"
}
2026-02-01 23:59:25,389 - INFO: Updated file: /Users/zachgonser/Library/Application Support/Claude/Claude Extensions/ant.dir.gh.wonderwhy-er.desktopcommandermcp/node_modules/lodash.flatten/package.json
2026-02-01 23:59:25,389 - INFO: Changes: {
  "echo": "openclaw"
}
2026-02-01 23:59:25,390 - INFO: Updated file: /Users/zachgonser/Library/Application Support/Claude/Claude Extensions/ant.dir.gh.wonderwhy-er.desktopcommandermcp/node_modules/get-stdin/readme.md
2026-02-01 23:59:25,390 - INFO: Changes: {
  "echo": "openclaw"
}
2026-02-01 23:59:25,390 - INFO: Updated file: /Users/zachgonser/Library/Application Support/Claude/Claude Extensions/ant.dir.gh.wonderwhy-er.desktopcommandermcp/node_modules/get-stdin/package.json
2026-02-01 23:59:25,390 - INFO: Changes: {
  "echo": "openclaw"
}
2026-02-01 23:59:25,390 - INFO: Updated file: /Users/zachgonser/Library/Application Support/Claude/Claude Extensions/ant.dir.gh.wonderwhy-er.desktopcommandermcp/node_modules/duplexer2/node_modules/safe-buffer/README.md
2026-02-01 23:59:25,390 - INFO: Changes: {
  "echo": "openclaw"
}
2026-02-01 23:59:25,392 - INFO: Updated file: /Users/zachgonser/Library/Application Support/Claude/Claude Extensions/ant.dir.gh.wonderwhy-er.desktopcommandermcp/node_modules/lodash.groupby/package.json
2026-02-01 23:59:25,392 - INFO: Changes: {
  "echo": "openclaw"
}
2026-02-01 23:59:25,393 - INFO: Updated file: /Users/zachgonser/Library/Application Support/Claude/Claude Extensions/ant.dir.gh.wonderwhy-er.desktopcommandermcp/node_modules/lodash.union/package.json
2026-02-01 23:59:25,393 - INFO: Changes: {
  "echo": "openclaw"
}
2026-02-01 23:59:25,394 - INFO: Updated file: /Users/zachgonser/Library/Application Support/Claude/Claude Extensions/ant.dir.gh.wonderwhy-er.desktopcommandermcp/node_modules/lodash.isfunction/package.json
2026-02-01 23:59:25,394 - INFO: Changes: {
  "echo": "openclaw"
}
2026-02-01 23:59:25,395 - INFO: Updated file: /Users/zachgonser/Library/Application Support/Claude/Claude Extensions/ant.dir.gh.wonderwhy-er.desktopcommandermcp/node_modules/rimraf/node_modules/glob/README.md
2026-02-01 23:59:25,395 - INFO: Changes: {
  "echo": "openclaw"
}
2026-02-01 23:59:25,398 - INFO: Updated file: /Users/zachgonser/Library/Application Support/Claude/Claude Extensions/ant.dir.gh.wonderwhy-er.desktopcommandermcp/node_modules/lodash.isboolean/package.json
2026-02-01 23:59:25,398 - INFO: Changes: {
  "echo": "openclaw"
}
2026-02-01 23:59:25,399 - INFO: Updated file: /Users/zachgonser/Library/Application Support/Claude/Claude Extensions/ant.dir.gh.wonderwhy-er.desktopcommandermcp/node_modules/crc-32/README.md
2026-02-01 23:59:25,399 - INFO: Changes: {
  "echo": "openclaw"
}
2026-02-01 23:59:25,401 - INFO: Updated file: /Users/zachgonser/Library/Application Support/Claude/Claude Extensions/ant.dir.gh.wonderwhy-er.desktopcommandermcp/node_modules/safe-buffer/README.md
2026-02-01 23:59:25,401 - INFO: Changes: {
  "echo": "openclaw"
}
2026-02-01 23:59:25,403 - INFO: Updated file: /Users/zachgonser/Library/Application Support/Claude/Claude Extensions/ant.dir.gh.wonderwhy-er.desktopcommandermcp/node_modules/marked/man/marked.1.txt
2026-02-01 23:59:25,403 - INFO: Changes: {
  "echo": "openclaw"
}
2026-02-01 23:59:25,403 - INFO: Updated file: /Users/zachgonser/Library/Application Support/Claude/Claude Extensions/ant.dir.gh.wonderwhy-er.desktopcommandermcp/node_modules/socks-proxy-agent/README.md
2026-02-01 23:59:25,403 - INFO: Changes: {
  "echo": "openclaw"
}
2026-02-01 23:59:25,404 - INFO: Updated file: /Users/zachgonser/Library/Application Support/Claude/Claude Extensions/ant.dir.gh.wonderwhy-er.desktopcommandermcp/node_modules/date-fns/package.json
2026-02-01 23:59:25,404 - INFO: Changes: {
  "echo": "openclaw"
}
2026-02-01 23:59:25,409 - INFO: Updated file: /Users/zachgonser/Library/Application Support/Claude/Claude Extensions/ant.dir.gh.wonderwhy-er.desktopcommandermcp/node_modules/chokidar/README.md
2026-02-01 23:59:25,409 - INFO: Changes: {
  "echo": "openclaw"
}
2026-02-01 23:59:25,417 - INFO: Updated file: /Users/zachgonser/Library/Application Support/Claude/Claude Extensions/ant.dir.gh.wonderwhy-er.desktopcommandermcp/node_modules/devtools-protocol/json/browser_protocol.json
2026-02-01 23:59:25,417 - INFO: Changes: {
  "echo": "openclaw"
}
2026-02-01 23:59:25,423 - INFO: Updated file: /Users/zachgonser/Library/Application Support/Claude/Claude Extensions/ant.dir.gh.wonderwhy-er.desktopcommandermcp/node_modules/lodash.difference/package.json
2026-02-01 23:59:25,423 - INFO: Changes: {
  "echo": "openclaw"
}
2026-02-01 23:59:25,423 - INFO: Updated file: /Users/zachgonser/Library/Application Support/Claude/Claude Extensions/ant.dir.gh.wonderwhy-er.desktopcommandermcp/node_modules/util-deprecate/package.json
2026-02-01 23:59:25,423 - INFO: Changes: {
  "echo": "openclaw"
}
2026-02-01 23:59:25,424 - INFO: Updated file: /Users/zachgonser/Library/Application Support/Claude/Claude Extensions/ant.dir.gh.wonderwhy-er.desktopcommandermcp/node_modules/lodash.isnil/package.json
2026-02-01 23:59:25,424 - INFO: Changes: {
  "echo": "openclaw"
}
2026-02-01 23:59:25,425 - INFO: Updated file: /Users/zachgonser/Library/Application Support/Claude/Claude Extensions/ant.dir.gh.wonderwhy-er.desktopcommandermcp/node_modules/lodash.isundefined/package.json
2026-02-01 23:59:25,425 - INFO: Changes: {
  "echo": "openclaw"
}
2026-02-01 23:59:25,426 - INFO: Updated file: /Users/zachgonser/Library/Application Support/Claude/Claude Extensions/ant.dir.gh.wonderwhy-er.desktopcommandermcp/node_modules/@modelcontextprotocol/sdk/package.json
2026-02-01 23:59:25,426 - INFO: Changes: {
  "echo": "openclaw"
}
2026-02-01 23:59:25,428 - INFO: Updated file: /Users/zachgonser/Library/Application Support/Claude/Claude Extensions/ant.dir.gh.wonderwhy-er.desktopcommandermcp/node_modules/xmlchars/package.json
2026-02-01 23:59:25,428 - INFO: Changes: {
  "echo": "openclaw"
}
2026-02-01 23:59:25,430 - INFO: Updated file: /Users/zachgonser/Library/Application Support/Claude/Claude Extensions/ant.dir.gh.wonderwhy-er.desktopcommandermcp/node_modules/unzipper/node_modules/safe-buffer/README.md
2026-02-01 23:59:25,430 - INFO: Changes: {
  "echo": "openclaw"
}
2026-02-01 23:59:25,430 - INFO: Updated file: /Users/zachgonser/Library/Application Support/Claude/Claude Extensions/ant.dir.gh.wonderwhy-er.desktopcommandermcp/node_modules/micromark-extension-gfm-table/readme.md
2026-02-01 23:59:25,430 - INFO: Changes: {
  "Echo": "OpenClaw"
}
2026-02-01 23:59:25,432 - INFO: Updated file: /Users/zachgonser/Library/Application Support/Claude/Claude Extensions/ant.dir.gh.wonderwhy-er.desktopcommandermcp/node_modules/jszip/node_modules/safe-buffer/README.md
2026-02-01 23:59:25,432 - INFO: Changes: {
  "echo": "openclaw"
}
2026-02-01 23:59:25,432 - INFO: Updated file: /Users/zachgonser/Library/Application Support/Claude/Claude Extensions/ant.dir.gh.wonderwhy-er.desktopcommandermcp/node_modules/lodash.isplainobject/package.json
2026-02-01 23:59:25,432 - INFO: Changes: {
  "echo": "openclaw"
}
2026-02-01 23:59:25,433 - INFO: Updated file: /Users/zachgonser/Library/Application Support/Claude/Claude Extensions/ant.dir.gh.wonderwhy-er.desktopcommandermcp/node_modules/zip-stream/node_modules/glob/README.md
2026-02-01 23:59:25,433 - INFO: Changes: {
  "echo": "openclaw"
}
2026-02-01 23:59:25,434 - INFO: Updated file: /Users/zachgonser/Library/Application Support/Claude/Claude Extensions/ant.dir.gh.wonderwhy-er.desktopcommandermcp/node_modules/lodash.escaperegexp/package.json
2026-02-01 23:59:25,434 - INFO: Changes: {
  "echo": "openclaw"
}
2026-02-01 23:59:25,436 - INFO: Updated file: /Users/zachgonser/Library/Application Support/Claude/Claude Extensions/ant.dir.gh.wonderwhy-er.desktopcommandermcp/node_modules/lodash.isequal/package.json
2026-02-01 23:59:25,436 - INFO: Changes: {
  "echo": "openclaw"
}
2026-02-01 23:59:25,438 - INFO: Updated file: /Users/zachgonser/Library/Application Support/Claude/Claude Extensions/ant.dir.gh.wonderwhy-er.desktopcommandermcp/node_modules/glob/README.md
2026-02-01 23:59:25,438 - INFO: Changes: {
  "echo": "openclaw"
}
2026-02-01 23:59:25,439 - INFO: Updated file: /Users/zachgonser/Library/Application Support/Claude/Claude Extensions/ant.dir.gh.wonderwhy-er.desktopcommandermcp/node_modules/@pdf-lib/standard-fonts/lib/Times-Italic.compressed.json
2026-02-01 23:59:25,439 - INFO: Changes: {
  "echo": "openclaw"
}
2026-02-01 23:59:25,440 - INFO: Updated file: /Users/zachgonser/Library/Application Support/Claude/Claude Extensions/ant.dir.gh.wonderwhy-er.desktopcommandermcp/node_modules/@pdf-lib/standard-fonts/es/Times-Italic.compressed.json
2026-02-01 23:59:25,440 - INFO: Changes: {
  "echo": "openclaw"
}
2026-02-01 23:59:25,441 - INFO: Updated file: /Users/zachgonser/Library/Application Support/Claude/Claude Extensions/ant.dir.gh.wonderwhy-er.desktopcommandermcp/node_modules/https-proxy-agent/README.md
2026-02-01 23:59:25,441 - INFO: Changes: {
  "echo": "openclaw"
}
2026-02-01 23:59:25,442 - INFO: Updated file: /Users/zachgonser/Library/Application Support/Claude/Claude Extensions/ant.dir.gh.wonderwhy-er.desktopcommandermcp/node_modules/streamx/README.md
2026-02-01 23:59:25,442 - INFO: Changes: {
  "echo": "openclaw"
}
2026-02-01 23:59:25,442 - INFO: Updated file: /Users/zachgonser/Library/Application Support/Claude/Claude Extensions/ant.dir.gh.wonderwhy-er.desktopcommandermcp/node_modules/lazystream/node_modules/safe-buffer/README.md
2026-02-01 23:59:25,442 - INFO: Changes: {
  "echo": "openclaw"
}
2026-02-01 23:59:25,443 - INFO: Updated file: /Users/zachgonser/Library/Application Support/Claude/Claude Extensions/ant.dir.gh.wonderwhy-er.desktopcommandermcp/node_modules/yauzl/README.md
2026-02-01 23:59:25,443 - INFO: Changes: {
  "echo": "openclaw"
}
2026-02-01 23:59:25,444 - INFO: Updated file: /Users/zachgonser/Library/Application Support/Claude/Claude Extensions/ant.dir.gh.wonderwhy-er.desktopcommandermcp/node_modules/archiver-utils/node_modules/safe-buffer/README.md
2026-02-01 23:59:25,444 - INFO: Changes: {
  "echo": "openclaw"
}
2026-02-01 23:59:25,445 - INFO: Updated file: /Users/zachgonser/Library/Application Support/Claude/Claude Extensions/ant.dir.gh.wonderwhy-er.desktopcommandermcp/node_modules/archiver-utils/node_modules/glob/README.md
2026-02-01 23:59:25,445 - INFO: Changes: {
  "echo": "openclaw"
}
2026-02-01 23:59:25,447 - INFO: Updated file: /Users/zachgonser/Library/Application Support/Claude/Claude Extensions/ant.dir.gh.wonderwhy-er.desktopcommandermcp/node_modules/lodash.defaults/package.json
2026-02-01 23:59:25,447 - INFO: Changes: {
  "echo": "openclaw"
}
2026-02-01 23:59:25,447 - INFO: Updated file: /Users/zachgonser/Library/Application Support/Claude/Claude Extensions/ant.dir.gh.wonderwhy-er.desktopcommandermcp/node_modules/dequal/package.json
2026-02-01 23:59:25,447 - INFO: Changes: {
  "echo": "openclaw"
}
2026-02-01 23:59:25,448 - INFO: Updated file: /Users/zachgonser/Library/Application Support/Claude/Claude Extensions/ant.dir.gh.wonderwhy-er.desktopcommandermcp/node_modules/braces/README.md
2026-02-01 23:59:25,448 - INFO: Changes: {
  "echo": "openclaw"
}
2026-02-01 23:59:25,451 - INFO: Updated file: /Users/zachgonser/Library/Application Support/Claude/Claude Extensions/ant.dir.gh.wonderwhy-er.desktopcommandermcp/node_modules/ws/README.md
2026-02-01 23:59:25,451 - INFO: Changes: {
  "echo": "openclaw"
}
2026-02-01 23:59:25,452 - INFO: Updated file: /Users/zachgonser/Library/Application Support/Claude/Claude Extensions/ant.dir.gh.wonderwhy-er.desktopcommandermcp/node_modules/lodash.uniq/package.json
2026-02-01 23:59:25,452 - INFO: Changes: {
  "echo": "openclaw"
}
2026-02-01 23:59:25,454 - INFO: Updated file: /Users/zachgonser/Library/Application Support/Claude/Claude Extensions/context7/package.json
2026-02-01 23:59:25,454 - INFO: Changes: {
  "echo": "openclaw"
}
2026-02-01 23:59:25,455 - INFO: Updated file: /Users/zachgonser/Library/Application Support/Claude/Claude Extensions/context7/node_modules/undici/package.json
2026-02-01 23:59:25,455 - INFO: Changes: {
  "echo": "openclaw"
}
2026-02-01 23:59:25,456 - INFO: Updated file: /Users/zachgonser/Library/Application Support/Claude/Claude Extensions/context7/node_modules/@modelcontextprotocol/sdk/package.json
2026-02-01 23:59:25,456 - INFO: Changes: {
  "echo": "openclaw"
}
2026-02-01 23:59:25,458 - INFO: Updated file: /Users/zachgonser/Library/Application Support/Claude/Claude Extensions/context7/.github/workflows/release.yml
2026-02-01 23:59:25,458 - INFO: Changes: {
  "echo": "openclaw"
}
2026-02-01 23:59:25,461 - INFO: Updated file: /Users/zachgonser/Library/Application Support/Claude/Claude Extensions/ant.dir.gh.explorium-ai.agentsource/node_modules/safe-buffer/README.md
2026-02-01 23:59:25,461 - INFO: Changes: {
  "echo": "openclaw"
}
2026-02-01 23:59:25,462 - INFO: Updated file: /Users/zachgonser/Library/Application Support/Claude/Claude Extensions/ant.dir.gh.explorium-ai.agentsource/node_modules/undici/package.json
2026-02-01 23:59:25,462 - INFO: Changes: {
  "echo": "openclaw"
}
2026-02-01 23:59:25,463 - INFO: Updated file: /Users/zachgonser/Library/Application Support/Claude/Claude Extensions/ant.dir.gh.explorium-ai.agentsource/node_modules/undici/docs/docs/api/Debug.md
2026-02-01 23:59:25,463 - INFO: Changes: {
  "echo": "openclaw"
}
2026-02-01 23:59:25,463 - INFO: Updated file: /Users/zachgonser/Library/Application Support/Claude/Claude Extensions/ant.dir.gh.explorium-ai.agentsource/node_modules/undici/docs/docs/api/WebSocket.md
2026-02-01 23:59:25,463 - INFO: Changes: {
  "echo": "openclaw"
}
2026-02-01 23:59:25,464 - INFO: Updated file: /Users/zachgonser/Library/Application Support/Claude/Claude Extensions/ant.dir.gh.explorium-ai.agentsource/node_modules/undici/docs/docs/api/MockPool.md
2026-02-01 23:59:25,464 - INFO: Changes: {
  "echo": "openclaw"
}
2026-02-01 23:59:25,464 - INFO: Updated file: /Users/zachgonser/Library/Application Support/Claude/Claude Extensions/ant.dir.gh.explorium-ai.agentsource/node_modules/undici/docs/docs/api/Dispatcher.md
2026-02-01 23:59:25,464 - INFO: Changes: {
  "echo": "openclaw",
  "Echo": "OpenClaw"
}
2026-02-01 23:59:25,469 - INFO: Updated file: /Users/zachgonser/Library/Application Support/Claude/Claude Extensions/ant.dir.gh.explorium-ai.agentsource/node_modules/@modelcontextprotocol/sdk/package.json
2026-02-01 23:59:25,469 - INFO: Changes: {
  "echo": "openclaw"
}
2026-02-01 23:59:25,478 - INFO: Updated file: /Users/zachgonser/Library/Application Support/Claude/Claude Extensions/ant.dir.gh.explorium-ai.agentsource/.github/workflows/release.yml
2026-02-01 23:59:25,478 - INFO: Changes: {
  "echo": "openclaw"
}
2026-02-01 23:59:25,481 - INFO: Updated file: /Users/zachgonser/Library/Application Support/Claude/Claude Extensions/ant.dir.gh.docling-project.docling-mcp/lib/click/_winconsole.py
2026-02-01 23:59:25,481 - INFO: Changes: {
  "echo": "openclaw"
}
2026-02-01 23:59:25,481 - INFO: Updated file: /Users/zachgonser/Library/Application Support/Claude/Claude Extensions/ant.dir.gh.docling-project.docling-mcp/lib/click/globals.py
2026-02-01 23:59:25,481 - INFO: Changes: {
  "echo": "openclaw"
}
2026-02-01 23:59:25,481 - INFO: Updated file: /Users/zachgonser/Library/Application Support/Claude/Claude Extensions/ant.dir.gh.docling-project.docling-mcp/lib/click/__init__.py
2026-02-01 23:59:25,481 - INFO: Changes: {
  "echo": "openclaw"
}
2026-02-01 23:59:25,482 - INFO: Updated file: /Users/zachgonser/Library/Application Support/Claude/Claude Extensions/ant.dir.gh.docling-project.docling-mcp/lib/click/core.py
2026-02-01 23:59:25,482 - INFO: Changes: {
  "echo": "openclaw"
}
2026-02-01 23:59:25,483 - INFO: Updated file: /Users/zachgonser/Library/Application Support/Claude/Claude Extensions/ant.dir.gh.docling-project.docling-mcp/lib/click/termui.py
2026-02-01 23:59:25,483 - INFO: Changes: {
  "echo": "openclaw",
  "Echo": "OpenClaw"
}
2026-02-01 23:59:25,483 - INFO: Updated file: /Users/zachgonser/Library/Application Support/Claude/Claude Extensions/ant.dir.gh.docling-project.docling-mcp/lib/click/utils.py
2026-02-01 23:59:25,483 - INFO: Changes: {
  "echo": "openclaw"
}
2026-02-01 23:59:25,483 - INFO: Updated file: /Users/zachgonser/Library/Application Support/Claude/Claude Extensions/ant.dir.gh.docling-project.docling-mcp/lib/click/exceptions.py
2026-02-01 23:59:25,483 - INFO: Changes: {
  "echo": "openclaw"
}
2026-02-01 23:59:25,483 - INFO: Updated file: /Users/zachgonser/Library/Application Support/Claude/Claude Extensions/ant.dir.gh.docling-project.docling-mcp/lib/click/shell_completion.py
2026-02-01 23:59:25,483 - INFO: Changes: {
  "echo": "openclaw"
}
2026-02-01 23:59:25,483 - INFO: Updated file: /Users/zachgonser/Library/Application Support/Claude/Claude Extensions/ant.dir.gh.docling-project.docling-mcp/lib/click/_termui_impl.py
2026-02-01 23:59:25,483 - INFO: Changes: {
  "echo": "openclaw"
}
2026-02-01 23:59:25,484 - INFO: Updated file: /Users/zachgonser/Library/Application Support/Claude/Claude Extensions/ant.dir.gh.docling-project.docling-mcp/lib/click/testing.py
2026-02-01 23:59:25,484 - INFO: Changes: {
  "echo": "openclaw",
  "Echo": "OpenClaw"
}
2026-02-01 23:59:25,484 - INFO: Updated file: /Users/zachgonser/Library/Application Support/Claude/Claude Extensions/ant.dir.gh.docling-project.docling-mcp/lib/click/decorators.py
2026-02-01 23:59:25,484 - INFO: Changes: {
  "echo": "openclaw"
}
2026-02-01 23:59:25,484 - INFO: Updated file: /Users/zachgonser/Library/Application Support/Claude/Claude Extensions/ant.dir.gh.docling-project.docling-mcp/lib/userpath/shells.py
2026-02-01 23:59:25,484 - INFO: Changes: {
  "echo": "openclaw"
}
2026-02-01 23:59:25,484 - INFO: Updated file: /Users/zachgonser/Library/Application Support/Claude/Claude Extensions/ant.dir.gh.docling-project.docling-mcp/lib/userpath/cli.py
2026-02-01 23:59:25,484 - INFO: Changes: {
  "echo": "openclaw"
}
2026-02-01 23:59:25,489 - INFO: Updated file: /Users/zachgonser/Library/Application Support/Claude/local-agent-mode-sessions/12365c22-48ee-482a-a6b1-b4eafdd99dda/ecd5b55b-e9e9-409e-ae0d-36e5cb9ff463/local_6b2fba18-2e26-4ef3-a427-29bee97ad819/.claude/shell-snapshots/snapshot-bash-1769747806190-b7g49u.sh
2026-02-01 23:59:25,489 - INFO: Changes: {
  "echo": "openclaw"
}
2026-02-01 23:59:25,505 - INFO: Updated file: /Users/zachgonser/Library/Application Support/obsidian/adblock/easyprivacy.txt
2026-02-01 23:59:25,505 - INFO: Changes: {
  "echo": "openclaw"
}
2026-02-01 23:59:25,514 - INFO: Updated file: /Users/zachgonser/Library/Application Support/obsidian/adblock/easylist.txt
2026-02-01 23:59:25,514 - INFO: Changes: {
  "echo": "openclaw"
}
2026-02-01 23:59:25,514 - ERROR: Error processing /Users/zachgonser/Library/Application Support/obsidian/Service Worker/CacheStorage/c5da713306265d3ddb39d7826332dee09cc35b7d/index.txt: 'utf-8' codec can't decode byte 0x80 in position 61: invalid start byte
2026-02-01 23:59:25,515 - ERROR: Error processing /Users/zachgonser/Library/Daemon Containers/47155CAC-D33D-4816-9C66-B29BCC5C5BD8/Data/Library/Caches/com.apple.AppleMediaServices/sap-setup-cert.txt: 'utf-8' codec can't decode byte 0x82 in position 7: invalid start byte
2026-02-01 23:59:25,518 - INFO: Updated file: /Users/zachgonser/Library/Python/3.9/lib/python/site-packages/docker/models/containers.py
2026-02-01 23:59:25,518 - INFO: Changes: {
  "echo": "openclaw"
}
2026-02-01 23:59:25,520 - INFO: Updated file: /Users/zachgonser/Library/Python/3.9/lib/python/site-packages/dotenv/cli.py
2026-02-01 23:59:25,520 - INFO: Changes: {
  "echo": "openclaw"
}
2026-02-01 23:59:25,554 - INFO: Updated file: /Users/zachgonser/Library/Mobile Documents/iCloud~md~obsidian/Documents/Projects/SlurpNet/00_Project_Overview.md
2026-02-01 23:59:25,554 - INFO: Changes: {
  "echo": "openclaw"
}
2026-02-01 23:59:25,555 - ERROR: Error processing /Users/zachgonser/Library/Mobile Documents/com~apple~CloudDocs/carta-backup-codes.txt: [Errno 11] Resource deadlock avoided
2026-02-01 23:59:25,555 - ERROR: Error processing /Users/zachgonser/Library/Mobile Documents/com~apple~CloudDocs/configuration.yml: [Errno 11] Resource deadlock avoided
2026-02-01 23:59:25,555 - ERROR: Error processing /Users/zachgonser/Library/Mobile Documents/com~apple~CloudDocs/text.txt: [Errno 11] Resource deadlock avoided
2026-02-01 23:59:25,555 - ERROR: Error processing /Users/zachgonser/Library/Mobile Documents/com~apple~CloudDocs/movies.yml: [Errno 11] Resource deadlock avoided
2026-02-01 23:59:25,555 - ERROR: Error processing /Users/zachgonser/Library/Mobile Documents/com~apple~CloudDocs/Downloads/[BakaBT.166649v0] [REVO] The Borrower Arrietty [BD,1080p,FLAC-Dual][10bit].txt: [Errno 11] Resource deadlock avoided
2026-02-01 23:59:25,555 - ERROR: Error processing /Users/zachgonser/Library/Mobile Documents/com~apple~CloudDocs/Downloads/secrets.yaml: [Errno 11] Resource deadlock avoided
2026-02-01 23:59:25,555 - ERROR: Error processing /Users/zachgonser/Library/Mobile Documents/com~apple~CloudDocs/Downloads/configuration.yaml: [Errno 11] Resource deadlock avoided
2026-02-01 23:59:25,555 - ERROR: Error processing /Users/zachgonser/Library/Mobile Documents/com~apple~CloudDocs/Downloads/Legends/1.0.0/atmosphere/contents/01001F5010DFA000/cheats/7FCAD279539DE183.txt: [Errno 11] Resource deadlock avoided
2026-02-01 23:59:25,555 - ERROR: Error processing /Users/zachgonser/Library/Mobile Documents/com~apple~CloudDocs/Downloads/Legends/1.0.1/atmosphere/contents/01001F5010DFA000/cheats/5E42071600D2BF1D.txt: [Errno 11] Resource deadlock avoided
2026-02-01 23:59:25,556 - ERROR: Error processing /Users/zachgonser/Library/Mobile Documents/com~apple~CloudDocs/Downloads/Legends/1.1.0/atmosphere/contents/01001F5010DFA000/cheats/66F15C281EFA7ADD.txt: [Errno 11] Resource deadlock avoided
2026-02-01 23:59:25,556 - ERROR: Error processing /Users/zachgonser/Library/Mobile Documents/com~apple~CloudDocs/Downloads/Legends/1.0.2/atmosphere/contents/01001F5010DFA000/cheats/BEF291F2639F7AFE.txt: [Errno 11] Resource deadlock avoided
2026-02-01 23:59:25,556 - ERROR: Error processing /Users/zachgonser/Library/Mobile Documents/com~apple~CloudDocs/Downloads/switch/tinfoil/socket.json: [Errno 11] Resource deadlock avoided
2026-02-01 23:59:25,556 - ERROR: Error processing /Users/zachgonser/Library/Mobile Documents/com~apple~CloudDocs/Downloads/switch/tinfoil/db/cheats.json: [Errno 11] Resource deadlock avoided
2026-02-01 23:59:25,556 - ERROR: Error processing /Users/zachgonser/Library/Mobile Documents/com~apple~CloudDocs/Downloads/switch/tinfoil/db/titles.US.en.json: [Errno 11] Resource deadlock avoided
2026-02-01 23:59:25,556 - ERROR: Error processing /Users/zachgonser/Library/Mobile Documents/iCloud~is~workflow~my~workflows/Documents/UpdateKit/Configuration.json: [Errno 11] Resource deadlock avoided
2026-02-01 23:59:25,556 - ERROR: Error processing /Users/zachgonser/Library/Mobile Documents/iCloud~is~workflow~my~workflows/Documents/Swing Updater/Configuration.json: [Errno 11] Resource deadlock avoided
2026-02-01 23:59:25,556 - ERROR: Error processing /Users/zachgonser/Library/Mobile Documents/iCloud~is~workflow~my~workflows/Documents/Swing Updater/Version.txt: [Errno 11] Resource deadlock avoided
2026-02-01 23:59:25,556 - ERROR: Error processing /Users/zachgonser/Library/Mobile Documents/iCloud~is~workflow~my~workflows/Documents/Swing Updater/SFU/Swing Updater.json: [Errno 11] Resource deadlock avoided
2026-02-01 23:59:25,558 - ERROR: Error processing /Users/zachgonser/Library/Containers/com.apple.weather.widget/Data/Library/Caches/com.apple.AppleMediaServices/sap-setup-cert.txt: 'utf-8' codec can't decode byte 0x82 in position 7: invalid start byte
2026-02-01 23:59:25,558 - ERROR: Error processing /Users/zachgonser/Library/Containers/com.apple.Safari/Data/Library/Caches/com.apple.AppleMediaServices/sap-setup-cert.txt: 'utf-8' codec can't decode byte 0x82 in position 7: invalid start byte
2026-02-01 23:59:25,558 - ERROR: Error processing /Users/zachgonser/Library/Containers/com.apple.AppStore/Data/Library/Caches/com.apple.AppleMediaServices/sap-setup-cert.txt: 'utf-8' codec can't decode byte 0x82 in position 7: invalid start byte
2026-02-01 23:59:25,572 - INFO: Updated file: /Users/zachgonser/Library/Containers/com.apple.AppleMediaServicesUI.UtilityExtension/Data/tmp/bundle/5C418294-DACD-4F25-B319-A529BB79A60E.bundle/JetPackResourceBundles/7B3E3EF0-30AD-45A0-B0DD-92C9F4438E07/A346CA28-DB13-4EE3-80EC-51578CEF66B2/localizations.json
2026-02-01 23:59:25,572 - INFO: Changes: {
  "echo": "openclaw"
}
2026-02-01 23:59:25,580 - INFO: Updated file: /Users/zachgonser/Library/Containers/com.apple.AppleMediaServicesUI.UtilityExtension/Data/tmp/bundle/5C418294-DACD-4F25-B319-A529BB79A60E.bundle/JetPackResourceBundles/7B3E3EF0-30AD-45A0-B0DD-92C9F4438E07/A346CA28-DB13-4EE3-80EC-51578CEF66B2/localizationV2/pl.json
2026-02-01 23:59:25,580 - INFO: Changes: {
  "echo": "openclaw"
}
2026-02-01 23:59:25,588 - INFO: Updated file: /Users/zachgonser/Library/Containers/com.apple.AppleMediaServicesUI.UtilityExtension/Data/tmp/bundle/5C418294-DACD-4F25-B319-A529BB79A60E.bundle/JetPackResourceBundles/7B3E3EF0-30AD-45A0-B0DD-92C9F4438E07/A346CA28-DB13-4EE3-80EC-51578CEF66B2/localizationV2/pl-pl.json
2026-02-01 23:59:25,588 - INFO: Changes: {
  "echo": "openclaw"
}
2026-02-01 23:59:25,599 - ERROR: Error processing /Users/zachgonser/Library/Containers/com.apple.stocks.widget/Data/Library/Caches/com.apple.AppleMediaServices/sap-setup-cert.txt: 'utf-8' codec can't decode byte 0x82 in position 7: invalid start byte
2026-02-01 23:59:25,613 - INFO: Updated file: /Users/zachgonser/Library/Metadata/CoreSpotlight/NSFileProtectionCompleteUntilFirstUserAuthentication/index.spotlightV3/Cache/2ab02f9c/2ab02f9c9c98a4d5.txt
2026-02-01 23:59:25,613 - INFO: Changes: {
  "echo": "openclaw"
}
2026-02-01 23:59:25,620 - INFO: Updated file: /Users/zachgonser/Library/Metadata/CoreSpotlight/NSFileProtectionCompleteUntilFirstUserAuthentication/index.spotlightV3/Cache/2ab02f9c/2ab02f9cfb0dca94.txt
2026-02-01 23:59:25,620 - INFO: Changes: {
  "echo": "openclaw"
}
2026-02-01 23:59:25,622 - INFO: Updated file: /Users/zachgonser/Library/Metadata/CoreSpotlight/NSFileProtectionCompleteUntilFirstUserAuthentication/index.spotlightV3/Cache/2ab02f9c/2ab02f9c5e7e425e.txt
2026-02-01 23:59:25,622 - INFO: Changes: {
  "echo": "openclaw"
}
2026-02-01 23:59:25,630 - INFO: Updated file: /Users/zachgonser/Library/Metadata/CoreSpotlight/NSFileProtectionCompleteUntilFirstUserAuthentication/index.spotlightV3/Cache/2ab02f9c/2ab02f9c6d2bb8d4.txt
2026-02-01 23:59:25,630 - INFO: Changes: {
  "Echo": "OpenClaw"
}
2026-02-01 23:59:25,636 - INFO: Updated file: /Users/zachgonser/Library/Metadata/CoreSpotlight/NSFileProtectionCompleteUntilFirstUserAuthentication/index.spotlightV3/Cache/2ab02f9c/2ab02f9c7e70fbc0.txt
2026-02-01 23:59:25,636 - INFO: Changes: {
  "echo": "openclaw"
}
2026-02-01 23:59:25,638 - INFO: Updated file: /Users/zachgonser/Library/Metadata/CoreSpotlight/NSFileProtectionCompleteUntilFirstUserAuthentication/index.spotlightV3/Cache/2ab02f9c/2ab02f9c49bf7044.txt
2026-02-01 23:59:25,638 - INFO: Changes: {
  "echo": "openclaw"
}
2026-02-01 23:59:25,640 - INFO: Updated file: /Users/zachgonser/Library/Metadata/CoreSpotlight/NSFileProtectionCompleteUntilFirstUserAuthentication/index.spotlightV3/Cache/2ab02f9c/2ab02f9c9ce6c4a9.txt
2026-02-01 23:59:25,640 - INFO: Changes: {
  "echo": "openclaw"
}
2026-02-01 23:59:25,642 - INFO: Updated file: /Users/zachgonser/Library/Metadata/CoreSpotlight/NSFileProtectionCompleteUntilFirstUserAuthentication/index.spotlightV3/Cache/2ab02f9c/2ab02f9c5eff5d70.txt
2026-02-01 23:59:25,642 - INFO: Changes: {
  "echo": "openclaw"
}
2026-02-01 23:59:25,645 - INFO: Updated file: /Users/zachgonser/Library/Metadata/CoreSpotlight/NSFileProtectionCompleteUntilFirstUserAuthentication/index.spotlightV3/Cache/2ab02f9c/2ab02f9c65489285.txt
2026-02-01 23:59:25,645 - INFO: Changes: {
  "echo": "openclaw"
}
2026-02-01 23:59:25,647 - INFO: Updated file: /Users/zachgonser/Library/Metadata/CoreSpotlight/NSFileProtectionCompleteUntilFirstUserAuthentication/index.spotlightV3/Cache/2ab02f9c/2ab02f9c5aff475d.txt
2026-02-01 23:59:25,647 - INFO: Changes: {
  "echo": "openclaw"
}
2026-02-01 23:59:25,649 - INFO: Updated file: /Users/zachgonser/Library/Metadata/CoreSpotlight/NSFileProtectionCompleteUntilFirstUserAuthentication/index.spotlightV3/Cache/2ab02f9c/2ab02f9c8ce95b59.txt
2026-02-01 23:59:25,649 - INFO: Changes: {
  "echo": "openclaw"
}
2026-02-01 23:59:25,660 - INFO: Updated file: /Users/zachgonser/Library/Metadata/CoreSpotlight/NSFileProtectionCompleteUntilFirstUserAuthentication/index.spotlightV3/Cache/2ab02f9c/2ab02f9c3d6579aa.txt
2026-02-01 23:59:25,660 - INFO: Changes: {
  "echo": "openclaw"
}
2026-02-01 23:59:25,661 - INFO: Updated file: /Users/zachgonser/Library/Metadata/CoreSpotlight/NSFileProtectionCompleteUntilFirstUserAuthentication/index.spotlightV3/Cache/2ab02f9c/2ab02f9cbaeed497.txt
2026-02-01 23:59:25,661 - INFO: Changes: {
  "echo": "openclaw"
}
2026-02-01 23:59:25,663 - INFO: Updated file: /Users/zachgonser/Library/Metadata/CoreSpotlight/NSFileProtectionCompleteUntilFirstUserAuthentication/index.spotlightV3/Cache/2ab02f9c/2ab02f9c0b3e40cb.txt
2026-02-01 23:59:25,663 - INFO: Changes: {
  "echo": "openclaw"
}
2026-02-01 23:59:25,677 - INFO: Updated file: /Users/zachgonser/Library/Metadata/CoreSpotlight/NSFileProtectionCompleteUntilFirstUserAuthentication/index.spotlightV3/Cache/2ab02f9c/2ab02f9cf3fd3cb6.txt
2026-02-01 23:59:25,677 - INFO: Changes: {
  "echo": "openclaw"
}
2026-02-01 23:59:25,678 - INFO: Updated file: /Users/zachgonser/Library/Metadata/CoreSpotlight/NSFileProtectionCompleteUntilFirstUserAuthentication/index.spotlightV3/Cache/2ab02f9c/2ab02f9ca2ad35ad.txt
2026-02-01 23:59:25,678 - INFO: Changes: {
  "echo": "openclaw"
}
2026-02-01 23:59:25,680 - INFO: Updated file: /Users/zachgonser/Library/Metadata/CoreSpotlight/NSFileProtectionCompleteUntilFirstUserAuthentication/index.spotlightV3/Cache/2ab02f9c/2ab02f9c594caba4.txt
2026-02-01 23:59:25,680 - INFO: Changes: {
  "echo": "openclaw"
}
2026-02-01 23:59:25,680 - INFO: Updated file: /Users/zachgonser/Library/Metadata/CoreSpotlight/NSFileProtectionCompleteUntilFirstUserAuthentication/index.spotlightV3/Cache/2ab02f9c/2ab02f9c718c7058.txt
2026-02-01 23:59:25,681 - INFO: Changes: {
  "echo": "openclaw"
}
2026-02-01 23:59:25,684 - INFO: Updated file: /Users/zachgonser/Library/Metadata/CoreSpotlight/NSFileProtectionCompleteUntilFirstUserAuthentication/index.spotlightV3/Cache/2ab02f9c/2ab02f9c21d28500.txt
2026-02-01 23:59:25,684 - INFO: Changes: {
  "echo": "openclaw"
}
2026-02-01 23:59:25,693 - INFO: Updated file: /Users/zachgonser/Library/Metadata/CoreSpotlight/NSFileProtectionCompleteUntilFirstUserAuthentication/index.spotlightV3/Cache/2ab02f9c/2ab02f9cac0f18f3.txt
2026-02-01 23:59:25,693 - INFO: Changes: {
  "echo": "openclaw"
}
2026-02-01 23:59:25,702 - INFO: Updated file: /Users/zachgonser/Library/Metadata/CoreSpotlight/NSFileProtectionCompleteUntilFirstUserAuthentication/index.spotlightV3/Cache/2ab02f9c/2ab02f9c3910509c.txt
2026-02-01 23:59:25,702 - INFO: Changes: {
  "echo": "openclaw"
}
2026-02-01 23:59:25,710 - INFO: Updated file: /Users/zachgonser/Library/Metadata/CoreSpotlight/NSFileProtectionCompleteUntilFirstUserAuthentication/index.spotlightV3/Cache/2ab02f9c/2ab02f9c2c2b8fe3.txt
2026-02-01 23:59:25,710 - INFO: Changes: {
  "echo": "openclaw"
}
2026-02-01 23:59:25,713 - INFO: Updated file: /Users/zachgonser/Library/Metadata/CoreSpotlight/NSFileProtectionCompleteUntilFirstUserAuthentication/index.spotlightV3/Cache/2ab02f9c/2ab02f9c9231228d.txt
2026-02-01 23:59:25,713 - INFO: Changes: {
  "echo": "openclaw"
}
2026-02-01 23:59:25,864 - INFO: Updated file: /Users/zachgonser/Library/Caches/Homebrew/api/formula.jws.json
2026-02-01 23:59:25,864 - INFO: Changes: {
  "echo": "openclaw"
}
2026-02-01 23:59:25,960 - INFO: Updated file: /Users/zachgonser/Library/Caches/Homebrew/api/cask.jws.json
2026-02-01 23:59:25,960 - INFO: Changes: {
  "echo": "openclaw",
  "Echo": "OpenClaw"
}
2026-02-01 23:59:25,966 - INFO: Updated file: /Users/zachgonser/Library/Caches/Homebrew/api/cask_names.before.txt
2026-02-01 23:59:25,966 - INFO: Changes: {
  "echo": "openclaw"
}
2026-02-01 23:59:25,967 - INFO: Updated file: /Users/zachgonser/Library/Caches/Homebrew/api/cask_names.txt
2026-02-01 23:59:25,967 - INFO: Changes: {
  "echo": "openclaw"
}
2026-02-01 23:59:26,037 - ERROR: Error processing /Users/zachgonser/Library/Caches/com.apple.AppleMediaServices/sap-setup-cert.txt: 'utf-8' codec can't decode byte 0x82 in position 7: invalid start byte
2026-02-01 23:59:26,037 - INFO: Update complete. Report saved to /Users/zachgonser/clawd/bot_reference_update_report.json
